SAMN11090937	SRR8699939	SRX5495533	SAMN11090937	SRS4465144	PRJNA483458	SRP155742	PRJNA9506	SRA747708	GSM3661986_r1	GSM3661986	GSM3661986	GSE117857	SINGLE	cDNA	TRANSCRIPTOMIC	RNA-Seq		NextSeq 500	ILLUMINA	656550548.0	8638823.0	3702	Arabidopsis thaliana	EV_B5_Rep1	NextSeq 500 sequencing; GSM3661986: EV_B5_Rep1; Arabidopsis thaliana; RNA-Seq	Genome-wide validation of the direct regulated targets for 33 nitrogen-early response transcription factors	NextSeq 500 sequencing; GSM3661986: EV_B5_Rep1; Arabidopsis thaliana; RNA-Seq	EV_B5_Rep1	d3de4e70c62946cd0a1717c73e57a176	316346715	ftp.sra.ebi.ac.uk/vol1/fastq/SRR869/009/SRR8699939/SRR8699939.fastq.gz	ftp.sra.ebi.ac.uk/vol1/fastq/SRR869/009/SRR8699939/SRR8699939.fastq.gz	fasp.sra.ebi.ac.uk:/vol1/fastq/SRR869/009/SRR8699939/SRR8699939.fastq.gz
SAMN11090936	SRR8699940	SRX5495534	SAMN11090936	SRS4465145	PRJNA483458	SRP155742	PRJNA9506	SRA747708	GSM3661987_r1	GSM3661987	GSM3661987	GSE117857	SINGLE	cDNA	TRANSCRIPTOMIC	RNA-Seq		NextSeq 500	ILLUMINA	671218852.0	8831827.0	3702	Arabidopsis thaliana	WRKY18_B5_Rep1	NextSeq 500 sequencing; GSM3661987: WRKY18_B5_Rep1; Arabidopsis thaliana; RNA-Seq	Genome-wide validation of the direct regulated targets for 33 nitrogen-early response transcription factors	NextSeq 500 sequencing; GSM3661987: WRKY18_B5_Rep1; Arabidopsis thaliana; RNA-Seq	WRKY18_B5_Rep1	c27e9bb38f429bb95dadceac9a36b03a	326923645	ftp.sra.ebi.ac.uk/vol1/fastq/SRR869/000/SRR8699940/SRR8699940.fastq.gz	ftp.sra.ebi.ac.uk/vol1/fastq/SRR869/000/SRR8699940/SRR8699940.fastq.gz	fasp.sra.ebi.ac.uk:/vol1/fastq/SRR869/000/SRR8699940/SRR8699940.fastq.gz
SAMN11090935	SRR8699941	SRX5495535	SAMN11090935	SRS4465146	PRJNA483458	SRP155742	PRJNA9506	SRA747708	GSM3661988_r1	GSM3661988	GSM3661988	GSE117857	SINGLE	cDNA	TRANSCRIPTOMIC	RNA-Seq		NextSeq 500	ILLUMINA	534461412.0	7032387.0	3702	Arabidopsis thaliana	NAP_B5_Rep1	NextSeq 500 sequencing; GSM3661988: NAP_B5_Rep1; Arabidopsis thaliana; RNA-Seq	Genome-wide validation of the direct regulated targets for 33 nitrogen-early response transcription factors	NextSeq 500 sequencing; GSM3661988: NAP_B5_Rep1; Arabidopsis thaliana; RNA-Seq	NAP_B5_Rep1	b40c6555d13e4966fac6198e673118a0	255438440	ftp.sra.ebi.ac.uk/vol1/fastq/SRR869/001/SRR8699941/SRR8699941.fastq.gz	ftp.sra.ebi.ac.uk/vol1/fastq/SRR869/001/SRR8699941/SRR8699941.fastq.gz	fasp.sra.ebi.ac.uk:/vol1/fastq/SRR869/001/SRR8699941/SRR8699941.fastq.gz
SAMN11090934	SRR8699942	SRX5495536	SAMN11090934	SRS4465147	PRJNA483458	SRP155742	PRJNA9506	SRA747708	GSM3661989_r1	GSM3661989	GSM3661989	GSE117857	SINGLE	cDNA	TRANSCRIPTOMIC	RNA-Seq		NextSeq 500	ILLUMINA	680317952.0	8951552.0	3702	Arabidopsis thaliana	HAT22_B5_Rep1	NextSeq 500 sequencing; GSM3661989: HAT22_B5_Rep1; Arabidopsis thaliana; RNA-Seq	Genome-wide validation of the direct regulated targets for 33 nitrogen-early response transcription factors	NextSeq 500 sequencing; GSM3661989: HAT22_B5_Rep1; Arabidopsis thaliana; RNA-Seq	HAT22_B5_Rep1	4f34d48c9d883b972c9fa90f0a4d4b1c	335220670	ftp.sra.ebi.ac.uk/vol1/fastq/SRR869/002/SRR8699942/SRR8699942.fastq.gz	ftp.sra.ebi.ac.uk/vol1/fastq/SRR869/002/SRR8699942/SRR8699942.fastq.gz	fasp.sra.ebi.ac.uk:/vol1/fastq/SRR869/002/SRR8699942/SRR8699942.fastq.gz
SAMN11090933	SRR8699943	SRX5495537	SAMN11090933	SRS4465148	PRJNA483458	SRP155742	PRJNA9506	SRA747708	GSM3661990_r1	GSM3661990	GSM3661990	GSE117857	SINGLE	cDNA	TRANSCRIPTOMIC	RNA-Seq		NextSeq 500	ILLUMINA	377194688.0	4963088.0	3702	Arabidopsis thaliana	EV_B5_Rep2	NextSeq 500 sequencing; GSM3661990: EV_B5_Rep2; Arabidopsis thaliana; RNA-Seq	Genome-wide validation of the direct regulated targets for 33 nitrogen-early response transcription factors	NextSeq 500 sequencing; GSM3661990: EV_B5_Rep2; Arabidopsis thaliana; RNA-Seq	EV_B5_Rep2	3e2559a4f482ab3159f7acf746479dab	180084795	ftp.sra.ebi.ac.uk/vol1/fastq/SRR869/003/SRR8699943/SRR8699943.fastq.gz	ftp.sra.ebi.ac.uk/vol1/fastq/SRR869/003/SRR8699943/SRR8699943.fastq.gz	fasp.sra.ebi.ac.uk:/vol1/fastq/SRR869/003/SRR8699943/SRR8699943.fastq.gz
SAMN11090932	SRR8699944	SRX5495538	SAMN11090932	SRS4465149	PRJNA483458	SRP155742	PRJNA9506	SRA747708	GSM3661991_r1	GSM3661991	GSM3661991	GSE117857	SINGLE	cDNA	TRANSCRIPTOMIC	RNA-Seq		NextSeq 500	ILLUMINA	189493460.0	2493335.0	3702	Arabidopsis thaliana	WRKY18_B5_Rep2	NextSeq 500 sequencing; GSM3661991: WRKY18_B5_Rep2; Arabidopsis thaliana; RNA-Seq	Genome-wide validation of the direct regulated targets for 33 nitrogen-early response transcription factors	NextSeq 500 sequencing; GSM3661991: WRKY18_B5_Rep2; Arabidopsis thaliana; RNA-Seq	WRKY18_B5_Rep2	4a651035b405d9eb386e12c3e3877577	89074160	ftp.sra.ebi.ac.uk/vol1/fastq/SRR869/004/SRR8699944/SRR8699944.fastq.gz	ftp.sra.ebi.ac.uk/vol1/fastq/SRR869/004/SRR8699944/SRR8699944.fastq.gz	fasp.sra.ebi.ac.uk:/vol1/fastq/SRR869/004/SRR8699944/SRR8699944.fastq.gz
SAMN11090931	SRR8699945	SRX5495539	SAMN11090931	SRS4465150	PRJNA483458	SRP155742	PRJNA9506	SRA747708	GSM3661992_r1	GSM3661992	GSM3661992	GSE117857	SINGLE	cDNA	TRANSCRIPTOMIC	RNA-Seq		NextSeq 500	ILLUMINA	575661924.0	7574499.0	3702	Arabidopsis thaliana	NAP_B5_Rep2	NextSeq 500 sequencing; GSM3661992: NAP_B5_Rep2; Arabidopsis thaliana; RNA-Seq	Genome-wide validation of the direct regulated targets for 33 nitrogen-early response transcription factors	NextSeq 500 sequencing; GSM3661992: NAP_B5_Rep2; Arabidopsis thaliana; RNA-Seq	NAP_B5_Rep2	aca558952ee7e9a4dbddab286aa9d508	273020066	ftp.sra.ebi.ac.uk/vol1/fastq/SRR869/005/SRR8699945/SRR8699945.fastq.gz	ftp.sra.ebi.ac.uk/vol1/fastq/SRR869/005/SRR8699945/SRR8699945.fastq.gz	fasp.sra.ebi.ac.uk:/vol1/fastq/SRR869/005/SRR8699945/SRR8699945.fastq.gz
SAMN11090930	SRR8699946	SRX5495540	SAMN11090930	SRS4465151	PRJNA483458	SRP155742	PRJNA9506	SRA747708	GSM3661993_r1	GSM3661993	GSM3661993	GSE117857	SINGLE	cDNA	TRANSCRIPTOMIC	RNA-Seq		NextSeq 500	ILLUMINA	524329016.0	6899066.0	3702	Arabidopsis thaliana	HAT22_B5_Rep2	NextSeq 500 sequencing; GSM3661993: HAT22_B5_Rep2; Arabidopsis thaliana; RNA-Seq	Genome-wide validation of the direct regulated targets for 33 nitrogen-early response transcription factors	NextSeq 500 sequencing; GSM3661993: HAT22_B5_Rep2; Arabidopsis thaliana; RNA-Seq	HAT22_B5_Rep2	6695ee3393a0fa3e5156307eb1e008d5	257329785	ftp.sra.ebi.ac.uk/vol1/fastq/SRR869/006/SRR8699946/SRR8699946.fastq.gz	ftp.sra.ebi.ac.uk/vol1/fastq/SRR869/006/SRR8699946/SRR8699946.fastq.gz	fasp.sra.ebi.ac.uk:/vol1/fastq/SRR869/006/SRR8699946/SRR8699946.fastq.gz
SAMN11090929	SRR8699947	SRX5495541	SAMN11090929	SRS4465152	PRJNA483458	SRP155742	PRJNA9506	SRA747708	GSM3661994_r1	GSM3661994	GSM3661994	GSE117857	SINGLE	cDNA	TRANSCRIPTOMIC	RNA-Seq		NextSeq 500	ILLUMINA	610206280.0	8029030.0	3702	Arabidopsis thaliana	EV_B5_Rep3	NextSeq 500 sequencing; GSM3661994: EV_B5_Rep3; Arabidopsis thaliana; RNA-Seq	Genome-wide validation of the direct regulated targets for 33 nitrogen-early response transcription factors	NextSeq 500 sequencing; GSM3661994: EV_B5_Rep3; Arabidopsis thaliana; RNA-Seq	EV_B5_Rep3	d8f3d559adb837e033293dd177d03e3f	290619861	ftp.sra.ebi.ac.uk/vol1/fastq/SRR869/007/SRR8699947/SRR8699947.fastq.gz	ftp.sra.ebi.ac.uk/vol1/fastq/SRR869/007/SRR8699947/SRR8699947.fastq.gz	fasp.sra.ebi.ac.uk:/vol1/fastq/SRR869/007/SRR8699947/SRR8699947.fastq.gz
SAMN11090928	SRR8699948	SRX5495542	SAMN11090928	SRS4465153	PRJNA483458	SRP155742	PRJNA9506	SRA747708	GSM3661995_r1	GSM3661995	GSM3661995	GSE117857	SINGLE	cDNA	TRANSCRIPTOMIC	RNA-Seq		NextSeq 500	ILLUMINA	584563804.0	7691629.0	3702	Arabidopsis thaliana	WRKY18_B5_Rep3	NextSeq 500 sequencing; GSM3661995: WRKY18_B5_Rep3; Arabidopsis thaliana; RNA-Seq	Genome-wide validation of the direct regulated targets for 33 nitrogen-early response transcription factors	NextSeq 500 sequencing; GSM3661995: WRKY18_B5_Rep3; Arabidopsis thaliana; RNA-Seq	WRKY18_B5_Rep3	ce082db1ae0376aef37555214cca5707	274877869	ftp.sra.ebi.ac.uk/vol1/fastq/SRR869/008/SRR8699948/SRR8699948.fastq.gz	ftp.sra.ebi.ac.uk/vol1/fastq/SRR869/008/SRR8699948/SRR8699948.fastq.gz	fasp.sra.ebi.ac.uk:/vol1/fastq/SRR869/008/SRR8699948/SRR8699948.fastq.gz
SAMN11090927	SRR8699949	SRX5495543	SAMN11090927	SRS4465154	PRJNA483458	SRP155742	PRJNA9506	SRA747708	GSM3661996_r1	GSM3661996	GSM3661996	GSE117857	SINGLE	cDNA	TRANSCRIPTOMIC	RNA-Seq		NextSeq 500	ILLUMINA	538766356.0	7089031.0	3702	Arabidopsis thaliana	NAP_B5_Rep3	NextSeq 500 sequencing; GSM3661996: NAP_B5_Rep3; Arabidopsis thaliana; RNA-Seq	Genome-wide validation of the direct regulated targets for 33 nitrogen-early response transcription factors	NextSeq 500 sequencing; GSM3661996: NAP_B5_Rep3; Arabidopsis thaliana; RNA-Seq	NAP_B5_Rep3	4545c4d6071c8efccd06bc4e6522d014	253726131	ftp.sra.ebi.ac.uk/vol1/fastq/SRR869/009/SRR8699949/SRR8699949.fastq.gz	ftp.sra.ebi.ac.uk/vol1/fastq/SRR869/009/SRR8699949/SRR8699949.fastq.gz	fasp.sra.ebi.ac.uk:/vol1/fastq/SRR869/009/SRR8699949/SRR8699949.fastq.gz
SAMN11090926	SRR8699950	SRX5495544	SAMN11090926	SRS4465155	PRJNA483458	SRP155742	PRJNA9506	SRA747708	GSM3661997_r1	GSM3661997	GSM3661997	GSE117857	SINGLE	cDNA	TRANSCRIPTOMIC	RNA-Seq		NextSeq 500	ILLUMINA	580575552.0	7639152.0	3702	Arabidopsis thaliana	MYB61_B5_Rep1	NextSeq 500 sequencing; GSM3661997: MYB61_B5_Rep1; Arabidopsis thaliana; RNA-Seq	Genome-wide validation of the direct regulated targets for 33 nitrogen-early response transcription factors	NextSeq 500 sequencing; GSM3661997: MYB61_B5_Rep1; Arabidopsis thaliana; RNA-Seq	MYB61_B5_Rep1	bc4028f1a764f06ec502840d623f5b38	284745347	ftp.sra.ebi.ac.uk/vol1/fastq/SRR869/000/SRR8699950/SRR8699950.fastq.gz	ftp.sra.ebi.ac.uk/vol1/fastq/SRR869/000/SRR8699950/SRR8699950.fastq.gz	fasp.sra.ebi.ac.uk:/vol1/fastq/SRR869/000/SRR8699950/SRR8699950.fastq.gz
SAMN11090925	SRR8699951	SRX5495545	SAMN11090925	SRS4465156	PRJNA483458	SRP155742	PRJNA9506	SRA747708	GSM3661998_r1	GSM3661998	GSM3661998	GSE117857	SINGLE	cDNA	TRANSCRIPTOMIC	RNA-Seq		NextSeq 500	ILLUMINA	622922296.0	8196346.0	3702	Arabidopsis thaliana	FBH4_B5_Rep1	NextSeq 500 sequencing; GSM3661998: FBH4_B5_Rep1; Arabidopsis thaliana; RNA-Seq	Genome-wide validation of the direct regulated targets for 33 nitrogen-early response transcription factors	NextSeq 500 sequencing; GSM3661998: FBH4_B5_Rep1; Arabidopsis thaliana; RNA-Seq	FBH4_B5_Rep1	3794c95d97f6b768c17784761c3cdbc9	297691823	ftp.sra.ebi.ac.uk/vol1/fastq/SRR869/001/SRR8699951/SRR8699951.fastq.gz	ftp.sra.ebi.ac.uk/vol1/fastq/SRR869/001/SRR8699951/SRR8699951.fastq.gz	fasp.sra.ebi.ac.uk:/vol1/fastq/SRR869/001/SRR8699951/SRR8699951.fastq.gz
SAMN11090924	SRR8699952	SRX5495546	SAMN11090924	SRS4465157	PRJNA483458	SRP155742	PRJNA9506	SRA747708	GSM3661999_r1	GSM3661999	GSM3661999	GSE117857	SINGLE	cDNA	TRANSCRIPTOMIC	RNA-Seq		NextSeq 500	ILLUMINA	748599772.0	9849997.0	3702	Arabidopsis thaliana	TCP23_B5_Rep1	NextSeq 500 sequencing; GSM3661999: TCP23_B5_Rep1; Arabidopsis thaliana; RNA-Seq	Genome-wide validation of the direct regulated targets for 33 nitrogen-early response transcription factors	NextSeq 500 sequencing; GSM3661999: TCP23_B5_Rep1; Arabidopsis thaliana; RNA-Seq	TCP23_B5_Rep1	ef663b2b98e34170dc098074a5e08561	358933895	ftp.sra.ebi.ac.uk/vol1/fastq/SRR869/002/SRR8699952/SRR8699952.fastq.gz	ftp.sra.ebi.ac.uk/vol1/fastq/SRR869/002/SRR8699952/SRR8699952.fastq.gz	fasp.sra.ebi.ac.uk:/vol1/fastq/SRR869/002/SRR8699952/SRR8699952.fastq.gz
SAMN11090923	SRR8699953	SRX5495547	SAMN11090923	SRS4465158	PRJNA483458	SRP155742	PRJNA9506	SRA747708	GSM3662000_r1	GSM3662000	GSM3662000	GSE117857	SINGLE	cDNA	TRANSCRIPTOMIC	RNA-Seq		NextSeq 500	ILLUMINA	555640104.0	7311054.0	3702	Arabidopsis thaliana	MYB61_B5_Rep2	NextSeq 500 sequencing; GSM3662000: MYB61_B5_Rep2; Arabidopsis thaliana; RNA-Seq	Genome-wide validation of the direct regulated targets for 33 nitrogen-early response transcription factors	NextSeq 500 sequencing; GSM3662000: MYB61_B5_Rep2; Arabidopsis thaliana; RNA-Seq	MYB61_B5_Rep2	f4fe7eb38b6e0fed2089431f7b0d8fb1	276450434	ftp.sra.ebi.ac.uk/vol1/fastq/SRR869/003/SRR8699953/SRR8699953.fastq.gz	ftp.sra.ebi.ac.uk/vol1/fastq/SRR869/003/SRR8699953/SRR8699953.fastq.gz	fasp.sra.ebi.ac.uk:/vol1/fastq/SRR869/003/SRR8699953/SRR8699953.fastq.gz
SAMN11090922	SRR8699954	SRX5495548	SAMN11090922	SRS4465159	PRJNA483458	SRP155742	PRJNA9506	SRA747708	GSM3662001_r1	GSM3662001	GSM3662001	GSE117857	SINGLE	cDNA	TRANSCRIPTOMIC	RNA-Seq		NextSeq 500	ILLUMINA	448413148.0	5900173.0	3702	Arabidopsis thaliana	TCP23_B5_Rep2	NextSeq 500 sequencing; GSM3662001: TCP23_B5_Rep2; Arabidopsis thaliana; RNA-Seq	Genome-wide validation of the direct regulated targets for 33 nitrogen-early response transcription factors	NextSeq 500 sequencing; GSM3662001: TCP23_B5_Rep2; Arabidopsis thaliana; RNA-Seq	TCP23_B5_Rep2	7f504fbb0f2e51d8989e1623d1835199	210907016	ftp.sra.ebi.ac.uk/vol1/fastq/SRR869/004/SRR8699954/SRR8699954.fastq.gz	ftp.sra.ebi.ac.uk/vol1/fastq/SRR869/004/SRR8699954/SRR8699954.fastq.gz	fasp.sra.ebi.ac.uk:/vol1/fastq/SRR869/004/SRR8699954/SRR8699954.fastq.gz
SAMN11090921	SRR8699955	SRX5495549	SAMN11090921	SRS4465160	PRJNA483458	SRP155742	PRJNA9506	SRA747708	GSM3662002_r1	GSM3662002	GSM3662002	GSE117857	SINGLE	cDNA	TRANSCRIPTOMIC	RNA-Seq		NextSeq 500	ILLUMINA	463774952.0	6102302.0	3702	Arabidopsis thaliana	MYB61_B5_Rep3	NextSeq 500 sequencing; GSM3662002: MYB61_B5_Rep3; Arabidopsis thaliana; RNA-Seq	Genome-wide validation of the direct regulated targets for 33 nitrogen-early response transcription factors	NextSeq 500 sequencing; GSM3662002: MYB61_B5_Rep3; Arabidopsis thaliana; RNA-Seq	MYB61_B5_Rep3	7692d6ec9f8dd9ad8e1b0944b828ff25	228567581	ftp.sra.ebi.ac.uk/vol1/fastq/SRR869/005/SRR8699955/SRR8699955.fastq.gz	ftp.sra.ebi.ac.uk/vol1/fastq/SRR869/005/SRR8699955/SRR8699955.fastq.gz	fasp.sra.ebi.ac.uk:/vol1/fastq/SRR869/005/SRR8699955/SRR8699955.fastq.gz
SAMN11090920	SRR8699956	SRX5495550	SAMN11090920	SRS4465161	PRJNA483458	SRP155742	PRJNA9506	SRA747708	GSM3662003_r1	GSM3662003	GSM3662003	GSE117857	SINGLE	cDNA	TRANSCRIPTOMIC	RNA-Seq		NextSeq 500	ILLUMINA	244121044.0	3212119.0	3702	Arabidopsis thaliana	FBH4_B5_Rep3	NextSeq 500 sequencing; GSM3662003: FBH4_B5_Rep3; Arabidopsis thaliana; RNA-Seq	Genome-wide validation of the direct regulated targets for 33 nitrogen-early response transcription factors	NextSeq 500 sequencing; GSM3662003: FBH4_B5_Rep3; Arabidopsis thaliana; RNA-Seq	FBH4_B5_Rep3	73b6a3771210a1cd62825885df219004	114385780	ftp.sra.ebi.ac.uk/vol1/fastq/SRR869/006/SRR8699956/SRR8699956.fastq.gz	ftp.sra.ebi.ac.uk/vol1/fastq/SRR869/006/SRR8699956/SRR8699956.fastq.gz	fasp.sra.ebi.ac.uk:/vol1/fastq/SRR869/006/SRR8699956/SRR8699956.fastq.gz
SAMN11090919	SRR8699957	SRX5495551	SAMN11090919	SRS4465162	PRJNA483458	SRP155742	PRJNA9506	SRA747708	GSM3662004_r1	GSM3662004	GSM3662004	GSE117857	SINGLE	cDNA	TRANSCRIPTOMIC	RNA-Seq		NextSeq 500	ILLUMINA	245232772.0	3226747.0	3702	Arabidopsis thaliana	TCP23_B5_Rep3	NextSeq 500 sequencing; GSM3662004: TCP23_B5_Rep3; Arabidopsis thaliana; RNA-Seq	Genome-wide validation of the direct regulated targets for 33 nitrogen-early response transcription factors	NextSeq 500 sequencing; GSM3662004: TCP23_B5_Rep3; Arabidopsis thaliana; RNA-Seq	TCP23_B5_Rep3	51e3053221be8b531c6aac37686a71a5	119428701	ftp.sra.ebi.ac.uk/vol1/fastq/SRR869/007/SRR8699957/SRR8699957.fastq.gz	ftp.sra.ebi.ac.uk/vol1/fastq/SRR869/007/SRR8699957/SRR8699957.fastq.gz	fasp.sra.ebi.ac.uk:/vol1/fastq/SRR869/007/SRR8699957/SRR8699957.fastq.gz
SAMN11090918	SRR8699958	SRX5495552	SAMN11090918	SRS4465163	PRJNA483458	SRP155742	PRJNA9506	SRA747708	GSM3662005_r1	GSM3662005	GSM3662005	GSE117857	SINGLE	cDNA	TRANSCRIPTOMIC	RNA-Seq		NextSeq 500	ILLUMINA	493231792.0	6489892.0	3702	Arabidopsis thaliana	EV_B6_Rep1	NextSeq 500 sequencing; GSM3662005: EV_B6_Rep1; Arabidopsis thaliana; RNA-Seq	Genome-wide validation of the direct regulated targets for 33 nitrogen-early response transcription factors	NextSeq 500 sequencing; GSM3662005: EV_B6_Rep1; Arabidopsis thaliana; RNA-Seq	EV_B6_Rep1	8077fd4ff49720a0a1e46d2d09e9abaa	232224286	ftp.sra.ebi.ac.uk/vol1/fastq/SRR869/008/SRR8699958/SRR8699958.fastq.gz	ftp.sra.ebi.ac.uk/vol1/fastq/SRR869/008/SRR8699958/SRR8699958.fastq.gz	fasp.sra.ebi.ac.uk:/vol1/fastq/SRR869/008/SRR8699958/SRR8699958.fastq.gz
SAMN11090917	SRR8699959	SRX5495553	SAMN11090917	SRS4465164	PRJNA483458	SRP155742	PRJNA9506	SRA747708	GSM3662006_r1	GSM3662006	GSM3662006	GSE117857	SINGLE	cDNA	TRANSCRIPTOMIC	RNA-Seq		NextSeq 500	ILLUMINA	690431956.0	9084631.0	3702	Arabidopsis thaliana	ERF5_B6_Rep1	NextSeq 500 sequencing; GSM3662006: ERF5_B6_Rep1; Arabidopsis thaliana; RNA-Seq	Genome-wide validation of the direct regulated targets for 33 nitrogen-early response transcription factors	NextSeq 500 sequencing; GSM3662006: ERF5_B6_Rep1; Arabidopsis thaliana; RNA-Seq	ERF5_B6_Rep1	ec006ded70585d56c6f30419c3e9bfc3	332538119	ftp.sra.ebi.ac.uk/vol1/fastq/SRR869/009/SRR8699959/SRR8699959.fastq.gz	ftp.sra.ebi.ac.uk/vol1/fastq/SRR869/009/SRR8699959/SRR8699959.fastq.gz	fasp.sra.ebi.ac.uk:/vol1/fastq/SRR869/009/SRR8699959/SRR8699959.fastq.gz
SAMN11090906	SRR8699960	SRX5495554	SAMN11090906	SRS4465165	PRJNA483458	SRP155742	PRJNA9506	SRA747708	GSM3662007_r1	GSM3662007	GSM3662007	GSE117857	SINGLE	cDNA	TRANSCRIPTOMIC	RNA-Seq		NextSeq 500	ILLUMINA	676484436.0	8901111.0	3702	Arabidopsis thaliana	RAV1_B6_Rep1	NextSeq 500 sequencing; GSM3662007: RAV1_B6_Rep1; Arabidopsis thaliana; RNA-Seq	Genome-wide validation of the direct regulated targets for 33 nitrogen-early response transcription factors	NextSeq 500 sequencing; GSM3662007: RAV1_B6_Rep1; Arabidopsis thaliana; RNA-Seq	RAV1_B6_Rep1	2dcdf56141e008bf3646fcf94cfa3156	318978787	ftp.sra.ebi.ac.uk/vol1/fastq/SRR869/000/SRR8699960/SRR8699960.fastq.gz	ftp.sra.ebi.ac.uk/vol1/fastq/SRR869/000/SRR8699960/SRR8699960.fastq.gz	fasp.sra.ebi.ac.uk:/vol1/fastq/SRR869/000/SRR8699960/SRR8699960.fastq.gz
SAMN11090905	SRR8699961	SRX5495555	SAMN11090905	SRS4465166	PRJNA483458	SRP155742	PRJNA9506	SRA747708	GSM3662008_r1	GSM3662008	GSM3662008	GSE117857	SINGLE	cDNA	TRANSCRIPTOMIC	RNA-Seq		NextSeq 500	ILLUMINA	656342232.0	8636082.0	3702	Arabidopsis thaliana	VRN1_B6_Rep1	NextSeq 500 sequencing; GSM3662008: VRN1_B6_Rep1; Arabidopsis thaliana; RNA-Seq	Genome-wide validation of the direct regulated targets for 33 nitrogen-early response transcription factors	NextSeq 500 sequencing; GSM3662008: VRN1_B6_Rep1; Arabidopsis thaliana; RNA-Seq	VRN1_B6_Rep1	7f8b8144b423f65f6d53f51366b69bde	318187632	ftp.sra.ebi.ac.uk/vol1/fastq/SRR869/001/SRR8699961/SRR8699961.fastq.gz	ftp.sra.ebi.ac.uk/vol1/fastq/SRR869/001/SRR8699961/SRR8699961.fastq.gz	fasp.sra.ebi.ac.uk:/vol1/fastq/SRR869/001/SRR8699961/SRR8699961.fastq.gz
SAMN11090904	SRR8699962	SRX5495556	SAMN11090904	SRS4465167	PRJNA483458	SRP155742	PRJNA9506	SRA747708	GSM3662009_r1	GSM3662009	GSM3662009	GSE117857	SINGLE	cDNA	TRANSCRIPTOMIC	RNA-Seq		NextSeq 500	ILLUMINA	566300624.0	7451324.0	3702	Arabidopsis thaliana	EV_B6_Rep2	NextSeq 500 sequencing; GSM3662009: EV_B6_Rep2; Arabidopsis thaliana; RNA-Seq	Genome-wide validation of the direct regulated targets for 33 nitrogen-early response transcription factors	NextSeq 500 sequencing; GSM3662009: EV_B6_Rep2; Arabidopsis thaliana; RNA-Seq	EV_B6_Rep2	cc8c288abfcfe5806141c15e08fd9070	269745407	ftp.sra.ebi.ac.uk/vol1/fastq/SRR869/002/SRR8699962/SRR8699962.fastq.gz	ftp.sra.ebi.ac.uk/vol1/fastq/SRR869/002/SRR8699962/SRR8699962.fastq.gz	fasp.sra.ebi.ac.uk:/vol1/fastq/SRR869/002/SRR8699962/SRR8699962.fastq.gz
SAMN11090903	SRR8699963	SRX5495557	SAMN11090903	SRS4465168	PRJNA483458	SRP155742	PRJNA9506	SRA747708	GSM3662010_r1	GSM3662010	GSM3662010	GSE117857	SINGLE	cDNA	TRANSCRIPTOMIC	RNA-Seq		NextSeq 500	ILLUMINA	608125552.0	8001652.0	3702	Arabidopsis thaliana	ERF5_B6_Rep2	NextSeq 500 sequencing; GSM3662010: ERF5_B6_Rep2; Arabidopsis thaliana; RNA-Seq	Genome-wide validation of the direct regulated targets for 33 nitrogen-early response transcription factors	NextSeq 500 sequencing; GSM3662010: ERF5_B6_Rep2; Arabidopsis thaliana; RNA-Seq	ERF5_B6_Rep2	cfacb76ca5211997a2996f35561b97d8	294054047	ftp.sra.ebi.ac.uk/vol1/fastq/SRR869/003/SRR8699963/SRR8699963.fastq.gz	ftp.sra.ebi.ac.uk/vol1/fastq/SRR869/003/SRR8699963/SRR8699963.fastq.gz	fasp.sra.ebi.ac.uk:/vol1/fastq/SRR869/003/SRR8699963/SRR8699963.fastq.gz
SAMN11090902	SRR8699964	SRX5495558	SAMN11090902	SRS4465169	PRJNA483458	SRP155742	PRJNA9506	SRA747708	GSM3662011_r1	GSM3662011	GSM3662011	GSE117857	SINGLE	cDNA	TRANSCRIPTOMIC	RNA-Seq		NextSeq 500	ILLUMINA	1159822092.0	15260817.0	3702	Arabidopsis thaliana	RAV1_B6_Rep2	NextSeq 500 sequencing; GSM3662011: RAV1_B6_Rep2; Arabidopsis thaliana; RNA-Seq	Genome-wide validation of the direct regulated targets for 33 nitrogen-early response transcription factors	NextSeq 500 sequencing; GSM3662011: RAV1_B6_Rep2; Arabidopsis thaliana; RNA-Seq	RAV1_B6_Rep2	81edb74558ca06eae9e598506f2e6021	549443004	ftp.sra.ebi.ac.uk/vol1/fastq/SRR869/004/SRR8699964/SRR8699964.fastq.gz	ftp.sra.ebi.ac.uk/vol1/fastq/SRR869/004/SRR8699964/SRR8699964.fastq.gz	fasp.sra.ebi.ac.uk:/vol1/fastq/SRR869/004/SRR8699964/SRR8699964.fastq.gz
SAMN11090901	SRR8699965	SRX5495559	SAMN11090901	SRS4465170	PRJNA483458	SRP155742	PRJNA9506	SRA747708	GSM3662012_r1	GSM3662012	GSM3662012	GSE117857	SINGLE	cDNA	TRANSCRIPTOMIC	RNA-Seq		NextSeq 500	ILLUMINA	521028868.0	6855643.0	3702	Arabidopsis thaliana	VRN1_B6_Rep2	NextSeq 500 sequencing; GSM3662012: VRN1_B6_Rep2; Arabidopsis thaliana; RNA-Seq	Genome-wide validation of the direct regulated targets for 33 nitrogen-early response transcription factors	NextSeq 500 sequencing; GSM3662012: VRN1_B6_Rep2; Arabidopsis thaliana; RNA-Seq	VRN1_B6_Rep2	862d3525bd0d64decc4dbc6e65f805a7	250527406	ftp.sra.ebi.ac.uk/vol1/fastq/SRR869/005/SRR8699965/SRR8699965.fastq.gz	ftp.sra.ebi.ac.uk/vol1/fastq/SRR869/005/SRR8699965/SRR8699965.fastq.gz	fasp.sra.ebi.ac.uk:/vol1/fastq/SRR869/005/SRR8699965/SRR8699965.fastq.gz
SAMN11090900	SRR8699966	SRX5495560	SAMN11090900	SRS4465171	PRJNA483458	SRP155742	PRJNA9506	SRA747708	GSM3662013_r1	GSM3662013	GSM3662013	GSE117857	SINGLE	cDNA	TRANSCRIPTOMIC	RNA-Seq		NextSeq 500	ILLUMINA	595683744.0	7837944.0	3702	Arabidopsis thaliana	EV_B6_Rep3	NextSeq 500 sequencing; GSM3662013: EV_B6_Rep3; Arabidopsis thaliana; RNA-Seq	Genome-wide validation of the direct regulated targets for 33 nitrogen-early response transcription factors	NextSeq 500 sequencing; GSM3662013: EV_B6_Rep3; Arabidopsis thaliana; RNA-Seq	EV_B6_Rep3	6ecb244f89263b6a3fb10c935d7cb77b	282188704	ftp.sra.ebi.ac.uk/vol1/fastq/SRR869/006/SRR8699966/SRR8699966.fastq.gz	ftp.sra.ebi.ac.uk/vol1/fastq/SRR869/006/SRR8699966/SRR8699966.fastq.gz	fasp.sra.ebi.ac.uk:/vol1/fastq/SRR869/006/SRR8699966/SRR8699966.fastq.gz
SAMN11091096	SRR8699967	SRX5495561	SAMN11091096	SRS4465172	PRJNA483458	SRP155742	PRJNA9506	SRA747708	GSM3662014_r1	GSM3662014	GSM3662014	GSE117857	SINGLE	cDNA	TRANSCRIPTOMIC	RNA-Seq		NextSeq 500	ILLUMINA	676985124.0	8907699.0	3702	Arabidopsis thaliana	ERF5_B6_Rep3	NextSeq 500 sequencing; GSM3662014: ERF5_B6_Rep3; Arabidopsis thaliana; RNA-Seq	Genome-wide validation of the direct regulated targets for 33 nitrogen-early response transcription factors	NextSeq 500 sequencing; GSM3662014: ERF5_B6_Rep3; Arabidopsis thaliana; RNA-Seq	ERF5_B6_Rep3	6b8616da655ef61ab309b66cf2a966ef	334989363	ftp.sra.ebi.ac.uk/vol1/fastq/SRR869/007/SRR8699967/SRR8699967.fastq.gz	ftp.sra.ebi.ac.uk/vol1/fastq/SRR869/007/SRR8699967/SRR8699967.fastq.gz	fasp.sra.ebi.ac.uk:/vol1/fastq/SRR869/007/SRR8699967/SRR8699967.fastq.gz
SAMN11091095	SRR8699968	SRX5495562	SAMN11091095	SRS4465173	PRJNA483458	SRP155742	PRJNA9506	SRA747708	GSM3662015_r1	GSM3662015	GSM3662015	GSE117857	SINGLE	cDNA	TRANSCRIPTOMIC	RNA-Seq		NextSeq 500	ILLUMINA	528405276.0	6952701.0	3702	Arabidopsis thaliana	RAV1_B6_Rep3	NextSeq 500 sequencing; GSM3662015: RAV1_B6_Rep3; Arabidopsis thaliana; RNA-Seq	Genome-wide validation of the direct regulated targets for 33 nitrogen-early response transcription factors	NextSeq 500 sequencing; GSM3662015: RAV1_B6_Rep3; Arabidopsis thaliana; RNA-Seq	RAV1_B6_Rep3	aaf30625bc4c58ea97724b5f7db9af63	248632972	ftp.sra.ebi.ac.uk/vol1/fastq/SRR869/008/SRR8699968/SRR8699968.fastq.gz	ftp.sra.ebi.ac.uk/vol1/fastq/SRR869/008/SRR8699968/SRR8699968.fastq.gz	fasp.sra.ebi.ac.uk:/vol1/fastq/SRR869/008/SRR8699968/SRR8699968.fastq.gz
SAMN11091094	SRR8699969	SRX5495563	SAMN11091094	SRS4465174	PRJNA483458	SRP155742	PRJNA9506	SRA747708	GSM3662016_r1	GSM3662016	GSM3662016	GSE117857	SINGLE	cDNA	TRANSCRIPTOMIC	RNA-Seq		NextSeq 500	ILLUMINA	244671892.0	3219367.0	3702	Arabidopsis thaliana	VRN1_B6_Rep3	NextSeq 500 sequencing; GSM3662016: VRN1_B6_Rep3; Arabidopsis thaliana; RNA-Seq	Genome-wide validation of the direct regulated targets for 33 nitrogen-early response transcription factors	NextSeq 500 sequencing; GSM3662016: VRN1_B6_Rep3; Arabidopsis thaliana; RNA-Seq	VRN1_B6_Rep3	4ccd355ff0d7692818ab4d2822526d47	116938041	ftp.sra.ebi.ac.uk/vol1/fastq/SRR869/009/SRR8699969/SRR8699969.fastq.gz	ftp.sra.ebi.ac.uk/vol1/fastq/SRR869/009/SRR8699969/SRR8699969.fastq.gz	fasp.sra.ebi.ac.uk:/vol1/fastq/SRR869/009/SRR8699969/SRR8699969.fastq.gz
SAMN11091093	SRR8699970	SRX5495564	SAMN11091093	SRS4465175	PRJNA483458	SRP155742	PRJNA9506	SRA747708	GSM3662017_r1	GSM3662017	GSM3662017	GSE117857	SINGLE	cDNA	TRANSCRIPTOMIC	RNA-Seq		NextSeq 500	ILLUMINA	669825924.0	8813499.0	3702	Arabidopsis thaliana	DIV1_B6_Rep1	NextSeq 500 sequencing; GSM3662017: DIV1_B6_Rep1; Arabidopsis thaliana; RNA-Seq	Genome-wide validation of the direct regulated targets for 33 nitrogen-early response transcription factors	NextSeq 500 sequencing; GSM3662017: DIV1_B6_Rep1; Arabidopsis thaliana; RNA-Seq	DIV1_B6_Rep1	77acccb8f0c26ff4d1d7176a3bc7a564	337214395	ftp.sra.ebi.ac.uk/vol1/fastq/SRR869/000/SRR8699970/SRR8699970.fastq.gz	ftp.sra.ebi.ac.uk/vol1/fastq/SRR869/000/SRR8699970/SRR8699970.fastq.gz	fasp.sra.ebi.ac.uk:/vol1/fastq/SRR869/000/SRR8699970/SRR8699970.fastq.gz
SAMN11091092	SRR8699971	SRX5495565	SAMN11091092	SRS4465176	PRJNA483458	SRP155742	PRJNA9506	SRA747708	GSM3662018_r1	GSM3662018	GSM3662018	GSE117857	SINGLE	cDNA	TRANSCRIPTOMIC	RNA-Seq		NextSeq 500	ILLUMINA	516815200.0	6800200.0	3702	Arabidopsis thaliana	WRKY54_B6_Rep1	NextSeq 500 sequencing; GSM3662018: WRKY54_B6_Rep1; Arabidopsis thaliana; RNA-Seq	Genome-wide validation of the direct regulated targets for 33 nitrogen-early response transcription factors	NextSeq 500 sequencing; GSM3662018: WRKY54_B6_Rep1; Arabidopsis thaliana; RNA-Seq	WRKY54_B6_Rep1	26dbb0f57d6319fef562102b34a4b731	257064881	ftp.sra.ebi.ac.uk/vol1/fastq/SRR869/001/SRR8699971/SRR8699971.fastq.gz	ftp.sra.ebi.ac.uk/vol1/fastq/SRR869/001/SRR8699971/SRR8699971.fastq.gz	fasp.sra.ebi.ac.uk:/vol1/fastq/SRR869/001/SRR8699971/SRR8699971.fastq.gz
SAMN11091091	SRR8699972	SRX5495566	SAMN11091091	SRS4465177	PRJNA483458	SRP155742	PRJNA9506	SRA747708	GSM3662019_r1	GSM3662019	GSM3662019	GSE117857	SINGLE	cDNA	TRANSCRIPTOMIC	RNA-Seq		NextSeq 500	ILLUMINA	733113708.0	9646233.0	3702	Arabidopsis thaliana	LBD37_B6_Rep1	NextSeq 500 sequencing; GSM3662019: LBD37_B6_Rep1; Arabidopsis thaliana; RNA-Seq	Genome-wide validation of the direct regulated targets for 33 nitrogen-early response transcription factors	NextSeq 500 sequencing; GSM3662019: LBD37_B6_Rep1; Arabidopsis thaliana; RNA-Seq	LBD37_B6_Rep1	8853bd06d3910a8fdf630e9527c79e1b	365663383	ftp.sra.ebi.ac.uk/vol1/fastq/SRR869/002/SRR8699972/SRR8699972.fastq.gz	ftp.sra.ebi.ac.uk/vol1/fastq/SRR869/002/SRR8699972/SRR8699972.fastq.gz	fasp.sra.ebi.ac.uk:/vol1/fastq/SRR869/002/SRR8699972/SRR8699972.fastq.gz
SAMN11091090	SRR8699973	SRX5495567	SAMN11091090	SRS4465178	PRJNA483458	SRP155742	PRJNA9506	SRA747708	GSM3662020_r1	GSM3662020	GSM3662020	GSE117857	SINGLE	cDNA	TRANSCRIPTOMIC	RNA-Seq		NextSeq 500	ILLUMINA	603091388.0	7935413.0	3702	Arabidopsis thaliana	DIV1_B6_Rep2	NextSeq 500 sequencing; GSM3662020: DIV1_B6_Rep2; Arabidopsis thaliana; RNA-Seq	Genome-wide validation of the direct regulated targets for 33 nitrogen-early response transcription factors	NextSeq 500 sequencing; GSM3662020: DIV1_B6_Rep2; Arabidopsis thaliana; RNA-Seq	DIV1_B6_Rep2	e0409a838b2ce1f06b6f4b3d74bee63b	303936283	ftp.sra.ebi.ac.uk/vol1/fastq/SRR869/003/SRR8699973/SRR8699973.fastq.gz	ftp.sra.ebi.ac.uk/vol1/fastq/SRR869/003/SRR8699973/SRR8699973.fastq.gz	fasp.sra.ebi.ac.uk:/vol1/fastq/SRR869/003/SRR8699973/SRR8699973.fastq.gz
SAMN11091089	SRR8699974	SRX5495568	SAMN11091089	SRS4465179	PRJNA483458	SRP155742	PRJNA9506	SRA747708	GSM3662021_r1	GSM3662021	GSM3662021	GSE117857	SINGLE	cDNA	TRANSCRIPTOMIC	RNA-Seq		NextSeq 500	ILLUMINA	625557976.0	8231026.0	3702	Arabidopsis thaliana	WRKY54_B6_Rep2	NextSeq 500 sequencing; GSM3662021: WRKY54_B6_Rep2; Arabidopsis thaliana; RNA-Seq	Genome-wide validation of the direct regulated targets for 33 nitrogen-early response transcription factors	NextSeq 500 sequencing; GSM3662021: WRKY54_B6_Rep2; Arabidopsis thaliana; RNA-Seq	WRKY54_B6_Rep2	10a98c319488630f02e9a457b20d4f09	307027816	ftp.sra.ebi.ac.uk/vol1/fastq/SRR869/004/SRR8699974/SRR8699974.fastq.gz	ftp.sra.ebi.ac.uk/vol1/fastq/SRR869/004/SRR8699974/SRR8699974.fastq.gz	fasp.sra.ebi.ac.uk:/vol1/fastq/SRR869/004/SRR8699974/SRR8699974.fastq.gz
SAMN11091088	SRR8699975	SRX5495569	SAMN11091088	SRS4465180	PRJNA483458	SRP155742	PRJNA9506	SRA747708	GSM3662022_r1	GSM3662022	GSM3662022	GSE117857	SINGLE	cDNA	TRANSCRIPTOMIC	RNA-Seq		NextSeq 500	ILLUMINA	583991220.0	7684095.0	3702	Arabidopsis thaliana	LBD37_B6_Rep2	NextSeq 500 sequencing; GSM3662022: LBD37_B6_Rep2; Arabidopsis thaliana; RNA-Seq	Genome-wide validation of the direct regulated targets for 33 nitrogen-early response transcription factors	NextSeq 500 sequencing; GSM3662022: LBD37_B6_Rep2; Arabidopsis thaliana; RNA-Seq	LBD37_B6_Rep2	9f12b2a9fe794af646f1b1e63ae12a62	290044889	ftp.sra.ebi.ac.uk/vol1/fastq/SRR869/005/SRR8699975/SRR8699975.fastq.gz	ftp.sra.ebi.ac.uk/vol1/fastq/SRR869/005/SRR8699975/SRR8699975.fastq.gz	fasp.sra.ebi.ac.uk:/vol1/fastq/SRR869/005/SRR8699975/SRR8699975.fastq.gz
SAMN11091087	SRR8699976	SRX5495570	SAMN11091087	SRS4465181	PRJNA483458	SRP155742	PRJNA9506	SRA747708	GSM3662023_r1	GSM3662023	GSM3662023	GSE117857	SINGLE	cDNA	TRANSCRIPTOMIC	RNA-Seq		NextSeq 500	ILLUMINA	402280312.0	5293162.0	3702	Arabidopsis thaliana	DIV1_B6_Rep3	NextSeq 500 sequencing; GSM3662023: DIV1_B6_Rep3; Arabidopsis thaliana; RNA-Seq	Genome-wide validation of the direct regulated targets for 33 nitrogen-early response transcription factors	NextSeq 500 sequencing; GSM3662023: DIV1_B6_Rep3; Arabidopsis thaliana; RNA-Seq	DIV1_B6_Rep3	af381fa195e7434ccd64387d99b9858c	194337331	ftp.sra.ebi.ac.uk/vol1/fastq/SRR869/006/SRR8699976/SRR8699976.fastq.gz	ftp.sra.ebi.ac.uk/vol1/fastq/SRR869/006/SRR8699976/SRR8699976.fastq.gz	fasp.sra.ebi.ac.uk:/vol1/fastq/SRR869/006/SRR8699976/SRR8699976.fastq.gz
SAMN11091086	SRR8699977	SRX5495571	SAMN11091086	SRS4465182	PRJNA483458	SRP155742	PRJNA9506	SRA747708	GSM3662024_r1	GSM3662024	GSM3662024	GSE117857	SINGLE	cDNA	TRANSCRIPTOMIC	RNA-Seq		NextSeq 500	ILLUMINA	728392436.0	9584111.0	3702	Arabidopsis thaliana	WRKY54_B6_Rep3	NextSeq 500 sequencing; GSM3662024: WRKY54_B6_Rep3; Arabidopsis thaliana; RNA-Seq	Genome-wide validation of the direct regulated targets for 33 nitrogen-early response transcription factors	NextSeq 500 sequencing; GSM3662024: WRKY54_B6_Rep3; Arabidopsis thaliana; RNA-Seq	WRKY54_B6_Rep3	64776e3791db04d6c05a950813a38cbc	357032020	ftp.sra.ebi.ac.uk/vol1/fastq/SRR869/007/SRR8699977/SRR8699977.fastq.gz	ftp.sra.ebi.ac.uk/vol1/fastq/SRR869/007/SRR8699977/SRR8699977.fastq.gz	fasp.sra.ebi.ac.uk:/vol1/fastq/SRR869/007/SRR8699977/SRR8699977.fastq.gz
SAMN11091085	SRR8699978	SRX5495572	SAMN11091085	SRS4465183	PRJNA483458	SRP155742	PRJNA9506	SRA747708	GSM3662025_r1	GSM3662025	GSM3662025	GSE117857	SINGLE	cDNA	TRANSCRIPTOMIC	RNA-Seq		NextSeq 500	ILLUMINA	739292584.0	9727534.0	3702	Arabidopsis thaliana	LBD37_B6_Rep3	NextSeq 500 sequencing; GSM3662025: LBD37_B6_Rep3; Arabidopsis thaliana; RNA-Seq	Genome-wide validation of the direct regulated targets for 33 nitrogen-early response transcription factors	NextSeq 500 sequencing; GSM3662025: LBD37_B6_Rep3; Arabidopsis thaliana; RNA-Seq	LBD37_B6_Rep3	0c250004acb32a9ec4352093e806778f	362538812	ftp.sra.ebi.ac.uk/vol1/fastq/SRR869/008/SRR8699978/SRR8699978.fastq.gz	ftp.sra.ebi.ac.uk/vol1/fastq/SRR869/008/SRR8699978/SRR8699978.fastq.gz	fasp.sra.ebi.ac.uk:/vol1/fastq/SRR869/008/SRR8699978/SRR8699978.fastq.gz
SAMN11091084	SRR8699979	SRX5495573	SAMN11091084	SRS4465184	PRJNA483458	SRP155742	PRJNA9506	SRA747708	GSM3662026_r1	GSM3662026	GSM3662026	GSE117857	SINGLE	cDNA	TRANSCRIPTOMIC	RNA-Seq		NextSeq 500	ILLUMINA	2197499420.0	21757420.0	3702	Arabidopsis thaliana	HB6_B3_Rep1	NextSeq 500 sequencing; GSM3662026: HB6_B3_Rep1; Arabidopsis thaliana; RNA-Seq	Genome-wide validation of the direct regulated targets for 33 nitrogen-early response transcription factors	NextSeq 500 sequencing; GSM3662026: HB6_B3_Rep1; Arabidopsis thaliana; RNA-Seq	HB6_B3_Rep1	ac54e585440b1f537e14878f994b6ad8	1168990817	ftp.sra.ebi.ac.uk/vol1/fastq/SRR869/009/SRR8699979/SRR8699979.fastq.gz	ftp.sra.ebi.ac.uk/vol1/fastq/SRR869/009/SRR8699979/SRR8699979.fastq.gz	fasp.sra.ebi.ac.uk:/vol1/fastq/SRR869/009/SRR8699979/SRR8699979.fastq.gz
SAMN11091083	SRR8699980	SRX5495574	SAMN11091083	SRS4465185	PRJNA483458	SRP155742	PRJNA9506	SRA747708	GSM3662027_r1	GSM3662027	GSM3662027	GSE117857	SINGLE	cDNA	TRANSCRIPTOMIC	RNA-Seq		NextSeq 500	ILLUMINA	3143554098.0	31124298.0	3702	Arabidopsis thaliana	HB6_B3_Rep2	NextSeq 500 sequencing; GSM3662027: HB6_B3_Rep2; Arabidopsis thaliana; RNA-Seq	Genome-wide validation of the direct regulated targets for 33 nitrogen-early response transcription factors	NextSeq 500 sequencing; GSM3662027: HB6_B3_Rep2; Arabidopsis thaliana; RNA-Seq	HB6_B3_Rep2	a08da27d926593b6eacc2670a26c6fb2	1703496451	ftp.sra.ebi.ac.uk/vol1/fastq/SRR869/000/SRR8699980/SRR8699980.fastq.gz	ftp.sra.ebi.ac.uk/vol1/fastq/SRR869/000/SRR8699980/SRR8699980.fastq.gz	fasp.sra.ebi.ac.uk:/vol1/fastq/SRR869/000/SRR8699980/SRR8699980.fastq.gz
SAMN11091082	SRR8699981	SRX5495575	SAMN11091082	SRS4465186	PRJNA483458	SRP155742	PRJNA9506	SRA747708	GSM3662028_r1	GSM3662028	GSM3662028	GSE117857	SINGLE	cDNA	TRANSCRIPTOMIC	RNA-Seq		NextSeq 500	ILLUMINA	2422351175.0	23983675.0	3702	Arabidopsis thaliana	HB6_B3_Rep3	NextSeq 500 sequencing; GSM3662028: HB6_B3_Rep3; Arabidopsis thaliana; RNA-Seq	Genome-wide validation of the direct regulated targets for 33 nitrogen-early response transcription factors	NextSeq 500 sequencing; GSM3662028: HB6_B3_Rep3; Arabidopsis thaliana; RNA-Seq	HB6_B3_Rep3	3fa8b1f236332e2b6da6222217870454	1311008696	ftp.sra.ebi.ac.uk/vol1/fastq/SRR869/001/SRR8699981/SRR8699981.fastq.gz	ftp.sra.ebi.ac.uk/vol1/fastq/SRR869/001/SRR8699981/SRR8699981.fastq.gz	fasp.sra.ebi.ac.uk:/vol1/fastq/SRR869/001/SRR8699981/SRR8699981.fastq.gz
SAMN09739252	SRR7620848	SRX4484999	SAMN09739252	SRS3609291	PRJNA483458	SRP155742	PRJNA9506	SRA747708	GSM3311571_r1	GSM3311571	GSM3311571	GSE117857	SINGLE	cDNA	TRANSCRIPTOMIC	RNA-Seq		NextSeq 500	ILLUMINA	2334374428.0	30715453.0	3702	Arabidopsis thaliana	EV_B1Rep1	NextSeq 500 sequencing; GSM3311571: EV_B1Rep1; Arabidopsis thaliana; RNA-Seq	Genome-wide validation of the direct regulated targets for 33 nitrogen-early response transcription factors	NextSeq 500 sequencing; GSM3311571: EV_B1Rep1; Arabidopsis thaliana; RNA-Seq	EV_B1Rep1	b72743d88d869117f15f1bc277dc1a9c	1286076886	ftp.sra.ebi.ac.uk/vol1/fastq/SRR762/008/SRR7620848/SRR7620848.fastq.gz	ftp.sra.ebi.ac.uk/vol1/fastq/SRR762/008/SRR7620848/SRR7620848.fastq.gz	fasp.sra.ebi.ac.uk:/vol1/fastq/SRR762/008/SRR7620848/SRR7620848.fastq.gz
SAMN09739251	SRR7620849	SRX4485000	SAMN09739251	SRS3609292	PRJNA483458	SRP155742	PRJNA9506	SRA747708	GSM3311572_r1	GSM3311572	GSM3311572	GSE117857	SINGLE	cDNA	TRANSCRIPTOMIC	RNA-Seq		NextSeq 500	ILLUMINA	1970009224.0	25921174.0	3702	Arabidopsis thaliana	ERF056_B1Rep1	NextSeq 500 sequencing; GSM3311572: ERF056_B1Rep1; Arabidopsis thaliana; RNA-Seq	Genome-wide validation of the direct regulated targets for 33 nitrogen-early response transcription factors	NextSeq 500 sequencing; GSM3311572: ERF056_B1Rep1; Arabidopsis thaliana; RNA-Seq	ERF056_B1Rep1	901d139585ed673cb2d2356042a457af	976725291	ftp.sra.ebi.ac.uk/vol1/fastq/SRR762/009/SRR7620849/SRR7620849.fastq.gz	ftp.sra.ebi.ac.uk/vol1/fastq/SRR762/009/SRR7620849/SRR7620849.fastq.gz	fasp.sra.ebi.ac.uk:/vol1/fastq/SRR762/009/SRR7620849/SRR7620849.fastq.gz
SAMN09739250	SRR7620850	SRX4485001	SAMN09739250	SRS3609294	PRJNA483458	SRP155742	PRJNA9506	SRA747708	GSM3311573_r1	GSM3311573	GSM3311573	GSE117857	SINGLE	cDNA	TRANSCRIPTOMIC	RNA-Seq		NextSeq 500	ILLUMINA	1398883740.0	18406365.0	3702	Arabidopsis thaliana	HSFB2A_B1Rep1	NextSeq 500 sequencing; GSM3311573: HSFB2A_B1Rep1; Arabidopsis thaliana; RNA-Seq	Genome-wide validation of the direct regulated targets for 33 nitrogen-early response transcription factors	NextSeq 500 sequencing; GSM3311573: HSFB2A_B1Rep1; Arabidopsis thaliana; RNA-Seq	HSFB2A_B1Rep1	3c9a6093fb54d102262d89f448a665bc	700916360	ftp.sra.ebi.ac.uk/vol1/fastq/SRR762/000/SRR7620850/SRR7620850.fastq.gz	ftp.sra.ebi.ac.uk/vol1/fastq/SRR762/000/SRR7620850/SRR7620850.fastq.gz	fasp.sra.ebi.ac.uk:/vol1/fastq/SRR762/000/SRR7620850/SRR7620850.fastq.gz
SAMN09739249	SRR7620851	SRX4485002	SAMN09739249	SRS3609293	PRJNA483458	SRP155742	PRJNA9506	SRA747708	GSM3311574_r1	GSM3311574	GSM3311574	GSE117857	SINGLE	cDNA	TRANSCRIPTOMIC	RNA-Seq		NextSeq 500	ILLUMINA	1452953180.0	19117805.0	3702	Arabidopsis thaliana	GATA17_B1Rep1	NextSeq 500 sequencing; GSM3311574: GATA17_B1Rep1; Arabidopsis thaliana; RNA-Seq	Genome-wide validation of the direct regulated targets for 33 nitrogen-early response transcription factors	NextSeq 500 sequencing; GSM3311574: GATA17_B1Rep1; Arabidopsis thaliana; RNA-Seq	GATA17_B1Rep1	ffc0ef56cfbf55b3ad42bae0ed2e729a	733728684	ftp.sra.ebi.ac.uk/vol1/fastq/SRR762/001/SRR7620851/SRR7620851.fastq.gz	ftp.sra.ebi.ac.uk/vol1/fastq/SRR762/001/SRR7620851/SRR7620851.fastq.gz	fasp.sra.ebi.ac.uk:/vol1/fastq/SRR762/001/SRR7620851/SRR7620851.fastq.gz
SAMN09739311	SRR7620852	SRX4485003	SAMN09739311	SRS3609298	PRJNA483458	SRP155742	PRJNA9506	SRA747708	GSM3311575_r1	GSM3311575	GSM3311575	GSE117857	SINGLE	cDNA	TRANSCRIPTOMIC	RNA-Seq		NextSeq 500	ILLUMINA	1260466004.0	16585079.0	3702	Arabidopsis thaliana	EV_B1Rep2	NextSeq 500 sequencing; GSM3311575: EV_B1Rep2; Arabidopsis thaliana; RNA-Seq	Genome-wide validation of the direct regulated targets for 33 nitrogen-early response transcription factors	NextSeq 500 sequencing; GSM3311575: EV_B1Rep2; Arabidopsis thaliana; RNA-Seq	EV_B1Rep2	b1b3ef9d5b90cbd95ca76986b4b424f2	699260225	ftp.sra.ebi.ac.uk/vol1/fastq/SRR762/002/SRR7620852/SRR7620852.fastq.gz	ftp.sra.ebi.ac.uk/vol1/fastq/SRR762/002/SRR7620852/SRR7620852.fastq.gz	fasp.sra.ebi.ac.uk:/vol1/fastq/SRR762/002/SRR7620852/SRR7620852.fastq.gz
SAMN09739310	SRR7620853	SRX4485004	SAMN09739310	SRS3609297	PRJNA483458	SRP155742	PRJNA9506	SRA747708	GSM3311576_r1	GSM3311576	GSM3311576	GSE117857	SINGLE	cDNA	TRANSCRIPTOMIC	RNA-Seq		NextSeq 500	ILLUMINA	1702727712.0	22404312.0	3702	Arabidopsis thaliana	ERF056_B1Rep2	NextSeq 500 sequencing; GSM3311576: ERF056_B1Rep2; Arabidopsis thaliana; RNA-Seq	Genome-wide validation of the direct regulated targets for 33 nitrogen-early response transcription factors	NextSeq 500 sequencing; GSM3311576: ERF056_B1Rep2; Arabidopsis thaliana; RNA-Seq	ERF056_B1Rep2	c13387298e3f433cd1de362e1eb7e705	843692263	ftp.sra.ebi.ac.uk/vol1/fastq/SRR762/003/SRR7620853/SRR7620853.fastq.gz	ftp.sra.ebi.ac.uk/vol1/fastq/SRR762/003/SRR7620853/SRR7620853.fastq.gz	fasp.sra.ebi.ac.uk:/vol1/fastq/SRR762/003/SRR7620853/SRR7620853.fastq.gz
SAMN09739309	SRR7620854	SRX4485005	SAMN09739309	SRS3609296	PRJNA483458	SRP155742	PRJNA9506	SRA747708	GSM3311577_r1	GSM3311577	GSM3311577	GSE117857	SINGLE	cDNA	TRANSCRIPTOMIC	RNA-Seq		NextSeq 500	ILLUMINA	2489573496.0	32757546.0	3702	Arabidopsis thaliana	HSFB2A_B1Rep2	NextSeq 500 sequencing; GSM3311577: HSFB2A_B1Rep2; Arabidopsis thaliana; RNA-Seq	Genome-wide validation of the direct regulated targets for 33 nitrogen-early response transcription factors	NextSeq 500 sequencing; GSM3311577: HSFB2A_B1Rep2; Arabidopsis thaliana; RNA-Seq	HSFB2A_B1Rep2	2a4d7280d990c212715b0ab04479bc94	1262823358	ftp.sra.ebi.ac.uk/vol1/fastq/SRR762/004/SRR7620854/SRR7620854.fastq.gz	ftp.sra.ebi.ac.uk/vol1/fastq/SRR762/004/SRR7620854/SRR7620854.fastq.gz	fasp.sra.ebi.ac.uk:/vol1/fastq/SRR762/004/SRR7620854/SRR7620854.fastq.gz
SAMN09739308	SRR7620855	SRX4485006	SAMN09739308	SRS3609295	PRJNA483458	SRP155742	PRJNA9506	SRA747708	GSM3311578_r1	GSM3311578	GSM3311578	GSE117857	SINGLE	cDNA	TRANSCRIPTOMIC	RNA-Seq		NextSeq 500	ILLUMINA	1753542528.0	23072928.0	3702	Arabidopsis thaliana	GATA17_B1Rep2	NextSeq 500 sequencing; GSM3311578: GATA17_B1Rep2; Arabidopsis thaliana; RNA-Seq	Genome-wide validation of the direct regulated targets for 33 nitrogen-early response transcription factors	NextSeq 500 sequencing; GSM3311578: GATA17_B1Rep2; Arabidopsis thaliana; RNA-Seq	GATA17_B1Rep2	041ab070a0a03a26c1ce453c5c91b161	869104921	ftp.sra.ebi.ac.uk/vol1/fastq/SRR762/005/SRR7620855/SRR7620855.fastq.gz	ftp.sra.ebi.ac.uk/vol1/fastq/SRR762/005/SRR7620855/SRR7620855.fastq.gz	fasp.sra.ebi.ac.uk:/vol1/fastq/SRR762/005/SRR7620855/SRR7620855.fastq.gz
SAMN09739307	SRR7620856	SRX4485007	SAMN09739307	SRS3609300	PRJNA483458	SRP155742	PRJNA9506	SRA747708	GSM3311579_r1	GSM3311579	GSM3311579	GSE117857	SINGLE	cDNA	TRANSCRIPTOMIC	RNA-Seq		NextSeq 500	ILLUMINA	1199457460.0	15782335.0	3702	Arabidopsis thaliana	EV_B1Rep3	NextSeq 500 sequencing; GSM3311579: EV_B1Rep3; Arabidopsis thaliana; RNA-Seq	Genome-wide validation of the direct regulated targets for 33 nitrogen-early response transcription factors	NextSeq 500 sequencing; GSM3311579: EV_B1Rep3; Arabidopsis thaliana; RNA-Seq	EV_B1Rep3	8267bcbef0664e42d9541c60db39cf37	658108389	ftp.sra.ebi.ac.uk/vol1/fastq/SRR762/006/SRR7620856/SRR7620856.fastq.gz	ftp.sra.ebi.ac.uk/vol1/fastq/SRR762/006/SRR7620856/SRR7620856.fastq.gz	fasp.sra.ebi.ac.uk:/vol1/fastq/SRR762/006/SRR7620856/SRR7620856.fastq.gz
SAMN09739306	SRR7620857	SRX4485008	SAMN09739306	SRS3609299	PRJNA483458	SRP155742	PRJNA9506	SRA747708	GSM3311580_r1	GSM3311580	GSM3311580	GSE117857	SINGLE	cDNA	TRANSCRIPTOMIC	RNA-Seq		NextSeq 500	ILLUMINA	1599627252.0	21047727.0	3702	Arabidopsis thaliana	ERF056_B1Rep3	NextSeq 500 sequencing; GSM3311580: ERF056_B1Rep3; Arabidopsis thaliana; RNA-Seq	Genome-wide validation of the direct regulated targets for 33 nitrogen-early response transcription factors	NextSeq 500 sequencing; GSM3311580: ERF056_B1Rep3; Arabidopsis thaliana; RNA-Seq	ERF056_B1Rep3	4466febe238a05de07e732be4a2b274e	788520341	ftp.sra.ebi.ac.uk/vol1/fastq/SRR762/007/SRR7620857/SRR7620857.fastq.gz	ftp.sra.ebi.ac.uk/vol1/fastq/SRR762/007/SRR7620857/SRR7620857.fastq.gz	fasp.sra.ebi.ac.uk:/vol1/fastq/SRR762/007/SRR7620857/SRR7620857.fastq.gz
SAMN09739305	SRR7620858	SRX4485009	SAMN09739305	SRS3609303	PRJNA483458	SRP155742	PRJNA9506	SRA747708	GSM3311581_r1	GSM3311581	GSM3311581	GSE117857	SINGLE	cDNA	TRANSCRIPTOMIC	RNA-Seq		NextSeq 500	ILLUMINA	1306000872.0	17184222.0	3702	Arabidopsis thaliana	HSFB2A_B1Rep3	NextSeq 500 sequencing; GSM3311581: HSFB2A_B1Rep3; Arabidopsis thaliana; RNA-Seq	Genome-wide validation of the direct regulated targets for 33 nitrogen-early response transcription factors	NextSeq 500 sequencing; GSM3311581: HSFB2A_B1Rep3; Arabidopsis thaliana; RNA-Seq	HSFB2A_B1Rep3	ce952b76a3ec2af5cc27cd923634ec25	663235673	ftp.sra.ebi.ac.uk/vol1/fastq/SRR762/008/SRR7620858/SRR7620858.fastq.gz	ftp.sra.ebi.ac.uk/vol1/fastq/SRR762/008/SRR7620858/SRR7620858.fastq.gz	fasp.sra.ebi.ac.uk:/vol1/fastq/SRR762/008/SRR7620858/SRR7620858.fastq.gz
SAMN09739304	SRR7620859	SRX4485010	SAMN09739304	SRS3609304	PRJNA483458	SRP155742	PRJNA9506	SRA747708	GSM3311582_r1	GSM3311582	GSM3311582	GSE117857	SINGLE	cDNA	TRANSCRIPTOMIC	RNA-Seq		NextSeq 500	ILLUMINA	2220790148.0	29220923.0	3702	Arabidopsis thaliana	GATA17_B1Rep3	NextSeq 500 sequencing; GSM3311582: GATA17_B1Rep3; Arabidopsis thaliana; RNA-Seq	Genome-wide validation of the direct regulated targets for 33 nitrogen-early response transcription factors	NextSeq 500 sequencing; GSM3311582: GATA17_B1Rep3; Arabidopsis thaliana; RNA-Seq	GATA17_B1Rep3	738e0909b6129ead8bf1f80759307340	1119403727	ftp.sra.ebi.ac.uk/vol1/fastq/SRR762/009/SRR7620859/SRR7620859.fastq.gz	ftp.sra.ebi.ac.uk/vol1/fastq/SRR762/009/SRR7620859/SRR7620859.fastq.gz	fasp.sra.ebi.ac.uk:/vol1/fastq/SRR762/009/SRR7620859/SRR7620859.fastq.gz
SAMN09739303	SRR7620860	SRX4485011	SAMN09739303	SRS3609302	PRJNA483458	SRP155742	PRJNA9506	SRA747708	GSM3311583_r1	GSM3311583	GSM3311583	GSE117857	SINGLE	cDNA	TRANSCRIPTOMIC	RNA-Seq		NextSeq 500	ILLUMINA	1728012988.0	22737013.0	3702	Arabidopsis thaliana	EV_B2Rep1	NextSeq 500 sequencing; GSM3311583: EV_B2Rep1; Arabidopsis thaliana; RNA-Seq	Genome-wide validation of the direct regulated targets for 33 nitrogen-early response transcription factors	NextSeq 500 sequencing; GSM3311583: EV_B2Rep1; Arabidopsis thaliana; RNA-Seq	EV_B2Rep1	3ce508a02305c5aebe7c83c6ecac2873	929941564	ftp.sra.ebi.ac.uk/vol1/fastq/SRR762/000/SRR7620860/SRR7620860.fastq.gz	ftp.sra.ebi.ac.uk/vol1/fastq/SRR762/000/SRR7620860/SRR7620860.fastq.gz	fasp.sra.ebi.ac.uk:/vol1/fastq/SRR762/000/SRR7620860/SRR7620860.fastq.gz
SAMN09739302	SRR7620861	SRX4485012	SAMN09739302	SRS3609301	PRJNA483458	SRP155742	PRJNA9506	SRA747708	GSM3311584_r1	GSM3311584	GSM3311584	GSE117857	SINGLE	cDNA	TRANSCRIPTOMIC	RNA-Seq		NextSeq 500	ILLUMINA	2959659336.0	38942886.0	3702	Arabidopsis thaliana	EV_B2Rep2	NextSeq 500 sequencing; GSM3311584: EV_B2Rep2; Arabidopsis thaliana; RNA-Seq	Genome-wide validation of the direct regulated targets for 33 nitrogen-early response transcription factors	NextSeq 500 sequencing; GSM3311584: EV_B2Rep2; Arabidopsis thaliana; RNA-Seq	EV_B2Rep2	8d7c4a95fc99b93b5f9ac1b76e5cf81b	1591345716	ftp.sra.ebi.ac.uk/vol1/fastq/SRR762/001/SRR7620861/SRR7620861.fastq.gz	ftp.sra.ebi.ac.uk/vol1/fastq/SRR762/001/SRR7620861/SRR7620861.fastq.gz	fasp.sra.ebi.ac.uk:/vol1/fastq/SRR762/001/SRR7620861/SRR7620861.fastq.gz
SAMN09739301	SRR7620862	SRX4485013	SAMN09739301	SRS3609305	PRJNA483458	SRP155742	PRJNA9506	SRA747708	GSM3311585_r1	GSM3311585	GSM3311585	GSE117857	SINGLE	cDNA	TRANSCRIPTOMIC	RNA-Seq		NextSeq 500	ILLUMINA	3796354508.0	49952033.0	3702	Arabidopsis thaliana	EV_B2Rep3	NextSeq 500 sequencing; GSM3311585: EV_B2Rep3; Arabidopsis thaliana; RNA-Seq	Genome-wide validation of the direct regulated targets for 33 nitrogen-early response transcription factors	NextSeq 500 sequencing; GSM3311585: EV_B2Rep3; Arabidopsis thaliana; RNA-Seq	EV_B2Rep3	36c53a71f9f877c27f488882368cc97f	2044333431	ftp.sra.ebi.ac.uk/vol1/fastq/SRR762/002/SRR7620862/SRR7620862.fastq.gz	ftp.sra.ebi.ac.uk/vol1/fastq/SRR762/002/SRR7620862/SRR7620862.fastq.gz	fasp.sra.ebi.ac.uk:/vol1/fastq/SRR762/002/SRR7620862/SRR7620862.fastq.gz
SAMN09739300	SRR7620863	SRX4485014	SAMN09739300	SRS3609306	PRJNA483458	SRP155742	PRJNA9506	SRA747708	GSM3311586_r1	GSM3311586	GSM3311586	GSE117857	SINGLE	cDNA	TRANSCRIPTOMIC	RNA-Seq		NextSeq 500	ILLUMINA	2188227948.0	28792473.0	3702	Arabidopsis thaliana	TGA1_B2Rep1	NextSeq 500 sequencing; GSM3311586: TGA1_B2Rep1; Arabidopsis thaliana; RNA-Seq	Genome-wide validation of the direct regulated targets for 33 nitrogen-early response transcription factors	NextSeq 500 sequencing; GSM3311586: TGA1_B2Rep1; Arabidopsis thaliana; RNA-Seq	TGA1_B2Rep1	906da9df26a3cbda4d6cfe1d60938a96	1082921927	ftp.sra.ebi.ac.uk/vol1/fastq/SRR762/003/SRR7620863/SRR7620863.fastq.gz	ftp.sra.ebi.ac.uk/vol1/fastq/SRR762/003/SRR7620863/SRR7620863.fastq.gz	fasp.sra.ebi.ac.uk:/vol1/fastq/SRR762/003/SRR7620863/SRR7620863.fastq.gz
SAMN09739299	SRR7620864	SRX4485015	SAMN09739299	SRS3609307	PRJNA483458	SRP155742	PRJNA9506	SRA747708	GSM3311587_r1	GSM3311587	GSM3311587	GSE117857	SINGLE	cDNA	TRANSCRIPTOMIC	RNA-Seq		NextSeq 500	ILLUMINA	991595408.0	13047308.0	3702	Arabidopsis thaliana	TGA1_B2Rep2	NextSeq 500 sequencing; GSM3311587: TGA1_B2Rep2; Arabidopsis thaliana; RNA-Seq	Genome-wide validation of the direct regulated targets for 33 nitrogen-early response transcription factors	NextSeq 500 sequencing; GSM3311587: TGA1_B2Rep2; Arabidopsis thaliana; RNA-Seq	TGA1_B2Rep2	c9e365591bf6abc93bbd4ea96b1ccdb9	477076575	ftp.sra.ebi.ac.uk/vol1/fastq/SRR762/004/SRR7620864/SRR7620864.fastq.gz	ftp.sra.ebi.ac.uk/vol1/fastq/SRR762/004/SRR7620864/SRR7620864.fastq.gz	fasp.sra.ebi.ac.uk:/vol1/fastq/SRR762/004/SRR7620864/SRR7620864.fastq.gz
SAMN09739298	SRR7620865	SRX4485016	SAMN09739298	SRS3609309	PRJNA483458	SRP155742	PRJNA9506	SRA747708	GSM3311588_r1	GSM3311588	GSM3311588	GSE117857	SINGLE	cDNA	TRANSCRIPTOMIC	RNA-Seq		NextSeq 500	ILLUMINA	954132804.0	12554379.0	3702	Arabidopsis thaliana	TGA1_B2Rep3	NextSeq 500 sequencing; GSM3311588: TGA1_B2Rep3; Arabidopsis thaliana; RNA-Seq	Genome-wide validation of the direct regulated targets for 33 nitrogen-early response transcription factors	NextSeq 500 sequencing; GSM3311588: TGA1_B2Rep3; Arabidopsis thaliana; RNA-Seq	TGA1_B2Rep3	2c38969caec7ae67fce347e9921c8f57	467062258	ftp.sra.ebi.ac.uk/vol1/fastq/SRR762/005/SRR7620865/SRR7620865.fastq.gz	ftp.sra.ebi.ac.uk/vol1/fastq/SRR762/005/SRR7620865/SRR7620865.fastq.gz	fasp.sra.ebi.ac.uk:/vol1/fastq/SRR762/005/SRR7620865/SRR7620865.fastq.gz
SAMN09739297	SRR7620866	SRX4485017	SAMN09739297	SRS3609312	PRJNA483458	SRP155742	PRJNA9506	SRA747708	GSM3311589_r1	GSM3311589	GSM3311589	GSE117857	SINGLE	cDNA	TRANSCRIPTOMIC	RNA-Seq		NextSeq 500	ILLUMINA	1875648376.0	18570776.0	3702	Arabidopsis thaliana	COL5_B3Rep1	NextSeq 500 sequencing; GSM3311589: COL5_B3Rep1; Arabidopsis thaliana; RNA-Seq	Genome-wide validation of the direct regulated targets for 33 nitrogen-early response transcription factors	NextSeq 500 sequencing; GSM3311589: COL5_B3Rep1; Arabidopsis thaliana; RNA-Seq	COL5_B3Rep1	0fea8001005e9ddffe60ebb7d9b5385c	1007024556	ftp.sra.ebi.ac.uk/vol1/fastq/SRR762/006/SRR7620866/SRR7620866.fastq.gz	ftp.sra.ebi.ac.uk/vol1/fastq/SRR762/006/SRR7620866/SRR7620866.fastq.gz	fasp.sra.ebi.ac.uk:/vol1/fastq/SRR762/006/SRR7620866/SRR7620866.fastq.gz
SAMN09739296	SRR7620867	SRX4485018	SAMN09739296	SRS3609311	PRJNA483458	SRP155742	PRJNA9506	SRA747708	GSM3311590_r1	GSM3311590	GSM3311590	GSE117857	SINGLE	cDNA	TRANSCRIPTOMIC	RNA-Seq		NextSeq 500	ILLUMINA	2679558179.0	26530279.0	3702	Arabidopsis thaliana	GATA17L_B3Rep1	NextSeq 500 sequencing; GSM3311590: GATA17L_B3Rep1; Arabidopsis thaliana; RNA-Seq	Genome-wide validation of the direct regulated targets for 33 nitrogen-early response transcription factors	NextSeq 500 sequencing; GSM3311590: GATA17L_B3Rep1; Arabidopsis thaliana; RNA-Seq	GATA17L_B3Rep1	0fa565c66f87377bcf35134fa3a8c9f8	1440321127	ftp.sra.ebi.ac.uk/vol1/fastq/SRR762/007/SRR7620867/SRR7620867.fastq.gz	ftp.sra.ebi.ac.uk/vol1/fastq/SRR762/007/SRR7620867/SRR7620867.fastq.gz	fasp.sra.ebi.ac.uk:/vol1/fastq/SRR762/007/SRR7620867/SRR7620867.fastq.gz
SAMN09739295	SRR7620868	SRX4485019	SAMN09739295	SRS3609308	PRJNA483458	SRP155742	PRJNA9506	SRA747708	GSM3311591_r1	GSM3311591	GSM3311591	GSE117857	SINGLE	cDNA	TRANSCRIPTOMIC	RNA-Seq		NextSeq 500	ILLUMINA	2579428900.0	25538900.0	3702	Arabidopsis thaliana	HHO3_B3Rep1	NextSeq 500 sequencing; GSM3311591: HHO3_B3Rep1; Arabidopsis thaliana; RNA-Seq	Genome-wide validation of the direct regulated targets for 33 nitrogen-early response transcription factors	NextSeq 500 sequencing; GSM3311591: HHO3_B3Rep1; Arabidopsis thaliana; RNA-Seq	HHO3_B3Rep1	2a72f17876214a1644391da78d33afc7	1373721370	ftp.sra.ebi.ac.uk/vol1/fastq/SRR762/008/SRR7620868/SRR7620868.fastq.gz	ftp.sra.ebi.ac.uk/vol1/fastq/SRR762/008/SRR7620868/SRR7620868.fastq.gz	fasp.sra.ebi.ac.uk:/vol1/fastq/SRR762/008/SRR7620868/SRR7620868.fastq.gz
SAMN09739294	SRR7620869	SRX4485020	SAMN09739294	SRS3609310	PRJNA483458	SRP155742	PRJNA9506	SRA747708	GSM3311592_r1	GSM3311592	GSM3311592	GSE117857	SINGLE	cDNA	TRANSCRIPTOMIC	RNA-Seq		NextSeq 500	ILLUMINA	1721480966.0	17044366.0	3702	Arabidopsis thaliana	COL5_B3Rep2	NextSeq 500 sequencing; GSM3311592: COL5_B3Rep2; Arabidopsis thaliana; RNA-Seq	Genome-wide validation of the direct regulated targets for 33 nitrogen-early response transcription factors	NextSeq 500 sequencing; GSM3311592: COL5_B3Rep2; Arabidopsis thaliana; RNA-Seq	COL5_B3Rep2	2d8a735e9e85ea54c00ba8e10ca28381	917798399	ftp.sra.ebi.ac.uk/vol1/fastq/SRR762/009/SRR7620869/SRR7620869.fastq.gz	ftp.sra.ebi.ac.uk/vol1/fastq/SRR762/009/SRR7620869/SRR7620869.fastq.gz	fasp.sra.ebi.ac.uk:/vol1/fastq/SRR762/009/SRR7620869/SRR7620869.fastq.gz
SAMN09739293	SRR7620870	SRX4485021	SAMN09739293	SRS3609313	PRJNA483458	SRP155742	PRJNA9506	SRA747708	GSM3311593_r1	GSM3311593	GSM3311593	GSE117857	SINGLE	cDNA	TRANSCRIPTOMIC	RNA-Seq		NextSeq 500	ILLUMINA	2675674426.0	26491826.0	3702	Arabidopsis thaliana	GATA17L_B3Rep2	NextSeq 500 sequencing; GSM3311593: GATA17L_B3Rep2; Arabidopsis thaliana; RNA-Seq	Genome-wide validation of the direct regulated targets for 33 nitrogen-early response transcription factors	NextSeq 500 sequencing; GSM3311593: GATA17L_B3Rep2; Arabidopsis thaliana; RNA-Seq	GATA17L_B3Rep2	7c0c08f6e7423a6cf9bc6f80004bd342	1418394230	ftp.sra.ebi.ac.uk/vol1/fastq/SRR762/000/SRR7620870/SRR7620870.fastq.gz	ftp.sra.ebi.ac.uk/vol1/fastq/SRR762/000/SRR7620870/SRR7620870.fastq.gz	fasp.sra.ebi.ac.uk:/vol1/fastq/SRR762/000/SRR7620870/SRR7620870.fastq.gz
SAMN09739273	SRR7620871	SRX4485022	SAMN09739273	SRS3609314	PRJNA483458	SRP155742	PRJNA9506	SRA747708	GSM3311594_r1	GSM3311594	GSM3311594	GSE117857	SINGLE	cDNA	TRANSCRIPTOMIC	RNA-Seq		NextSeq 500	ILLUMINA	2366543928.0	23431128.0	3702	Arabidopsis thaliana	HHO3_B3Rep2	NextSeq 500 sequencing; GSM3311594: HHO3_B3Rep2; Arabidopsis thaliana; RNA-Seq	Genome-wide validation of the direct regulated targets for 33 nitrogen-early response transcription factors	NextSeq 500 sequencing; GSM3311594: HHO3_B3Rep2; Arabidopsis thaliana; RNA-Seq	HHO3_B3Rep2	caf32f49fda00f5235043f267c45c202	1284725697	ftp.sra.ebi.ac.uk/vol1/fastq/SRR762/001/SRR7620871/SRR7620871.fastq.gz	ftp.sra.ebi.ac.uk/vol1/fastq/SRR762/001/SRR7620871/SRR7620871.fastq.gz	fasp.sra.ebi.ac.uk:/vol1/fastq/SRR762/001/SRR7620871/SRR7620871.fastq.gz
SAMN09739272	SRR7620872	SRX4485023	SAMN09739272	SRS3609316	PRJNA483458	SRP155742	PRJNA9506	SRA747708	GSM3311595_r1	GSM3311595	GSM3311595	GSE117857	SINGLE	cDNA	TRANSCRIPTOMIC	RNA-Seq		NextSeq 500	ILLUMINA	1989743632.0	19700432.0	3702	Arabidopsis thaliana	COL5_B3Rep3	NextSeq 500 sequencing; GSM3311595: COL5_B3Rep3; Arabidopsis thaliana; RNA-Seq	Genome-wide validation of the direct regulated targets for 33 nitrogen-early response transcription factors	NextSeq 500 sequencing; GSM3311595: COL5_B3Rep3; Arabidopsis thaliana; RNA-Seq	COL5_B3Rep3	392417c91dcd7fbeb5a5a1493b5f58f6	1083415797	ftp.sra.ebi.ac.uk/vol1/fastq/SRR762/002/SRR7620872/SRR7620872.fastq.gz	ftp.sra.ebi.ac.uk/vol1/fastq/SRR762/002/SRR7620872/SRR7620872.fastq.gz	fasp.sra.ebi.ac.uk:/vol1/fastq/SRR762/002/SRR7620872/SRR7620872.fastq.gz
SAMN09739271	SRR7620873	SRX4485024	SAMN09739271	SRS3609315	PRJNA483458	SRP155742	PRJNA9506	SRA747708	GSM3311596_r1	GSM3311596	GSM3311596	GSE117857	SINGLE	cDNA	TRANSCRIPTOMIC	RNA-Seq		NextSeq 500	ILLUMINA	2050621685.0	20303185.0	3702	Arabidopsis thaliana	GATA17L_B3Rep3	NextSeq 500 sequencing; GSM3311596: GATA17L_B3Rep3; Arabidopsis thaliana; RNA-Seq	Genome-wide validation of the direct regulated targets for 33 nitrogen-early response transcription factors	NextSeq 500 sequencing; GSM3311596: GATA17L_B3Rep3; Arabidopsis thaliana; RNA-Seq	GATA17L_B3Rep3	daa44b3bfbc71a1f172aa5cbeed0cc06	1137319339	ftp.sra.ebi.ac.uk/vol1/fastq/SRR762/003/SRR7620873/SRR7620873.fastq.gz	ftp.sra.ebi.ac.uk/vol1/fastq/SRR762/003/SRR7620873/SRR7620873.fastq.gz	fasp.sra.ebi.ac.uk:/vol1/fastq/SRR762/003/SRR7620873/SRR7620873.fastq.gz
SAMN09739371	SRR7620874	SRX4485025	SAMN09739371	SRS3609317	PRJNA483458	SRP155742	PRJNA9506	SRA747708	GSM3311597_r1	GSM3311597	GSM3311597	GSE117857	SINGLE	cDNA	TRANSCRIPTOMIC	RNA-Seq		NextSeq 500	ILLUMINA	2269552214.0	22470814.0	3702	Arabidopsis thaliana	HHO3_B3Rep3	NextSeq 500 sequencing; GSM3311597: HHO3_B3Rep3; Arabidopsis thaliana; RNA-Seq	Genome-wide validation of the direct regulated targets for 33 nitrogen-early response transcription factors	NextSeq 500 sequencing; GSM3311597: HHO3_B3Rep3; Arabidopsis thaliana; RNA-Seq	HHO3_B3Rep3	72f95f55b9c4b734011ace05c2363b35	1233489374	ftp.sra.ebi.ac.uk/vol1/fastq/SRR762/004/SRR7620874/SRR7620874.fastq.gz	ftp.sra.ebi.ac.uk/vol1/fastq/SRR762/004/SRR7620874/SRR7620874.fastq.gz	fasp.sra.ebi.ac.uk:/vol1/fastq/SRR762/004/SRR7620874/SRR7620874.fastq.gz
SAMN09739370	SRR7620875	SRX4485026	SAMN09739370	SRS3609319	PRJNA483458	SRP155742	PRJNA9506	SRA747708	GSM3311598_r1	GSM3311598	GSM3311598	GSE117857	SINGLE	cDNA	TRANSCRIPTOMIC	RNA-Seq		NextSeq 500	ILLUMINA	1852187793.0	18338493.0	3702	Arabidopsis thaliana	EV_B3Rep1	NextSeq 500 sequencing; GSM3311598: EV_B3Rep1; Arabidopsis thaliana; RNA-Seq	Genome-wide validation of the direct regulated targets for 33 nitrogen-early response transcription factors	NextSeq 500 sequencing; GSM3311598: EV_B3Rep1; Arabidopsis thaliana; RNA-Seq	EV_B3Rep1	661fb8a1c7f82d4e544d15993fa2952d	998389106	ftp.sra.ebi.ac.uk/vol1/fastq/SRR762/005/SRR7620875/SRR7620875.fastq.gz	ftp.sra.ebi.ac.uk/vol1/fastq/SRR762/005/SRR7620875/SRR7620875.fastq.gz	fasp.sra.ebi.ac.uk:/vol1/fastq/SRR762/005/SRR7620875/SRR7620875.fastq.gz
SAMN09739369	SRR7620876	SRX4485027	SAMN09739369	SRS3609318	PRJNA483458	SRP155742	PRJNA9506	SRA747708	GSM3311599_r1	GSM3311599	GSM3311599	GSE117857	SINGLE	cDNA	TRANSCRIPTOMIC	RNA-Seq		NextSeq 500	ILLUMINA	2410055738.0	23861938.0	3702	Arabidopsis thaliana	CRF4_B3Rep1	NextSeq 500 sequencing; GSM3311599: CRF4_B3Rep1; Arabidopsis thaliana; RNA-Seq	Genome-wide validation of the direct regulated targets for 33 nitrogen-early response transcription factors	NextSeq 500 sequencing; GSM3311599: CRF4_B3Rep1; Arabidopsis thaliana; RNA-Seq	CRF4_B3Rep1	b096c096b1e981a62a915a249726dd39	1277689961	ftp.sra.ebi.ac.uk/vol1/fastq/SRR762/006/SRR7620876/SRR7620876.fastq.gz	ftp.sra.ebi.ac.uk/vol1/fastq/SRR762/006/SRR7620876/SRR7620876.fastq.gz	fasp.sra.ebi.ac.uk:/vol1/fastq/SRR762/006/SRR7620876/SRR7620876.fastq.gz
SAMN09739368	SRR7620877	SRX4485028	SAMN09739368	SRS3609320	PRJNA483458	SRP155742	PRJNA9506	SRA747708	GSM3311600_r1	GSM3311600	GSM3311600	GSE117857	SINGLE	cDNA	TRANSCRIPTOMIC	RNA-Seq		NextSeq 500	ILLUMINA	2747477144.0	27202744.0	3702	Arabidopsis thaliana	TGA4_B3Rep1	NextSeq 500 sequencing; GSM3311600: TGA4_B3Rep1; Arabidopsis thaliana; RNA-Seq	Genome-wide validation of the direct regulated targets for 33 nitrogen-early response transcription factors	NextSeq 500 sequencing; GSM3311600: TGA4_B3Rep1; Arabidopsis thaliana; RNA-Seq	TGA4_B3Rep1	08bb987f40eb99f9c86a6688b406f876	1388864503	ftp.sra.ebi.ac.uk/vol1/fastq/SRR762/007/SRR7620877/SRR7620877.fastq.gz	ftp.sra.ebi.ac.uk/vol1/fastq/SRR762/007/SRR7620877/SRR7620877.fastq.gz	fasp.sra.ebi.ac.uk:/vol1/fastq/SRR762/007/SRR7620877/SRR7620877.fastq.gz
SAMN09739367	SRR7620878	SRX4485029	SAMN09739367	SRS3609321	PRJNA483458	SRP155742	PRJNA9506	SRA747708	GSM3311601_r1	GSM3311601	GSM3311601	GSE117857	SINGLE	cDNA	TRANSCRIPTOMIC	RNA-Seq		NextSeq 500	ILLUMINA	2056842477.0	20364777.0	3702	Arabidopsis thaliana	BEE2_B3Rep1	NextSeq 500 sequencing; GSM3311601: BEE2_B3Rep1; Arabidopsis thaliana; RNA-Seq	Genome-wide validation of the direct regulated targets for 33 nitrogen-early response transcription factors	NextSeq 500 sequencing; GSM3311601: BEE2_B3Rep1; Arabidopsis thaliana; RNA-Seq	BEE2_B3Rep1	fd2fe575e61cc36d1b3f34149c669ff3	1014843278	ftp.sra.ebi.ac.uk/vol1/fastq/SRR762/008/SRR7620878/SRR7620878.fastq.gz	ftp.sra.ebi.ac.uk/vol1/fastq/SRR762/008/SRR7620878/SRR7620878.fastq.gz	fasp.sra.ebi.ac.uk:/vol1/fastq/SRR762/008/SRR7620878/SRR7620878.fastq.gz
SAMN09739366	SRR7620879	SRX4485030	SAMN09739366	SRS3609322	PRJNA483458	SRP155742	PRJNA9506	SRA747708	GSM3311602_r1	GSM3311602	GSM3311602	GSE117857	SINGLE	cDNA	TRANSCRIPTOMIC	RNA-Seq		NextSeq 500	ILLUMINA	1112538634.0	11015234.0	3702	Arabidopsis thaliana	HYH_B3Rep1	NextSeq 500 sequencing; GSM3311602: HYH_B3Rep1; Arabidopsis thaliana; RNA-Seq	Genome-wide validation of the direct regulated targets for 33 nitrogen-early response transcription factors	NextSeq 500 sequencing; GSM3311602: HYH_B3Rep1; Arabidopsis thaliana; RNA-Seq	HYH_B3Rep1	f9d6fb56df371a4b421aaceb26659cf8	552552779	ftp.sra.ebi.ac.uk/vol1/fastq/SRR762/009/SRR7620879/SRR7620879.fastq.gz	ftp.sra.ebi.ac.uk/vol1/fastq/SRR762/009/SRR7620879/SRR7620879.fastq.gz	fasp.sra.ebi.ac.uk:/vol1/fastq/SRR762/009/SRR7620879/SRR7620879.fastq.gz
SAMN09739365	SRR7620880	SRX4485031	SAMN09739365	SRS3609323	PRJNA483458	SRP155742	PRJNA9506	SRA747708	GSM3311603_r1	GSM3311603	GSM3311603	GSE117857	SINGLE	cDNA	TRANSCRIPTOMIC	RNA-Seq		NextSeq 500	ILLUMINA	1881407901.0	18627801.0	3702	Arabidopsis thaliana	EV_B3Rep2	NextSeq 500 sequencing; GSM3311603: EV_B3Rep2; Arabidopsis thaliana; RNA-Seq	Genome-wide validation of the direct regulated targets for 33 nitrogen-early response transcription factors	NextSeq 500 sequencing; GSM3311603: EV_B3Rep2; Arabidopsis thaliana; RNA-Seq	EV_B3Rep2	175e157336695a250146a1b3af32a8d9	1003634904	ftp.sra.ebi.ac.uk/vol1/fastq/SRR762/000/SRR7620880/SRR7620880.fastq.gz	ftp.sra.ebi.ac.uk/vol1/fastq/SRR762/000/SRR7620880/SRR7620880.fastq.gz	fasp.sra.ebi.ac.uk:/vol1/fastq/SRR762/000/SRR7620880/SRR7620880.fastq.gz
SAMN09739364	SRR7620881	SRX4485032	SAMN09739364	SRS3609327	PRJNA483458	SRP155742	PRJNA9506	SRA747708	GSM3311604_r1	GSM3311604	GSM3311604	GSE117857	SINGLE	cDNA	TRANSCRIPTOMIC	RNA-Seq		NextSeq 500	ILLUMINA	1779431736.0	17618136.0	3702	Arabidopsis thaliana	CRF4_B3Rep2	NextSeq 500 sequencing; GSM3311604: CRF4_B3Rep2; Arabidopsis thaliana; RNA-Seq	Genome-wide validation of the direct regulated targets for 33 nitrogen-early response transcription factors	NextSeq 500 sequencing; GSM3311604: CRF4_B3Rep2; Arabidopsis thaliana; RNA-Seq	CRF4_B3Rep2	bd6283443dbbc2daed7c02a35bf1a5a7	942683548	ftp.sra.ebi.ac.uk/vol1/fastq/SRR762/001/SRR7620881/SRR7620881.fastq.gz	ftp.sra.ebi.ac.uk/vol1/fastq/SRR762/001/SRR7620881/SRR7620881.fastq.gz	fasp.sra.ebi.ac.uk:/vol1/fastq/SRR762/001/SRR7620881/SRR7620881.fastq.gz
SAMN09739363	SRR7620882	SRX4485033	SAMN09739363	SRS3609325	PRJNA483458	SRP155742	PRJNA9506	SRA747708	GSM3311605_r1	GSM3311605	GSM3311605	GSE117857	SINGLE	cDNA	TRANSCRIPTOMIC	RNA-Seq		NextSeq 500	ILLUMINA	2027908401.0	20078301.0	3702	Arabidopsis thaliana	TGA4_B3Rep2	NextSeq 500 sequencing; GSM3311605: TGA4_B3Rep2; Arabidopsis thaliana; RNA-Seq	Genome-wide validation of the direct regulated targets for 33 nitrogen-early response transcription factors	NextSeq 500 sequencing; GSM3311605: TGA4_B3Rep2; Arabidopsis thaliana; RNA-Seq	TGA4_B3Rep2	f7558e4cc9f9a2445cf6b842ef12c611	1004397038	ftp.sra.ebi.ac.uk/vol1/fastq/SRR762/002/SRR7620882/SRR7620882.fastq.gz	ftp.sra.ebi.ac.uk/vol1/fastq/SRR762/002/SRR7620882/SRR7620882.fastq.gz	fasp.sra.ebi.ac.uk:/vol1/fastq/SRR762/002/SRR7620882/SRR7620882.fastq.gz
SAMN09739362	SRR7620883	SRX4485034	SAMN09739362	SRS3609324	PRJNA483458	SRP155742	PRJNA9506	SRA747708	GSM3311606_r1	GSM3311606	GSM3311606	GSE117857	SINGLE	cDNA	TRANSCRIPTOMIC	RNA-Seq		NextSeq 500	ILLUMINA	2107819197.0	20869497.0	3702	Arabidopsis thaliana	BEE2_B3Rep2	NextSeq 500 sequencing; GSM3311606: BEE2_B3Rep2; Arabidopsis thaliana; RNA-Seq	Genome-wide validation of the direct regulated targets for 33 nitrogen-early response transcription factors	NextSeq 500 sequencing; GSM3311606: BEE2_B3Rep2; Arabidopsis thaliana; RNA-Seq	BEE2_B3Rep2	1c8d10efc5f80fa13005c7b0e5ee1fb0	1046511769	ftp.sra.ebi.ac.uk/vol1/fastq/SRR762/003/SRR7620883/SRR7620883.fastq.gz	ftp.sra.ebi.ac.uk/vol1/fastq/SRR762/003/SRR7620883/SRR7620883.fastq.gz	fasp.sra.ebi.ac.uk:/vol1/fastq/SRR762/003/SRR7620883/SRR7620883.fastq.gz
SAMN09739361	SRR7620884	SRX4485035	SAMN09739361	SRS3609328	PRJNA483458	SRP155742	PRJNA9506	SRA747708	GSM3311607_r1	GSM3311607	GSM3311607	GSE117857	SINGLE	cDNA	TRANSCRIPTOMIC	RNA-Seq		NextSeq 500	ILLUMINA	1962446968.0	19430168.0	3702	Arabidopsis thaliana	HYH_B3Rep2	NextSeq 500 sequencing; GSM3311607: HYH_B3Rep2; Arabidopsis thaliana; RNA-Seq	Genome-wide validation of the direct regulated targets for 33 nitrogen-early response transcription factors	NextSeq 500 sequencing; GSM3311607: HYH_B3Rep2; Arabidopsis thaliana; RNA-Seq	HYH_B3Rep2	09b0f2bfd490cd2f4cdc5aac46e8209c	965398319	ftp.sra.ebi.ac.uk/vol1/fastq/SRR762/004/SRR7620884/SRR7620884.fastq.gz	ftp.sra.ebi.ac.uk/vol1/fastq/SRR762/004/SRR7620884/SRR7620884.fastq.gz	fasp.sra.ebi.ac.uk:/vol1/fastq/SRR762/004/SRR7620884/SRR7620884.fastq.gz
SAMN09739360	SRR7620885	SRX4485036	SAMN09739360	SRS3609326	PRJNA483458	SRP155742	PRJNA9506	SRA747708	GSM3311608_r1	GSM3311608	GSM3311608	GSE117857	SINGLE	cDNA	TRANSCRIPTOMIC	RNA-Seq		NextSeq 500	ILLUMINA	1700108861.0	16832761.0	3702	Arabidopsis thaliana	EV_B3Rep3	NextSeq 500 sequencing; GSM3311608: EV_B3Rep3; Arabidopsis thaliana; RNA-Seq	Genome-wide validation of the direct regulated targets for 33 nitrogen-early response transcription factors	NextSeq 500 sequencing; GSM3311608: EV_B3Rep3; Arabidopsis thaliana; RNA-Seq	EV_B3Rep3	5a420988c10d2e95b78941a4f579b1d4	913849597	ftp.sra.ebi.ac.uk/vol1/fastq/SRR762/005/SRR7620885/SRR7620885.fastq.gz	ftp.sra.ebi.ac.uk/vol1/fastq/SRR762/005/SRR7620885/SRR7620885.fastq.gz	fasp.sra.ebi.ac.uk:/vol1/fastq/SRR762/005/SRR7620885/SRR7620885.fastq.gz
SAMN09739359	SRR7620886	SRX4485037	SAMN09739359	SRS3609330	PRJNA483458	SRP155742	PRJNA9506	SRA747708	GSM3311609_r1	GSM3311609	GSM3311609	GSE117857	SINGLE	cDNA	TRANSCRIPTOMIC	RNA-Seq		NextSeq 500	ILLUMINA	2809765561.0	27819461.0	3702	Arabidopsis thaliana	CRF4_B3Rep3	NextSeq 500 sequencing; GSM3311609: CRF4_B3Rep3; Arabidopsis thaliana; RNA-Seq	Genome-wide validation of the direct regulated targets for 33 nitrogen-early response transcription factors	NextSeq 500 sequencing; GSM3311609: CRF4_B3Rep3; Arabidopsis thaliana; RNA-Seq	CRF4_B3Rep3	d8630fada91579ac9154672ef2b62316	1483577023	ftp.sra.ebi.ac.uk/vol1/fastq/SRR762/006/SRR7620886/SRR7620886.fastq.gz	ftp.sra.ebi.ac.uk/vol1/fastq/SRR762/006/SRR7620886/SRR7620886.fastq.gz	fasp.sra.ebi.ac.uk:/vol1/fastq/SRR762/006/SRR7620886/SRR7620886.fastq.gz
SAMN09739358	SRR7620887	SRX4485038	SAMN09739358	SRS3609331	PRJNA483458	SRP155742	PRJNA9506	SRA747708	GSM3311610_r1	GSM3311610	GSM3311610	GSE117857	SINGLE	cDNA	TRANSCRIPTOMIC	RNA-Seq		NextSeq 500	ILLUMINA	2072148017.0	20516317.0	3702	Arabidopsis thaliana	TGA4_B3Rep3	NextSeq 500 sequencing; GSM3311610: TGA4_B3Rep3; Arabidopsis thaliana; RNA-Seq	Genome-wide validation of the direct regulated targets for 33 nitrogen-early response transcription factors	NextSeq 500 sequencing; GSM3311610: TGA4_B3Rep3; Arabidopsis thaliana; RNA-Seq	TGA4_B3Rep3	7f30014169e0160184bf4eb417775833	1028510319	ftp.sra.ebi.ac.uk/vol1/fastq/SRR762/007/SRR7620887/SRR7620887.fastq.gz	ftp.sra.ebi.ac.uk/vol1/fastq/SRR762/007/SRR7620887/SRR7620887.fastq.gz	fasp.sra.ebi.ac.uk:/vol1/fastq/SRR762/007/SRR7620887/SRR7620887.fastq.gz
SAMN09739319	SRR7620888	SRX4485039	SAMN09739319	SRS3609329	PRJNA483458	SRP155742	PRJNA9506	SRA747708	GSM3311611_r1	GSM3311611	GSM3311611	GSE117857	SINGLE	cDNA	TRANSCRIPTOMIC	RNA-Seq		NextSeq 500	ILLUMINA	2229081211.0	22070111.0	3702	Arabidopsis thaliana	BEE2_B3Rep3	NextSeq 500 sequencing; GSM3311611: BEE2_B3Rep3; Arabidopsis thaliana; RNA-Seq	Genome-wide validation of the direct regulated targets for 33 nitrogen-early response transcription factors	NextSeq 500 sequencing; GSM3311611: BEE2_B3Rep3; Arabidopsis thaliana; RNA-Seq	BEE2_B3Rep3	a37daccd27eb36330173408d271a623a	1095428872	ftp.sra.ebi.ac.uk/vol1/fastq/SRR762/008/SRR7620888/SRR7620888.fastq.gz	ftp.sra.ebi.ac.uk/vol1/fastq/SRR762/008/SRR7620888/SRR7620888.fastq.gz	fasp.sra.ebi.ac.uk:/vol1/fastq/SRR762/008/SRR7620888/SRR7620888.fastq.gz
SAMN09739318	SRR7620889	SRX4485040	SAMN09739318	SRS3609332	PRJNA483458	SRP155742	PRJNA9506	SRA747708	GSM3311612_r1	GSM3311612	GSM3311612	GSE117857	SINGLE	cDNA	TRANSCRIPTOMIC	RNA-Seq		NextSeq 500	ILLUMINA	2333406333.0	23103033.0	3702	Arabidopsis thaliana	HYH_B3Rep3	NextSeq 500 sequencing; GSM3311612: HYH_B3Rep3; Arabidopsis thaliana; RNA-Seq	Genome-wide validation of the direct regulated targets for 33 nitrogen-early response transcription factors	NextSeq 500 sequencing; GSM3311612: HYH_B3Rep3; Arabidopsis thaliana; RNA-Seq	HYH_B3Rep3	ccb4697f63586eaca3b0c1029621a39b	1157349721	ftp.sra.ebi.ac.uk/vol1/fastq/SRR762/009/SRR7620889/SRR7620889.fastq.gz	ftp.sra.ebi.ac.uk/vol1/fastq/SRR762/009/SRR7620889/SRR7620889.fastq.gz	fasp.sra.ebi.ac.uk:/vol1/fastq/SRR762/009/SRR7620889/SRR7620889.fastq.gz
SAMN09739317	SRR7620890	SRX4485041	SAMN09739317	SRS3609333	PRJNA483458	SRP155742	PRJNA9506	SRA747708	GSM3311613_r1	GSM3311613	GSM3311613	GSE117857	SINGLE	cDNA	TRANSCRIPTOMIC	RNA-Seq		NextSeq 500	ILLUMINA	2339586826.0	23164226.0	3702	Arabidopsis thaliana	C2H2_B4Rep1	NextSeq 500 sequencing; GSM3311613: C2H2_B4Rep1; Arabidopsis thaliana; RNA-Seq	Genome-wide validation of the direct regulated targets for 33 nitrogen-early response transcription factors	NextSeq 500 sequencing; GSM3311613: C2H2_B4Rep1; Arabidopsis thaliana; RNA-Seq	C2H2_B4Rep1	8661ef7000932b1eadbb043df8085153	1253188813	ftp.sra.ebi.ac.uk/vol1/fastq/SRR762/000/SRR7620890/SRR7620890.fastq.gz	ftp.sra.ebi.ac.uk/vol1/fastq/SRR762/000/SRR7620890/SRR7620890.fastq.gz	fasp.sra.ebi.ac.uk:/vol1/fastq/SRR762/000/SRR7620890/SRR7620890.fastq.gz
SAMN09739316	SRR7620891	SRX4485042	SAMN09739316	SRS3609335	PRJNA483458	SRP155742	PRJNA9506	SRA747708	GSM3311614_r1	GSM3311614	GSM3311614	GSE117857	SINGLE	cDNA	TRANSCRIPTOMIC	RNA-Seq		NextSeq 500	ILLUMINA	2573075899.0	25475999.0	3702	Arabidopsis thaliana	CDF1_B4Rep1	NextSeq 500 sequencing; GSM3311614: CDF1_B4Rep1; Arabidopsis thaliana; RNA-Seq	Genome-wide validation of the direct regulated targets for 33 nitrogen-early response transcription factors	NextSeq 500 sequencing; GSM3311614: CDF1_B4Rep1; Arabidopsis thaliana; RNA-Seq	CDF1_B4Rep1	438adb58ac55ac21b00ddd74cc0a7428	1380833095	ftp.sra.ebi.ac.uk/vol1/fastq/SRR762/001/SRR7620891/SRR7620891.fastq.gz	ftp.sra.ebi.ac.uk/vol1/fastq/SRR762/001/SRR7620891/SRR7620891.fastq.gz	fasp.sra.ebi.ac.uk:/vol1/fastq/SRR762/001/SRR7620891/SRR7620891.fastq.gz
SAMN09739315	SRR7620892	SRX4485043	SAMN09739315	SRS3609334	PRJNA483458	SRP155742	PRJNA9506	SRA747708	GSM3311615_r1	GSM3311615	GSM3311615	GSE117857	SINGLE	cDNA	TRANSCRIPTOMIC	RNA-Seq		NextSeq 500	ILLUMINA	2373169326.0	23496726.0	3702	Arabidopsis thaliana	ZFP4_B4Rep1	NextSeq 500 sequencing; GSM3311615: ZFP4_B4Rep1; Arabidopsis thaliana; RNA-Seq	Genome-wide validation of the direct regulated targets for 33 nitrogen-early response transcription factors	NextSeq 500 sequencing; GSM3311615: ZFP4_B4Rep1; Arabidopsis thaliana; RNA-Seq	ZFP4_B4Rep1	b1c2b39052dd4ae0fc54efce4107fc90	1273495344	ftp.sra.ebi.ac.uk/vol1/fastq/SRR762/002/SRR7620892/SRR7620892.fastq.gz	ftp.sra.ebi.ac.uk/vol1/fastq/SRR762/002/SRR7620892/SRR7620892.fastq.gz	fasp.sra.ebi.ac.uk:/vol1/fastq/SRR762/002/SRR7620892/SRR7620892.fastq.gz
SAMN09739314	SRR7620893	SRX4485044	SAMN09739314	SRS3609337	PRJNA483458	SRP155742	PRJNA9506	SRA747708	GSM3311616_r1	GSM3311616	GSM3311616	GSE117857	SINGLE	cDNA	TRANSCRIPTOMIC	RNA-Seq		NextSeq 500	ILLUMINA	1912958786.0	18940186.0	3702	Arabidopsis thaliana	HHO2_B4Rep1	NextSeq 500 sequencing; GSM3311616: HHO2_B4Rep1; Arabidopsis thaliana; RNA-Seq	Genome-wide validation of the direct regulated targets for 33 nitrogen-early response transcription factors	NextSeq 500 sequencing; GSM3311616: HHO2_B4Rep1; Arabidopsis thaliana; RNA-Seq	HHO2_B4Rep1	524798e85f8f927b8b33e1cf8acf1f7c	1026334785	ftp.sra.ebi.ac.uk/vol1/fastq/SRR762/003/SRR7620893/SRR7620893.fastq.gz	ftp.sra.ebi.ac.uk/vol1/fastq/SRR762/003/SRR7620893/SRR7620893.fastq.gz	fasp.sra.ebi.ac.uk:/vol1/fastq/SRR762/003/SRR7620893/SRR7620893.fastq.gz
SAMN09739313	SRR7620894	SRX4485045	SAMN09739313	SRS3609336	PRJNA483458	SRP155742	PRJNA9506	SRA747708	GSM3311617_r1	GSM3311617	GSM3311617	GSE117857	SINGLE	cDNA	TRANSCRIPTOMIC	RNA-Seq		NextSeq 500	ILLUMINA	2071912182.0	20513982.0	3702	Arabidopsis thaliana	bZIP3_B4Rep1	NextSeq 500 sequencing; GSM3311617: bZIP3_B4Rep1; Arabidopsis thaliana; RNA-Seq	Genome-wide validation of the direct regulated targets for 33 nitrogen-early response transcription factors	NextSeq 500 sequencing; GSM3311617: bZIP3_B4Rep1; Arabidopsis thaliana; RNA-Seq	bZIP3_B4Rep1	8bbe72b2e750c93ea966557b9dacf74b	1111753847	ftp.sra.ebi.ac.uk/vol1/fastq/SRR762/004/SRR7620894/SRR7620894.fastq.gz	ftp.sra.ebi.ac.uk/vol1/fastq/SRR762/004/SRR7620894/SRR7620894.fastq.gz	fasp.sra.ebi.ac.uk:/vol1/fastq/SRR762/004/SRR7620894/SRR7620894.fastq.gz
SAMN09739312	SRR7620895	SRX4485046	SAMN09739312	SRS3609339	PRJNA483458	SRP155742	PRJNA9506	SRA747708	GSM3311618_r1	GSM3311618	GSM3311618	GSE117857	SINGLE	cDNA	TRANSCRIPTOMIC	RNA-Seq		NextSeq 500	ILLUMINA	2802521740.0	27747740.0	3702	Arabidopsis thaliana	C2H2_B4Rep2	NextSeq 500 sequencing; GSM3311618: C2H2_B4Rep2; Arabidopsis thaliana; RNA-Seq	Genome-wide validation of the direct regulated targets for 33 nitrogen-early response transcription factors	NextSeq 500 sequencing; GSM3311618: C2H2_B4Rep2; Arabidopsis thaliana; RNA-Seq	C2H2_B4Rep2	a3fca63f5ebf551ef9f32e2a8258c6b1	1535283818	ftp.sra.ebi.ac.uk/vol1/fastq/SRR762/005/SRR7620895/SRR7620895.fastq.gz	ftp.sra.ebi.ac.uk/vol1/fastq/SRR762/005/SRR7620895/SRR7620895.fastq.gz	fasp.sra.ebi.ac.uk:/vol1/fastq/SRR762/005/SRR7620895/SRR7620895.fastq.gz
SAMN09739377	SRR7620896	SRX4485047	SAMN09739377	SRS3609338	PRJNA483458	SRP155742	PRJNA9506	SRA747708	GSM3311619_r1	GSM3311619	GSM3311619	GSE117857	SINGLE	cDNA	TRANSCRIPTOMIC	RNA-Seq		NextSeq 500	ILLUMINA	3475678357.0	34412657.0	3702	Arabidopsis thaliana	CDF1_B4Rep2	NextSeq 500 sequencing; GSM3311619: CDF1_B4Rep2; Arabidopsis thaliana; RNA-Seq	Genome-wide validation of the direct regulated targets for 33 nitrogen-early response transcription factors	NextSeq 500 sequencing; GSM3311619: CDF1_B4Rep2; Arabidopsis thaliana; RNA-Seq	CDF1_B4Rep2	62c3b34f0d9e3b8e4de16b0ec9767d7f	1864858590	ftp.sra.ebi.ac.uk/vol1/fastq/SRR762/006/SRR7620896/SRR7620896.fastq.gz	ftp.sra.ebi.ac.uk/vol1/fastq/SRR762/006/SRR7620896/SRR7620896.fastq.gz	fasp.sra.ebi.ac.uk:/vol1/fastq/SRR762/006/SRR7620896/SRR7620896.fastq.gz
SAMN09739376	SRR7620897	SRX4485048	SAMN09739376	SRS3609341	PRJNA483458	SRP155742	PRJNA9506	SRA747708	GSM3311620_r1	GSM3311620	GSM3311620	GSE117857	SINGLE	cDNA	TRANSCRIPTOMIC	RNA-Seq		NextSeq 500	ILLUMINA	2071405162.0	20508962.0	3702	Arabidopsis thaliana	ZFP4_B4Rep2	NextSeq 500 sequencing; GSM3311620: ZFP4_B4Rep2; Arabidopsis thaliana; RNA-Seq	Genome-wide validation of the direct regulated targets for 33 nitrogen-early response transcription factors	NextSeq 500 sequencing; GSM3311620: ZFP4_B4Rep2; Arabidopsis thaliana; RNA-Seq	ZFP4_B4Rep2	771cd1b6a3099d0b4e980557d3e3bdba	1109961383	ftp.sra.ebi.ac.uk/vol1/fastq/SRR762/007/SRR7620897/SRR7620897.fastq.gz	ftp.sra.ebi.ac.uk/vol1/fastq/SRR762/007/SRR7620897/SRR7620897.fastq.gz	fasp.sra.ebi.ac.uk:/vol1/fastq/SRR762/007/SRR7620897/SRR7620897.fastq.gz
SAMN09739375	SRR7620898	SRX4485049	SAMN09739375	SRS3609340	PRJNA483458	SRP155742	PRJNA9506	SRA747708	GSM3311621_r1	GSM3311621	GSM3311621	GSE117857	SINGLE	cDNA	TRANSCRIPTOMIC	RNA-Seq		NextSeq 500	ILLUMINA	2145026183.0	21237883.0	3702	Arabidopsis thaliana	HHO2_B4Rep2	NextSeq 500 sequencing; GSM3311621: HHO2_B4Rep2; Arabidopsis thaliana; RNA-Seq	Genome-wide validation of the direct regulated targets for 33 nitrogen-early response transcription factors	NextSeq 500 sequencing; GSM3311621: HHO2_B4Rep2; Arabidopsis thaliana; RNA-Seq	HHO2_B4Rep2	14e1d10b6d3b3339d1f31a6b017056b5	1153584775	ftp.sra.ebi.ac.uk/vol1/fastq/SRR762/008/SRR7620898/SRR7620898.fastq.gz	ftp.sra.ebi.ac.uk/vol1/fastq/SRR762/008/SRR7620898/SRR7620898.fastq.gz	fasp.sra.ebi.ac.uk:/vol1/fastq/SRR762/008/SRR7620898/SRR7620898.fastq.gz
SAMN09739374	SRR7620899	SRX4485050	SAMN09739374	SRS3609342	PRJNA483458	SRP155742	PRJNA9506	SRA747708	GSM3311622_r1	GSM3311622	GSM3311622	GSE117857	SINGLE	cDNA	TRANSCRIPTOMIC	RNA-Seq		NextSeq 500	ILLUMINA	1783610207.0	17659507.0	3702	Arabidopsis thaliana	bZIP3_B4Rep2	NextSeq 500 sequencing; GSM3311622: bZIP3_B4Rep2; Arabidopsis thaliana; RNA-Seq	Genome-wide validation of the direct regulated targets for 33 nitrogen-early response transcription factors	NextSeq 500 sequencing; GSM3311622: bZIP3_B4Rep2; Arabidopsis thaliana; RNA-Seq	bZIP3_B4Rep2	262c653a705c734daebb96edf5b7f5df	953094951	ftp.sra.ebi.ac.uk/vol1/fastq/SRR762/009/SRR7620899/SRR7620899.fastq.gz	ftp.sra.ebi.ac.uk/vol1/fastq/SRR762/009/SRR7620899/SRR7620899.fastq.gz	fasp.sra.ebi.ac.uk:/vol1/fastq/SRR762/009/SRR7620899/SRR7620899.fastq.gz
SAMN09739373	SRR7620900	SRX4485051	SAMN09739373	SRS3609343	PRJNA483458	SRP155742	PRJNA9506	SRA747708	GSM3311623_r1	GSM3311623	GSM3311623	GSE117857	SINGLE	cDNA	TRANSCRIPTOMIC	RNA-Seq		NextSeq 500	ILLUMINA	2200598504.0	21788104.0	3702	Arabidopsis thaliana	C2H2_B4Rep3	NextSeq 500 sequencing; GSM3311623: C2H2_B4Rep3; Arabidopsis thaliana; RNA-Seq	Genome-wide validation of the direct regulated targets for 33 nitrogen-early response transcription factors	NextSeq 500 sequencing; GSM3311623: C2H2_B4Rep3; Arabidopsis thaliana; RNA-Seq	C2H2_B4Rep3	5bd98c0f4993fe0efec52d3bfe0bdb8b	1180782160	ftp.sra.ebi.ac.uk/vol1/fastq/SRR762/000/SRR7620900/SRR7620900.fastq.gz	ftp.sra.ebi.ac.uk/vol1/fastq/SRR762/000/SRR7620900/SRR7620900.fastq.gz	fasp.sra.ebi.ac.uk:/vol1/fastq/SRR762/000/SRR7620900/SRR7620900.fastq.gz
SAMN09739372	SRR7620901	SRX4485052	SAMN09739372	SRS3609344	PRJNA483458	SRP155742	PRJNA9506	SRA747708	GSM3311624_r1	GSM3311624	GSM3311624	GSE117857	SINGLE	cDNA	TRANSCRIPTOMIC	RNA-Seq		NextSeq 500	ILLUMINA	6089616129.0	60293229.0	3702	Arabidopsis thaliana	CDF1_B4Rep3	NextSeq 500 sequencing; GSM3311624: CDF1_B4Rep3; Arabidopsis thaliana; RNA-Seq	Genome-wide validation of the direct regulated targets for 33 nitrogen-early response transcription factors	NextSeq 500 sequencing; GSM3311624: CDF1_B4Rep3; Arabidopsis thaliana; RNA-Seq	CDF1_B4Rep3	caa764644813d03b4e43dfd921978759	3247301014	ftp.sra.ebi.ac.uk/vol1/fastq/SRR762/001/SRR7620901/SRR7620901.fastq.gz	ftp.sra.ebi.ac.uk/vol1/fastq/SRR762/001/SRR7620901/SRR7620901.fastq.gz	fasp.sra.ebi.ac.uk:/vol1/fastq/SRR762/001/SRR7620901/SRR7620901.fastq.gz
SAMN09739270	SRR7620902	SRX4485053	SAMN09739270	SRS3609346	PRJNA483458	SRP155742	PRJNA9506	SRA747708	GSM3311625_r1	GSM3311625	GSM3311625	GSE117857	SINGLE	cDNA	TRANSCRIPTOMIC	RNA-Seq		NextSeq 500	ILLUMINA	1885606774.0	18669374.0	3702	Arabidopsis thaliana	ZFP4_B4Rep3	NextSeq 500 sequencing; GSM3311625: ZFP4_B4Rep3; Arabidopsis thaliana; RNA-Seq	Genome-wide validation of the direct regulated targets for 33 nitrogen-early response transcription factors	NextSeq 500 sequencing; GSM3311625: ZFP4_B4Rep3; Arabidopsis thaliana; RNA-Seq	ZFP4_B4Rep3	6f1d81edbe2b5e93bd40d9e4acfea79f	1008053735	ftp.sra.ebi.ac.uk/vol1/fastq/SRR762/002/SRR7620902/SRR7620902.fastq.gz	ftp.sra.ebi.ac.uk/vol1/fastq/SRR762/002/SRR7620902/SRR7620902.fastq.gz	fasp.sra.ebi.ac.uk:/vol1/fastq/SRR762/002/SRR7620902/SRR7620902.fastq.gz
SAMN09739269	SRR7620903	SRX4485054	SAMN09739269	SRS3609347	PRJNA483458	SRP155742	PRJNA9506	SRA747708	GSM3311626_r1	GSM3311626	GSM3311626	GSE117857	SINGLE	cDNA	TRANSCRIPTOMIC	RNA-Seq		NextSeq 500	ILLUMINA	2072342644.0	20518244.0	3702	Arabidopsis thaliana	HHO2_B4Rep3	NextSeq 500 sequencing; GSM3311626: HHO2_B4Rep3; Arabidopsis thaliana; RNA-Seq	Genome-wide validation of the direct regulated targets for 33 nitrogen-early response transcription factors	NextSeq 500 sequencing; GSM3311626: HHO2_B4Rep3; Arabidopsis thaliana; RNA-Seq	HHO2_B4Rep3	9afcddd79fd6fa280aeeef93058d3057	1127896145	ftp.sra.ebi.ac.uk/vol1/fastq/SRR762/003/SRR7620903/SRR7620903.fastq.gz	ftp.sra.ebi.ac.uk/vol1/fastq/SRR762/003/SRR7620903/SRR7620903.fastq.gz	fasp.sra.ebi.ac.uk:/vol1/fastq/SRR762/003/SRR7620903/SRR7620903.fastq.gz
SAMN09739268	SRR7620904	SRX4485055	SAMN09739268	SRS3609345	PRJNA483458	SRP155742	PRJNA9506	SRA747708	GSM3311627_r1	GSM3311627	GSM3311627	GSE117857	SINGLE	cDNA	TRANSCRIPTOMIC	RNA-Seq		NextSeq 500	ILLUMINA	2551222630.0	25259630.0	3702	Arabidopsis thaliana	bZIP3_B4Rep3	NextSeq 500 sequencing; GSM3311627: bZIP3_B4Rep3; Arabidopsis thaliana; RNA-Seq	Genome-wide validation of the direct regulated targets for 33 nitrogen-early response transcription factors	NextSeq 500 sequencing; GSM3311627: bZIP3_B4Rep3; Arabidopsis thaliana; RNA-Seq	bZIP3_B4Rep3	9d4546aaab3a7e1e5e506f01f48cb993	1358630580	ftp.sra.ebi.ac.uk/vol1/fastq/SRR762/004/SRR7620904/SRR7620904.fastq.gz	ftp.sra.ebi.ac.uk/vol1/fastq/SRR762/004/SRR7620904/SRR7620904.fastq.gz	fasp.sra.ebi.ac.uk:/vol1/fastq/SRR762/004/SRR7620904/SRR7620904.fastq.gz
SAMN09739267	SRR7620905	SRX4485056	SAMN09739267	SRS3609349	PRJNA483458	SRP155742	PRJNA9506	SRA747708	GSM3311628_r1	GSM3311628	GSM3311628	GSE117857	SINGLE	cDNA	TRANSCRIPTOMIC	RNA-Seq		NextSeq 500	ILLUMINA	1834454415.0	18162915.0	3702	Arabidopsis thaliana	EV_B4Rep1	NextSeq 500 sequencing; GSM3311628: EV_B4Rep1; Arabidopsis thaliana; RNA-Seq	Genome-wide validation of the direct regulated targets for 33 nitrogen-early response transcription factors	NextSeq 500 sequencing; GSM3311628: EV_B4Rep1; Arabidopsis thaliana; RNA-Seq	EV_B4Rep1	cd5105e9d6910d8b97c07beedc401e2e	988582104	ftp.sra.ebi.ac.uk/vol1/fastq/SRR762/005/SRR7620905/SRR7620905.fastq.gz	ftp.sra.ebi.ac.uk/vol1/fastq/SRR762/005/SRR7620905/SRR7620905.fastq.gz	fasp.sra.ebi.ac.uk:/vol1/fastq/SRR762/005/SRR7620905/SRR7620905.fastq.gz
SAMN09739266	SRR7620906	SRX4485057	SAMN09739266	SRS3609348	PRJNA483458	SRP155742	PRJNA9506	SRA747708	GSM3311629_r1	GSM3311629	GSM3311629	GSE117857	SINGLE	cDNA	TRANSCRIPTOMIC	RNA-Seq		NextSeq 500	ILLUMINA	2147516641.0	21262541.0	3702	Arabidopsis thaliana	NAC4_B4Rep1	NextSeq 500 sequencing; GSM3311629: NAC4_B4Rep1; Arabidopsis thaliana; RNA-Seq	Genome-wide validation of the direct regulated targets for 33 nitrogen-early response transcription factors	NextSeq 500 sequencing; GSM3311629: NAC4_B4Rep1; Arabidopsis thaliana; RNA-Seq	NAC4_B4Rep1	fb0a57e6920d83829d002ca3ec13f8b4	1157234180	ftp.sra.ebi.ac.uk/vol1/fastq/SRR762/006/SRR7620906/SRR7620906.fastq.gz	ftp.sra.ebi.ac.uk/vol1/fastq/SRR762/006/SRR7620906/SRR7620906.fastq.gz	fasp.sra.ebi.ac.uk:/vol1/fastq/SRR762/006/SRR7620906/SRR7620906.fastq.gz
SAMN09739265	SRR7620907	SRX4485058	SAMN09739265	SRS3609350	PRJNA483458	SRP155742	PRJNA9506	SRA747708	GSM3311630_r1	GSM3311630	GSM3311630	GSE117857	SINGLE	cDNA	TRANSCRIPTOMIC	RNA-Seq		NextSeq 500	ILLUMINA	1833451687.0	18152987.0	3702	Arabidopsis thaliana	ASR3_B4Rep1	NextSeq 500 sequencing; GSM3311630: ASR3_B4Rep1; Arabidopsis thaliana; RNA-Seq	Genome-wide validation of the direct regulated targets for 33 nitrogen-early response transcription factors	NextSeq 500 sequencing; GSM3311630: ASR3_B4Rep1; Arabidopsis thaliana; RNA-Seq	ASR3_B4Rep1	0a873f1b94262dfa1b2dd9e68d832f51	922242111	ftp.sra.ebi.ac.uk/vol1/fastq/SRR762/007/SRR7620907/SRR7620907.fastq.gz	ftp.sra.ebi.ac.uk/vol1/fastq/SRR762/007/SRR7620907/SRR7620907.fastq.gz	fasp.sra.ebi.ac.uk:/vol1/fastq/SRR762/007/SRR7620907/SRR7620907.fastq.gz
SAMN09739264	SRR7620908	SRX4485059	SAMN09739264	SRS3609351	PRJNA483458	SRP155742	PRJNA9506	SRA747708	GSM3311631_r1	GSM3311631	GSM3311631	GSE117857	SINGLE	cDNA	TRANSCRIPTOMIC	RNA-Seq		NextSeq 500	ILLUMINA	1666104686.0	16496086.0	3702	Arabidopsis thaliana	ERF060_B4Rep1	NextSeq 500 sequencing; GSM3311631: ERF060_B4Rep1; Arabidopsis thaliana; RNA-Seq	Genome-wide validation of the direct regulated targets for 33 nitrogen-early response transcription factors	NextSeq 500 sequencing; GSM3311631: ERF060_B4Rep1; Arabidopsis thaliana; RNA-Seq	ERF060_B4Rep1	ed333da6405c857fdaa452e1c62719ff	834496286	ftp.sra.ebi.ac.uk/vol1/fastq/SRR762/008/SRR7620908/SRR7620908.fastq.gz	ftp.sra.ebi.ac.uk/vol1/fastq/SRR762/008/SRR7620908/SRR7620908.fastq.gz	fasp.sra.ebi.ac.uk:/vol1/fastq/SRR762/008/SRR7620908/SRR7620908.fastq.gz
SAMN09739263	SRR7620909	SRX4485060	SAMN09739263	SRS3609352	PRJNA483458	SRP155742	PRJNA9506	SRA747708	GSM3311632_r1	GSM3311632	GSM3311632	GSE117857	SINGLE	cDNA	TRANSCRIPTOMIC	RNA-Seq		NextSeq 500	ILLUMINA	2035900733.0	20157433.0	3702	Arabidopsis thaliana	LBD38_B4Rep1	NextSeq 500 sequencing; GSM3311632: LBD38_B4Rep1; Arabidopsis thaliana; RNA-Seq	Genome-wide validation of the direct regulated targets for 33 nitrogen-early response transcription factors	NextSeq 500 sequencing; GSM3311632: LBD38_B4Rep1; Arabidopsis thaliana; RNA-Seq	LBD38_B4Rep1	3e56c6ac1ad68e9436b4748407adc0d7	1012000014	ftp.sra.ebi.ac.uk/vol1/fastq/SRR762/009/SRR7620909/SRR7620909.fastq.gz	ftp.sra.ebi.ac.uk/vol1/fastq/SRR762/009/SRR7620909/SRR7620909.fastq.gz	fasp.sra.ebi.ac.uk:/vol1/fastq/SRR762/009/SRR7620909/SRR7620909.fastq.gz
SAMN09739262	SRR7620910	SRX4485061	SAMN09739262	SRS3609353	PRJNA483458	SRP155742	PRJNA9506	SRA747708	GSM3311633_r1	GSM3311633	GSM3311633	GSE117857	SINGLE	cDNA	TRANSCRIPTOMIC	RNA-Seq		NextSeq 500	ILLUMINA	2093802114.0	20730714.0	3702	Arabidopsis thaliana	EV_B4Rep2	NextSeq 500 sequencing; GSM3311633: EV_B4Rep2; Arabidopsis thaliana; RNA-Seq	Genome-wide validation of the direct regulated targets for 33 nitrogen-early response transcription factors	NextSeq 500 sequencing; GSM3311633: EV_B4Rep2; Arabidopsis thaliana; RNA-Seq	EV_B4Rep2	2024553c8a13e2ed8b365548984144b2	1126762666	ftp.sra.ebi.ac.uk/vol1/fastq/SRR762/000/SRR7620910/SRR7620910.fastq.gz	ftp.sra.ebi.ac.uk/vol1/fastq/SRR762/000/SRR7620910/SRR7620910.fastq.gz	fasp.sra.ebi.ac.uk:/vol1/fastq/SRR762/000/SRR7620910/SRR7620910.fastq.gz
SAMN09739261	SRR7620911	SRX4485062	SAMN09739261	SRS3609354	PRJNA483458	SRP155742	PRJNA9506	SRA747708	GSM3311634_r1	GSM3311634	GSM3311634	GSE117857	SINGLE	cDNA	TRANSCRIPTOMIC	RNA-Seq		NextSeq 500	ILLUMINA	1931265541.0	19121441.0	3702	Arabidopsis thaliana	NAC4_B4Rep2	NextSeq 500 sequencing; GSM3311634: NAC4_B4Rep2; Arabidopsis thaliana; RNA-Seq	Genome-wide validation of the direct regulated targets for 33 nitrogen-early response transcription factors	NextSeq 500 sequencing; GSM3311634: NAC4_B4Rep2; Arabidopsis thaliana; RNA-Seq	NAC4_B4Rep2	d1852bbe5946e9a7db42ba9fabcd9cbf	1044486433	ftp.sra.ebi.ac.uk/vol1/fastq/SRR762/001/SRR7620911/SRR7620911.fastq.gz	ftp.sra.ebi.ac.uk/vol1/fastq/SRR762/001/SRR7620911/SRR7620911.fastq.gz	fasp.sra.ebi.ac.uk:/vol1/fastq/SRR762/001/SRR7620911/SRR7620911.fastq.gz
SAMN09739260	SRR7620912	SRX4485063	SAMN09739260	SRS3609355	PRJNA483458	SRP155742	PRJNA9506	SRA747708	GSM3311635_r1	GSM3311635	GSM3311635	GSE117857	SINGLE	cDNA	TRANSCRIPTOMIC	RNA-Seq		NextSeq 500	ILLUMINA	1465224776.0	14507176.0	3702	Arabidopsis thaliana	ASR3_B4Rep2	NextSeq 500 sequencing; GSM3311635: ASR3_B4Rep2; Arabidopsis thaliana; RNA-Seq	Genome-wide validation of the direct regulated targets for 33 nitrogen-early response transcription factors	NextSeq 500 sequencing; GSM3311635: ASR3_B4Rep2; Arabidopsis thaliana; RNA-Seq	ASR3_B4Rep2	cae0bb40e0c8c034239c954f00d6f3cb	733318445	ftp.sra.ebi.ac.uk/vol1/fastq/SRR762/002/SRR7620912/SRR7620912.fastq.gz	ftp.sra.ebi.ac.uk/vol1/fastq/SRR762/002/SRR7620912/SRR7620912.fastq.gz	fasp.sra.ebi.ac.uk:/vol1/fastq/SRR762/002/SRR7620912/SRR7620912.fastq.gz
SAMN09739259	SRR7620913	SRX4485064	SAMN09739259	SRS3609356	PRJNA483458	SRP155742	PRJNA9506	SRA747708	GSM3311636_r1	GSM3311636	GSM3311636	GSE117857	SINGLE	cDNA	TRANSCRIPTOMIC	RNA-Seq		NextSeq 500	ILLUMINA	1298701329.0	12858429.0	3702	Arabidopsis thaliana	ERF060_B4Rep2	NextSeq 500 sequencing; GSM3311636: ERF060_B4Rep2; Arabidopsis thaliana; RNA-Seq	Genome-wide validation of the direct regulated targets for 33 nitrogen-early response transcription factors	NextSeq 500 sequencing; GSM3311636: ERF060_B4Rep2; Arabidopsis thaliana; RNA-Seq	ERF060_B4Rep2	ab5603cdae90338aa29926de22565bf5	646713880	ftp.sra.ebi.ac.uk/vol1/fastq/SRR762/003/SRR7620913/SRR7620913.fastq.gz	ftp.sra.ebi.ac.uk/vol1/fastq/SRR762/003/SRR7620913/SRR7620913.fastq.gz	fasp.sra.ebi.ac.uk:/vol1/fastq/SRR762/003/SRR7620913/SRR7620913.fastq.gz
SAMN09739258	SRR7620914	SRX4485065	SAMN09739258	SRS3609359	PRJNA483458	SRP155742	PRJNA9506	SRA747708	GSM3311637_r1	GSM3311637	GSM3311637	GSE117857	SINGLE	cDNA	TRANSCRIPTOMIC	RNA-Seq		NextSeq 500	ILLUMINA	1997595574.0	19778174.0	3702	Arabidopsis thaliana	LBD38_B4Rep2	NextSeq 500 sequencing; GSM3311637: LBD38_B4Rep2; Arabidopsis thaliana; RNA-Seq	Genome-wide validation of the direct regulated targets for 33 nitrogen-early response transcription factors	NextSeq 500 sequencing; GSM3311637: LBD38_B4Rep2; Arabidopsis thaliana; RNA-Seq	LBD38_B4Rep2	121f715015916ce52f225ad5d10f2a18	989695267	ftp.sra.ebi.ac.uk/vol1/fastq/SRR762/004/SRR7620914/SRR7620914.fastq.gz	ftp.sra.ebi.ac.uk/vol1/fastq/SRR762/004/SRR7620914/SRR7620914.fastq.gz	fasp.sra.ebi.ac.uk:/vol1/fastq/SRR762/004/SRR7620914/SRR7620914.fastq.gz
SAMN09739257	SRR7620915	SRX4485066	SAMN09739257	SRS3609358	PRJNA483458	SRP155742	PRJNA9506	SRA747708	GSM3311638_r1	GSM3311638	GSM3311638	GSE117857	SINGLE	cDNA	TRANSCRIPTOMIC	RNA-Seq		NextSeq 500	ILLUMINA	1827752964.0	18096564.0	3702	Arabidopsis thaliana	EV_B4Rep3	NextSeq 500 sequencing; GSM3311638: EV_B4Rep3; Arabidopsis thaliana; RNA-Seq	Genome-wide validation of the direct regulated targets for 33 nitrogen-early response transcription factors	NextSeq 500 sequencing; GSM3311638: EV_B4Rep3; Arabidopsis thaliana; RNA-Seq	EV_B4Rep3	079b043bed2943e264f36122a722f16b	998341603	ftp.sra.ebi.ac.uk/vol1/fastq/SRR762/005/SRR7620915/SRR7620915.fastq.gz	ftp.sra.ebi.ac.uk/vol1/fastq/SRR762/005/SRR7620915/SRR7620915.fastq.gz	fasp.sra.ebi.ac.uk:/vol1/fastq/SRR762/005/SRR7620915/SRR7620915.fastq.gz
SAMN09739256	SRR7620916	SRX4485067	SAMN09739256	SRS3609357	PRJNA483458	SRP155742	PRJNA9506	SRA747708	GSM3311639_r1	GSM3311639	GSM3311639	GSE117857	SINGLE	cDNA	TRANSCRIPTOMIC	RNA-Seq		NextSeq 500	ILLUMINA	1921274520.0	19022520.0	3702	Arabidopsis thaliana	NAC4_B4Rep3	NextSeq 500 sequencing; GSM3311639: NAC4_B4Rep3; Arabidopsis thaliana; RNA-Seq	Genome-wide validation of the direct regulated targets for 33 nitrogen-early response transcription factors	NextSeq 500 sequencing; GSM3311639: NAC4_B4Rep3; Arabidopsis thaliana; RNA-Seq	NAC4_B4Rep3	e59ae06c965be33ecfb2f08fd9e11776	1040648960	ftp.sra.ebi.ac.uk/vol1/fastq/SRR762/006/SRR7620916/SRR7620916.fastq.gz	ftp.sra.ebi.ac.uk/vol1/fastq/SRR762/006/SRR7620916/SRR7620916.fastq.gz	fasp.sra.ebi.ac.uk:/vol1/fastq/SRR762/006/SRR7620916/SRR7620916.fastq.gz
SAMN09739255	SRR7620917	SRX4485068	SAMN09739255	SRS3609360	PRJNA483458	SRP155742	PRJNA9506	SRA747708	GSM3311640_r1	GSM3311640	GSM3311640	GSE117857	SINGLE	cDNA	TRANSCRIPTOMIC	RNA-Seq		NextSeq 500	ILLUMINA	2022120394.0	20020994.0	3702	Arabidopsis thaliana	ASR3_B4Rep3	NextSeq 500 sequencing; GSM3311640: ASR3_B4Rep3; Arabidopsis thaliana; RNA-Seq	Genome-wide validation of the direct regulated targets for 33 nitrogen-early response transcription factors	NextSeq 500 sequencing; GSM3311640: ASR3_B4Rep3; Arabidopsis thaliana; RNA-Seq	ASR3_B4Rep3	fc3db504c051956ec622c53cefe2aa31	1022925769	ftp.sra.ebi.ac.uk/vol1/fastq/SRR762/007/SRR7620917/SRR7620917.fastq.gz	ftp.sra.ebi.ac.uk/vol1/fastq/SRR762/007/SRR7620917/SRR7620917.fastq.gz	fasp.sra.ebi.ac.uk:/vol1/fastq/SRR762/007/SRR7620917/SRR7620917.fastq.gz
SAMN09739254	SRR7620918	SRX4485069	SAMN09739254	SRS3609361	PRJNA483458	SRP155742	PRJNA9506	SRA747708	GSM3311641_r1	GSM3311641	GSM3311641	GSE117857	SINGLE	cDNA	TRANSCRIPTOMIC	RNA-Seq		NextSeq 500	ILLUMINA	2746189596.0	27189996.0	3702	Arabidopsis thaliana	ERF060_B4Rep3	NextSeq 500 sequencing; GSM3311641: ERF060_B4Rep3; Arabidopsis thaliana; RNA-Seq	Genome-wide validation of the direct regulated targets for 33 nitrogen-early response transcription factors	NextSeq 500 sequencing; GSM3311641: ERF060_B4Rep3; Arabidopsis thaliana; RNA-Seq	ERF060_B4Rep3	bdb9208b2204a26d5f457e6da255e3ed	1378782827	ftp.sra.ebi.ac.uk/vol1/fastq/SRR762/008/SRR7620918/SRR7620918.fastq.gz	ftp.sra.ebi.ac.uk/vol1/fastq/SRR762/008/SRR7620918/SRR7620918.fastq.gz	fasp.sra.ebi.ac.uk:/vol1/fastq/SRR762/008/SRR7620918/SRR7620918.fastq.gz
SAMN09739253	SRR7620919	SRX4485070	SAMN09739253	SRS3609362	PRJNA483458	SRP155742	PRJNA9506	SRA747708	GSM3311642_r1	GSM3311642	GSM3311642	GSE117857	SINGLE	cDNA	TRANSCRIPTOMIC	RNA-Seq		NextSeq 500	ILLUMINA	2942552685.0	29134185.0	3702	Arabidopsis thaliana	LBD38_B4Rep3	NextSeq 500 sequencing; GSM3311642: LBD38_B4Rep3; Arabidopsis thaliana; RNA-Seq	Genome-wide validation of the direct regulated targets for 33 nitrogen-early response transcription factors	NextSeq 500 sequencing; GSM3311642: LBD38_B4Rep3; Arabidopsis thaliana; RNA-Seq	LBD38_B4Rep3	58a647c561777cf36883310a8d1056f9	1458797068	ftp.sra.ebi.ac.uk/vol1/fastq/SRR762/009/SRR7620919/SRR7620919.fastq.gz	ftp.sra.ebi.ac.uk/vol1/fastq/SRR762/009/SRR7620919/SRR7620919.fastq.gz	fasp.sra.ebi.ac.uk:/vol1/fastq/SRR762/009/SRR7620919/SRR7620919.fastq.gz
