SAMN10723025	SRR8429666	SRX5237445	SAMN10723025	SRS4240424	PRJNA513856	SRP178244	PRJNA9506	SRA832871	S072_61_CCGTCC_L004_R1_001.fastq.gz	Sample_S072_61	mRNA-seq_Arabidopsis thaliana_4h 4C mock_replicate 1	PRJNA513856	PAIRED	Oligo-dT	TRANSCRIPTOMIC	RNA-Seq	Sample_S072_61	Illumina HiSeq 1000	ILLUMINA	5080526400	25402632	3702	Arabidopsis thaliana	4h 4C mock biological replicate 1	Illumina HiSeq 1000 sequencing; mRNA-seq_Arabidopsis thaliana_4h 4C mock_replicate 1	Arabidopsis thaliana cultivar:Col-0 Genome sequencing	Illumina HiSeq 1000 sequencing; mRNA-seq_Arabidopsis thaliana_4h 4C mock_replicate 1	4h 4C mock biological replicate 1	2b5efc88f12ad45cf19b2cefe0fe4250;634ea772d35fae4cd474a344808b99fe	2243267725;2254591756	ftp.sra.ebi.ac.uk/vol1/fastq/SRR842/006/SRR8429666/SRR8429666_1.fastq.gz;ftp.sra.ebi.ac.uk/vol1/fastq/SRR842/006/SRR8429666/SRR8429666_2.fastq.gz	ftp.sra.ebi.ac.uk/vol1/fastq/SRR842/006/SRR8429666/SRR8429666_1.fastq.gz;ftp.sra.ebi.ac.uk/vol1/fastq/SRR842/006/SRR8429666/SRR8429666_2.fastq.gz	fasp.sra.ebi.ac.uk:/vol1/fastq/SRR842/006/SRR8429666/SRR8429666_1.fastq.gz;fasp.sra.ebi.ac.uk:/vol1/fastq/SRR842/006/SRR8429666/SRR8429666_2.fastq.gz
SAMN10723030	SRR8429665	SRX5237446	SAMN10723030	SRS4240425	PRJNA513856	SRP178244	PRJNA9506	SRA832871	S072_66_ACAGTG_L004_R1_001.fastq.gz	Sample_S072_66	mRNA-seq_Arabidopsis thaliana_4h 4C GA_replicate 3	PRJNA513856	PAIRED	Oligo-dT	TRANSCRIPTOMIC	RNA-Seq	Sample_S072_66	Illumina HiSeq 1000	ILLUMINA	5769614200	28848071	3702	Arabidopsis thaliana	4h 4C GA biological replicate 3	Illumina HiSeq 1000 sequencing; mRNA-seq_Arabidopsis thaliana_4h 4C GA_replicate 3	Arabidopsis thaliana cultivar:Col-0 Genome sequencing	Illumina HiSeq 1000 sequencing; mRNA-seq_Arabidopsis thaliana_4h 4C GA_replicate 3	4h 4C GA biological replicate 3	06f0302b9fc8e9a36dc7588ccb1b6fcc;8fc8e58905cb874d4d6798e68dea530e	2529132272;2547931452	ftp.sra.ebi.ac.uk/vol1/fastq/SRR842/005/SRR8429665/SRR8429665_1.fastq.gz;ftp.sra.ebi.ac.uk/vol1/fastq/SRR842/005/SRR8429665/SRR8429665_2.fastq.gz	ftp.sra.ebi.ac.uk/vol1/fastq/SRR842/005/SRR8429665/SRR8429665_1.fastq.gz;ftp.sra.ebi.ac.uk/vol1/fastq/SRR842/005/SRR8429665/SRR8429665_2.fastq.gz	fasp.sra.ebi.ac.uk:/vol1/fastq/SRR842/005/SRR8429665/SRR8429665_1.fastq.gz;fasp.sra.ebi.ac.uk:/vol1/fastq/SRR842/005/SRR8429665/SRR8429665_2.fastq.gz
SAMN10723026	SRR8429664	SRX5237447	SAMN10723026	SRS4240426	PRJNA513856	SRP178244	PRJNA9506	SRA832871	S072_62_GTCCGC_L004_R1_001.fastq.gz	Sample_S072_62	mRNA-seq_Arabidopsis thaliana_4h 4C mock_replicate 2	PRJNA513856	PAIRED	Oligo-dT	TRANSCRIPTOMIC	RNA-Seq	Sample_S072_62	Illumina HiSeq 1000	ILLUMINA	5419146400	27095732	3702	Arabidopsis thaliana	4h 4C mock biological replicate 2	Illumina HiSeq 1000 sequencing; mRNA-seq_Arabidopsis thaliana_4h 4C mock_replicate 2	Arabidopsis thaliana cultivar:Col-0 Genome sequencing	Illumina HiSeq 1000 sequencing; mRNA-seq_Arabidopsis thaliana_4h 4C mock_replicate 2	4h 4C mock biological replicate 2	c134757adf6051d3beaa2943c7166f3c;29839fc0b385342030e6d24d8ee4c7f0	2389077313;2401588032	ftp.sra.ebi.ac.uk/vol1/fastq/SRR842/004/SRR8429664/SRR8429664_1.fastq.gz;ftp.sra.ebi.ac.uk/vol1/fastq/SRR842/004/SRR8429664/SRR8429664_2.fastq.gz	ftp.sra.ebi.ac.uk/vol1/fastq/SRR842/004/SRR8429664/SRR8429664_1.fastq.gz;ftp.sra.ebi.ac.uk/vol1/fastq/SRR842/004/SRR8429664/SRR8429664_2.fastq.gz	fasp.sra.ebi.ac.uk:/vol1/fastq/SRR842/004/SRR8429664/SRR8429664_1.fastq.gz;fasp.sra.ebi.ac.uk:/vol1/fastq/SRR842/004/SRR8429664/SRR8429664_2.fastq.gz
SAMN10723027	SRR8429663	SRX5237448	SAMN10723027	SRS4240427	PRJNA513856	SRP178244	PRJNA9506	SRA832871	S072_63_GTGAAA_L004_R1_001.fastq.gz	Sample_S072_63	mRNA-seq_Arabidopsis thaliana_4h 4C mock_replicate 3	PRJNA513856	PAIRED	Oligo-dT	TRANSCRIPTOMIC	RNA-Seq	Sample_S072_63	Illumina HiSeq 1000	ILLUMINA	4383486400	21917432	3702	Arabidopsis thaliana	4h 4C mock biological replicate 3	Illumina HiSeq 1000 sequencing; mRNA-seq_Arabidopsis thaliana_4h 4C mock_replicate 3	Arabidopsis thaliana cultivar:Col-0 Genome sequencing	Illumina HiSeq 1000 sequencing; mRNA-seq_Arabidopsis thaliana_4h 4C mock_replicate 3	4h 4C mock biological replicate 3	cfc47263023b1f27d67822ad31b7398d;465ea0b760cc0b40ea17733d2dd239ec	1923966833;1936466122	ftp.sra.ebi.ac.uk/vol1/fastq/SRR842/003/SRR8429663/SRR8429663_1.fastq.gz;ftp.sra.ebi.ac.uk/vol1/fastq/SRR842/003/SRR8429663/SRR8429663_2.fastq.gz	ftp.sra.ebi.ac.uk/vol1/fastq/SRR842/003/SRR8429663/SRR8429663_1.fastq.gz;ftp.sra.ebi.ac.uk/vol1/fastq/SRR842/003/SRR8429663/SRR8429663_2.fastq.gz	fasp.sra.ebi.ac.uk:/vol1/fastq/SRR842/003/SRR8429663/SRR8429663_1.fastq.gz;fasp.sra.ebi.ac.uk:/vol1/fastq/SRR842/003/SRR8429663/SRR8429663_2.fastq.gz
SAMN10723028	SRR8429662	SRX5237449	SAMN10723028	SRS4240428	PRJNA513856	SRP178244	PRJNA9506	SRA832871	S072_64_CGATGT_L004_R1_001.fastq.gz	Sample_S072_64	mRNA-seq_Arabidopsis thaliana_4h 4C GA_replicate 1	PRJNA513856	PAIRED	Oligo-dT	TRANSCRIPTOMIC	RNA-Seq	Sample_S072_64	Illumina HiSeq 1000	ILLUMINA	5991765000	29958825	3702	Arabidopsis thaliana	4h 4C GA biological replicate 1	Illumina HiSeq 1000 sequencing; mRNA-seq_Arabidopsis thaliana_4h 4C GA_replicate 1	Arabidopsis thaliana cultivar:Col-0 Genome sequencing	Illumina HiSeq 1000 sequencing; mRNA-seq_Arabidopsis thaliana_4h 4C GA_replicate 1	4h 4C GA biological replicate 1	6b8485a94925ee0d8ee96a2b961ebeb4;410c16310b39c86580e6126b0fd6266c	2624546693;2646624730	ftp.sra.ebi.ac.uk/vol1/fastq/SRR842/002/SRR8429662/SRR8429662_1.fastq.gz;ftp.sra.ebi.ac.uk/vol1/fastq/SRR842/002/SRR8429662/SRR8429662_2.fastq.gz	ftp.sra.ebi.ac.uk/vol1/fastq/SRR842/002/SRR8429662/SRR8429662_1.fastq.gz;ftp.sra.ebi.ac.uk/vol1/fastq/SRR842/002/SRR8429662/SRR8429662_2.fastq.gz	fasp.sra.ebi.ac.uk:/vol1/fastq/SRR842/002/SRR8429662/SRR8429662_1.fastq.gz;fasp.sra.ebi.ac.uk:/vol1/fastq/SRR842/002/SRR8429662/SRR8429662_2.fastq.gz
SAMN10723029	SRR8429661	SRX5237450	SAMN10723029	SRS4240429	PRJNA513856	SRP178244	PRJNA9506	SRA832871	S072_65_TGACCA_L004_R1_001.fastq.gz	Sample_S072_65	mRNA-seq_Arabidopsis thaliana_4h 4C GA_replicate 2	PRJNA513856	PAIRED	Oligo-dT	TRANSCRIPTOMIC	RNA-Seq	Sample_S072_65	Illumina HiSeq 1000	ILLUMINA	5579912000	27899560	3702	Arabidopsis thaliana	4h 4C GA biological replicate 2	Illumina HiSeq 1000 sequencing; mRNA-seq_Arabidopsis thaliana_4h 4C GA_replicate 2	Arabidopsis thaliana cultivar:Col-0 Genome sequencing	Illumina HiSeq 1000 sequencing; mRNA-seq_Arabidopsis thaliana_4h 4C GA_replicate 2	4h 4C GA biological replicate 2	a33d18956e44e1350b44ab9341a1b089;e76226c2bea3796ab96b38b2ca46e459	2448029726;2463549069	ftp.sra.ebi.ac.uk/vol1/fastq/SRR842/001/SRR8429661/SRR8429661_1.fastq.gz;ftp.sra.ebi.ac.uk/vol1/fastq/SRR842/001/SRR8429661/SRR8429661_2.fastq.gz	ftp.sra.ebi.ac.uk/vol1/fastq/SRR842/001/SRR8429661/SRR8429661_1.fastq.gz;ftp.sra.ebi.ac.uk/vol1/fastq/SRR842/001/SRR8429661/SRR8429661_2.fastq.gz	fasp.sra.ebi.ac.uk:/vol1/fastq/SRR842/001/SRR8429661/SRR8429661_1.fastq.gz;fasp.sra.ebi.ac.uk:/vol1/fastq/SRR842/001/SRR8429661/SRR8429661_2.fastq.gz
SAMN10723022	SRR8429660	SRX5237451	SAMN10723022	SRS4240430	PRJNA513856	SRP178244	PRJNA9506	SRA832871	S072_52_AGTCAA_L004_R1_001.fastq.gz	Sample_S072_52	mRNA-seq_Arabidopsis thaliana_4h 21C GA_replicate 1	PRJNA513856	PAIRED	Oligo-dT	TRANSCRIPTOMIC	RNA-Seq	Sample_S072_52	Illumina HiSeq 1000	ILLUMINA	4917990600	24589953	3702	Arabidopsis thaliana	4h 21C GA biological replicate 1	Illumina HiSeq 1000 sequencing; mRNA-seq_Arabidopsis thaliana_4h 21C GA_replicate 1	Arabidopsis thaliana cultivar:Col-0 Genome sequencing	Illumina HiSeq 1000 sequencing; mRNA-seq_Arabidopsis thaliana_4h 21C GA_replicate 1	4h 21C GA biological replicate 1	9cd9703fb0978421afb58b03ea88403d;5b09698ec8b8cad1b13537a52b02e575	2160501229;2169253170	ftp.sra.ebi.ac.uk/vol1/fastq/SRR842/000/SRR8429660/SRR8429660_1.fastq.gz;ftp.sra.ebi.ac.uk/vol1/fastq/SRR842/000/SRR8429660/SRR8429660_2.fastq.gz	ftp.sra.ebi.ac.uk/vol1/fastq/SRR842/000/SRR8429660/SRR8429660_1.fastq.gz;ftp.sra.ebi.ac.uk/vol1/fastq/SRR842/000/SRR8429660/SRR8429660_2.fastq.gz	fasp.sra.ebi.ac.uk:/vol1/fastq/SRR842/000/SRR8429660/SRR8429660_1.fastq.gz;fasp.sra.ebi.ac.uk:/vol1/fastq/SRR842/000/SRR8429660/SRR8429660_2.fastq.gz
SAMN10723023	SRR8429659	SRX5237452	SAMN10723023	SRS4240431	PRJNA513856	SRP178244	PRJNA9506	SRA832871	S072_53_AGTTCC_L004_R1_001.fastq.gz	Sample_S072_53	mRNA-seq_Arabidopsis thaliana_4h 21C GA_replicate 2	PRJNA513856	PAIRED	Oligo-dT	TRANSCRIPTOMIC	RNA-Seq	Sample_S072_53	Illumina HiSeq 1000	ILLUMINA	5846928000	29234640	3702	Arabidopsis thaliana	4h 21C GA biological replicate 2	Illumina HiSeq 1000 sequencing; mRNA-seq_Arabidopsis thaliana_4h 21C GA_replicate 2	Arabidopsis thaliana cultivar:Col-0 Genome sequencing	Illumina HiSeq 1000 sequencing; mRNA-seq_Arabidopsis thaliana_4h 21C GA_replicate 2	4h 21C GA biological replicate 2	73014c5887d998cb523dfff4e3da73b6;53afaf6eb678b5ebcce9f7c8f334a581	2561301239;2577251186	ftp.sra.ebi.ac.uk/vol1/fastq/SRR842/009/SRR8429659/SRR8429659_1.fastq.gz;ftp.sra.ebi.ac.uk/vol1/fastq/SRR842/009/SRR8429659/SRR8429659_2.fastq.gz	ftp.sra.ebi.ac.uk/vol1/fastq/SRR842/009/SRR8429659/SRR8429659_1.fastq.gz;ftp.sra.ebi.ac.uk/vol1/fastq/SRR842/009/SRR8429659/SRR8429659_2.fastq.gz	fasp.sra.ebi.ac.uk:/vol1/fastq/SRR842/009/SRR8429659/SRR8429659_1.fastq.gz;fasp.sra.ebi.ac.uk:/vol1/fastq/SRR842/009/SRR8429659/SRR8429659_2.fastq.gz
SAMN10723010	SRR8429658	SRX5237453	SAMN10723010	SRS4240432	PRJNA513856	SRP178244	PRJNA9506	SRA832871	S072_25_AGTCAA_L002_R1_001.fastq.gz	Sample_S072_25	mRNA-seq_Arabidopsis thaliana_2h 21C GA_replicate 1	PRJNA513856	PAIRED	Oligo-dT	TRANSCRIPTOMIC	RNA-Seq	Sample_S072_25	Illumina HiSeq 1000	ILLUMINA	3904635800	19523179	3702	Arabidopsis thaliana	2h 21C GA biological replicate 1	Illumina HiSeq 1000 sequencing; mRNA-seq_Arabidopsis thaliana_2h 21C GA_replicate 1	Arabidopsis thaliana cultivar:Col-0 Genome sequencing	Illumina HiSeq 1000 sequencing; mRNA-seq_Arabidopsis thaliana_2h 21C GA_replicate 1	2h 21C GA biological replicate 1	4d9a63120291b269da0bc8955a4155ca;5919c14aa53de399c42b88b18a91ad8c	1678072855;1694792852	ftp.sra.ebi.ac.uk/vol1/fastq/SRR842/008/SRR8429658/SRR8429658_1.fastq.gz;ftp.sra.ebi.ac.uk/vol1/fastq/SRR842/008/SRR8429658/SRR8429658_2.fastq.gz	ftp.sra.ebi.ac.uk/vol1/fastq/SRR842/008/SRR8429658/SRR8429658_1.fastq.gz;ftp.sra.ebi.ac.uk/vol1/fastq/SRR842/008/SRR8429658/SRR8429658_2.fastq.gz	fasp.sra.ebi.ac.uk:/vol1/fastq/SRR842/008/SRR8429658/SRR8429658_1.fastq.gz;fasp.sra.ebi.ac.uk:/vol1/fastq/SRR842/008/SRR8429658/SRR8429658_2.fastq.gz
SAMN10723011	SRR8429657	SRX5237454	SAMN10723011	SRS4240433	PRJNA513856	SRP178244	PRJNA9506	SRA832871	S072_26_AGTTCC_L002_R1_001.fastq.gz	Sample_S072_26	mRNA-seq_Arabidopsis thaliana_2h 21C GA_replicate 2	PRJNA513856	PAIRED	Oligo-dT	TRANSCRIPTOMIC	RNA-Seq	Sample_S072_26	Illumina HiSeq 1000	ILLUMINA	6058885200	30294426	3702	Arabidopsis thaliana	2h 21C GA biological replicate 2	Illumina HiSeq 1000 sequencing; mRNA-seq_Arabidopsis thaliana_2h 21C GA_replicate 2	Arabidopsis thaliana cultivar:Col-0 Genome sequencing	Illumina HiSeq 1000 sequencing; mRNA-seq_Arabidopsis thaliana_2h 21C GA_replicate 2	2h 21C GA biological replicate 2	b323a9c74a40eb8759255d2e4ba1fab2;802b82925905f0e14214648eb328061d	2600938974;2640135424	ftp.sra.ebi.ac.uk/vol1/fastq/SRR842/007/SRR8429657/SRR8429657_1.fastq.gz;ftp.sra.ebi.ac.uk/vol1/fastq/SRR842/007/SRR8429657/SRR8429657_2.fastq.gz	ftp.sra.ebi.ac.uk/vol1/fastq/SRR842/007/SRR8429657/SRR8429657_1.fastq.gz;ftp.sra.ebi.ac.uk/vol1/fastq/SRR842/007/SRR8429657/SRR8429657_2.fastq.gz	fasp.sra.ebi.ac.uk:/vol1/fastq/SRR842/007/SRR8429657/SRR8429657_1.fastq.gz;fasp.sra.ebi.ac.uk:/vol1/fastq/SRR842/007/SRR8429657/SRR8429657_2.fastq.gz
SAMN10723008	SRR8429656	SRX5237455	SAMN10723008	SRS4240434	PRJNA513856	SRP178244	PRJNA9506	SRA832871	S072_23_CAGATC_L002_R1_001.fastq.gz	Sample_S072_23	mRNA-seq_Arabidopsis thaliana_2h 21C mock_replicate 2	PRJNA513856	PAIRED	Oligo-dT	TRANSCRIPTOMIC	RNA-Seq	Sample_S072_23	Illumina HiSeq 1000	ILLUMINA	4114129600	20570648	3702	Arabidopsis thaliana	2h 21C mock biological replicate 2	Illumina HiSeq 1000 sequencing; mRNA-seq_Arabidopsis thaliana_2h 21C mock_replicate 2	Arabidopsis thaliana cultivar:Col-0 Genome sequencing	Illumina HiSeq 1000 sequencing; mRNA-seq_Arabidopsis thaliana_2h 21C mock_replicate 2	2h 21C mock biological replicate 2	31f8d72833f65c0839749192bd738ae0;79cbce082a3396f2665116e09cc7c34b	1761159625;1778048690	ftp.sra.ebi.ac.uk/vol1/fastq/SRR842/006/SRR8429656/SRR8429656_1.fastq.gz;ftp.sra.ebi.ac.uk/vol1/fastq/SRR842/006/SRR8429656/SRR8429656_2.fastq.gz	ftp.sra.ebi.ac.uk/vol1/fastq/SRR842/006/SRR8429656/SRR8429656_1.fastq.gz;ftp.sra.ebi.ac.uk/vol1/fastq/SRR842/006/SRR8429656/SRR8429656_2.fastq.gz	fasp.sra.ebi.ac.uk:/vol1/fastq/SRR842/006/SRR8429656/SRR8429656_1.fastq.gz;fasp.sra.ebi.ac.uk:/vol1/fastq/SRR842/006/SRR8429656/SRR8429656_2.fastq.gz
SAMN10723009	SRR8429655	SRX5237456	SAMN10723009	SRS4240435	PRJNA513856	SRP178244	PRJNA9506	SRA832871	S072_24_CTTGTA_L002_R1_001.fastq.gz	Sample_S072_24	mRNA-seq_Arabidopsis thaliana_2h 21C mock_replicate 3	PRJNA513856	PAIRED	Oligo-dT	TRANSCRIPTOMIC	RNA-Seq	Sample_S072_24	Illumina HiSeq 1000	ILLUMINA	4612965800	23064829	3702	Arabidopsis thaliana	2h 21C mock biological replicate 3	Illumina HiSeq 1000 sequencing; mRNA-seq_Arabidopsis thaliana_2h 21C mock_replicate 3	Arabidopsis thaliana cultivar:Col-0 Genome sequencing	Illumina HiSeq 1000 sequencing; mRNA-seq_Arabidopsis thaliana_2h 21C mock_replicate 3	2h 21C mock biological replicate 3	1ea75e74e555b77a4bc1a1508cf88024;6a6be34278b511ad18f84a58dec238d4	1975639479;1995735103	ftp.sra.ebi.ac.uk/vol1/fastq/SRR842/005/SRR8429655/SRR8429655_1.fastq.gz;ftp.sra.ebi.ac.uk/vol1/fastq/SRR842/005/SRR8429655/SRR8429655_2.fastq.gz	ftp.sra.ebi.ac.uk/vol1/fastq/SRR842/005/SRR8429655/SRR8429655_1.fastq.gz;ftp.sra.ebi.ac.uk/vol1/fastq/SRR842/005/SRR8429655/SRR8429655_2.fastq.gz	fasp.sra.ebi.ac.uk:/vol1/fastq/SRR842/005/SRR8429655/SRR8429655_1.fastq.gz;fasp.sra.ebi.ac.uk:/vol1/fastq/SRR842/005/SRR8429655/SRR8429655_2.fastq.gz
SAMN10723006	SRR8429654	SRX5237457	SAMN10723006	SRS4240436	PRJNA513856	SRP178244	PRJNA9506	SRA832871	S072_15_ACAGTG_L002_R1_001.fastq.gz	Sample_S072_15	mRNA-seq_Arabidopsis thaliana_1h 4C GA_replicate 3	PRJNA513856	PAIRED	Oligo-dT	TRANSCRIPTOMIC	RNA-Seq	Sample_S072_15	Illumina HiSeq 1000	ILLUMINA	3956374400	19781872	3702	Arabidopsis thaliana	1h 4C GA biological replicate 3	Illumina HiSeq 1000 sequencing; mRNA-seq_Arabidopsis thaliana_1h 4C GA_replicate 3	Arabidopsis thaliana cultivar:Col-0 Genome sequencing	Illumina HiSeq 1000 sequencing; mRNA-seq_Arabidopsis thaliana_1h 4C GA_replicate 3	1h 4C GA biological replicate 3	bb43d0594394ccc934515df20884a646;d1c8707226f5d8eecae6d866f2356159	1693195961;1710735983	ftp.sra.ebi.ac.uk/vol1/fastq/SRR842/004/SRR8429654/SRR8429654_1.fastq.gz;ftp.sra.ebi.ac.uk/vol1/fastq/SRR842/004/SRR8429654/SRR8429654_2.fastq.gz	ftp.sra.ebi.ac.uk/vol1/fastq/SRR842/004/SRR8429654/SRR8429654_1.fastq.gz;ftp.sra.ebi.ac.uk/vol1/fastq/SRR842/004/SRR8429654/SRR8429654_2.fastq.gz	fasp.sra.ebi.ac.uk:/vol1/fastq/SRR842/004/SRR8429654/SRR8429654_1.fastq.gz;fasp.sra.ebi.ac.uk:/vol1/fastq/SRR842/004/SRR8429654/SRR8429654_2.fastq.gz
SAMN10723007	SRR8429653	SRX5237458	SAMN10723007	SRS4240437	PRJNA513856	SRP178244	PRJNA9506	SRA832871	S072_22_GCCAAT_L002_R1_001.fastq.gz	Sample_S072_22	mRNA-seq_Arabidopsis thaliana_2h 21C mock_replicate 1	PRJNA513856	PAIRED	Oligo-dT	TRANSCRIPTOMIC	RNA-Seq	Sample_S072_22	Illumina HiSeq 1000	ILLUMINA	4026957400	20134787	3702	Arabidopsis thaliana	2h 21C mock biological replicate 1	Illumina HiSeq 1000 sequencing; mRNA-seq_Arabidopsis thaliana_2h 21C mock_replicate 1	Arabidopsis thaliana cultivar:Col-0 Genome sequencing	Illumina HiSeq 1000 sequencing; mRNA-seq_Arabidopsis thaliana_2h 21C mock_replicate 1	2h 21C mock biological replicate 1	ef5dd8eb81c09e3476ceb7b3c3735502;1a2aaff2725a4c6559130599a202b4ee	1728985803;1747990804	ftp.sra.ebi.ac.uk/vol1/fastq/SRR842/003/SRR8429653/SRR8429653_1.fastq.gz;ftp.sra.ebi.ac.uk/vol1/fastq/SRR842/003/SRR8429653/SRR8429653_2.fastq.gz	ftp.sra.ebi.ac.uk/vol1/fastq/SRR842/003/SRR8429653/SRR8429653_1.fastq.gz;ftp.sra.ebi.ac.uk/vol1/fastq/SRR842/003/SRR8429653/SRR8429653_2.fastq.gz	fasp.sra.ebi.ac.uk:/vol1/fastq/SRR842/003/SRR8429653/SRR8429653_1.fastq.gz;fasp.sra.ebi.ac.uk:/vol1/fastq/SRR842/003/SRR8429653/SRR8429653_2.fastq.gz
SAMN10723004	SRR8429652	SRX5237459	SAMN10723004	SRS4240438	PRJNA513856	SRP178244	PRJNA9506	SRA832871	S072_13_CGATGT_L002_R1_001.fastq.gz	Sample_S072_13	mRNA-seq_Arabidopsis thaliana_1h 4C GA_replicate 1	PRJNA513856	PAIRED	Oligo-dT	TRANSCRIPTOMIC	RNA-Seq	Sample_S072_13	Illumina HiSeq 1000	ILLUMINA	4251027600	21255138	3702	Arabidopsis thaliana	1h 4C GA biological replicate 1	Illumina HiSeq 1000 sequencing; mRNA-seq_Arabidopsis thaliana_1h 4C GA_replicate 1	Arabidopsis thaliana cultivar:Col-0 Genome sequencing	Illumina HiSeq 1000 sequencing; mRNA-seq_Arabidopsis thaliana_1h 4C GA_replicate 1	1h 4C GA biological replicate 1	051a407d75bff338fa9facedda65a72a;d0cb201a988efa0dd7ef6a9f2250484f	1816711292;1837005110	ftp.sra.ebi.ac.uk/vol1/fastq/SRR842/002/SRR8429652/SRR8429652_1.fastq.gz;ftp.sra.ebi.ac.uk/vol1/fastq/SRR842/002/SRR8429652/SRR8429652_2.fastq.gz	ftp.sra.ebi.ac.uk/vol1/fastq/SRR842/002/SRR8429652/SRR8429652_1.fastq.gz;ftp.sra.ebi.ac.uk/vol1/fastq/SRR842/002/SRR8429652/SRR8429652_2.fastq.gz	fasp.sra.ebi.ac.uk:/vol1/fastq/SRR842/002/SRR8429652/SRR8429652_1.fastq.gz;fasp.sra.ebi.ac.uk:/vol1/fastq/SRR842/002/SRR8429652/SRR8429652_2.fastq.gz
SAMN10723005	SRR8429651	SRX5237460	SAMN10723005	SRS4240439	PRJNA513856	SRP178244	PRJNA9506	SRA832871	S072_14_TGACCA_L002_R1_001.fastq.gz	Sample_S072_14	mRNA-seq_Arabidopsis thaliana_1h 4C GA_replicate 2	PRJNA513856	PAIRED	Oligo-dT	TRANSCRIPTOMIC	RNA-Seq	Sample_S072_14	Illumina HiSeq 1000	ILLUMINA	4814823000	24074115	3702	Arabidopsis thaliana	1h 4C GA biological replicate 2	Illumina HiSeq 1000 sequencing; mRNA-seq_Arabidopsis thaliana_1h 4C GA_replicate 2	Arabidopsis thaliana cultivar:Col-0 Genome sequencing	Illumina HiSeq 1000 sequencing; mRNA-seq_Arabidopsis thaliana_1h 4C GA_replicate 2	1h 4C GA biological replicate 2	fdbc192621698711a68ba88d17d7c9b8;4137ec3b60aae5e33c90bf4a6cc55b1e	2060058893;2080896985	ftp.sra.ebi.ac.uk/vol1/fastq/SRR842/001/SRR8429651/SRR8429651_1.fastq.gz;ftp.sra.ebi.ac.uk/vol1/fastq/SRR842/001/SRR8429651/SRR8429651_2.fastq.gz	ftp.sra.ebi.ac.uk/vol1/fastq/SRR842/001/SRR8429651/SRR8429651_1.fastq.gz;ftp.sra.ebi.ac.uk/vol1/fastq/SRR842/001/SRR8429651/SRR8429651_2.fastq.gz	fasp.sra.ebi.ac.uk:/vol1/fastq/SRR842/001/SRR8429651/SRR8429651_1.fastq.gz;fasp.sra.ebi.ac.uk:/vol1/fastq/SRR842/001/SRR8429651/SRR8429651_2.fastq.gz
SAMN10723002	SRR8429650	SRX5237461	SAMN10723002	SRS4240440	PRJNA513856	SRP178244	PRJNA9506	SRA832871	S072_11_GTCCGC_L002_R1_001.fastq.gz	Sample_S072_11	mRNA-seq_Arabidopsis thaliana_1h 4C mock_replicate 2	PRJNA513856	PAIRED	Oligo-dT	TRANSCRIPTOMIC	RNA-Seq	Sample_S072_11	Illumina HiSeq 1000	ILLUMINA	5857757200	29288786	3702	Arabidopsis thaliana	1h 4C mock biological replicate 2	Illumina HiSeq 1000 sequencing; mRNA-seq_Arabidopsis thaliana_1h 4C mock_replicate 2	Arabidopsis thaliana cultivar:Col-0 Genome sequencing	Illumina HiSeq 1000 sequencing; mRNA-seq_Arabidopsis thaliana_1h 4C mock_replicate 2	1h 4C mock biological replicate 2	9321e2dbecef2afa4bfd1df96cd0eb7d;965647faf614890d4db258f29a0f0649	2519362682;2543501657	ftp.sra.ebi.ac.uk/vol1/fastq/SRR842/000/SRR8429650/SRR8429650_1.fastq.gz;ftp.sra.ebi.ac.uk/vol1/fastq/SRR842/000/SRR8429650/SRR8429650_2.fastq.gz	ftp.sra.ebi.ac.uk/vol1/fastq/SRR842/000/SRR8429650/SRR8429650_1.fastq.gz;ftp.sra.ebi.ac.uk/vol1/fastq/SRR842/000/SRR8429650/SRR8429650_2.fastq.gz	fasp.sra.ebi.ac.uk:/vol1/fastq/SRR842/000/SRR8429650/SRR8429650_1.fastq.gz;fasp.sra.ebi.ac.uk:/vol1/fastq/SRR842/000/SRR8429650/SRR8429650_2.fastq.gz
SAMN10723003	SRR8429649	SRX5237462	SAMN10723003	SRS4240441	PRJNA513856	SRP178244	PRJNA9506	SRA832871	S072_12_GTGAAA_L002_R1_001.fastq.gz	Sample_S072_12	mRNA-seq_Arabidopsis thaliana_1h 4C mock_replicate 3	PRJNA513856	PAIRED	Oligo-dT	TRANSCRIPTOMIC	RNA-Seq	Sample_S072_12	Illumina HiSeq 1000	ILLUMINA	4089160200	20445801	3702	Arabidopsis thaliana	1h 4C mock biological replicate 3	Illumina HiSeq 1000 sequencing; mRNA-seq_Arabidopsis thaliana_1h 4C mock_replicate 3	Arabidopsis thaliana cultivar:Col-0 Genome sequencing	Illumina HiSeq 1000 sequencing; mRNA-seq_Arabidopsis thaliana_1h 4C mock_replicate 3	1h 4C mock biological replicate 3	204b2096672d5ee349bca8edfdbadf4e;8c970f4a249e106ae867954c97d14367	1749472482;1766488478	ftp.sra.ebi.ac.uk/vol1/fastq/SRR842/009/SRR8429649/SRR8429649_1.fastq.gz;ftp.sra.ebi.ac.uk/vol1/fastq/SRR842/009/SRR8429649/SRR8429649_2.fastq.gz	ftp.sra.ebi.ac.uk/vol1/fastq/SRR842/009/SRR8429649/SRR8429649_1.fastq.gz;ftp.sra.ebi.ac.uk/vol1/fastq/SRR842/009/SRR8429649/SRR8429649_2.fastq.gz	fasp.sra.ebi.ac.uk:/vol1/fastq/SRR842/009/SRR8429649/SRR8429649_1.fastq.gz;fasp.sra.ebi.ac.uk:/vol1/fastq/SRR842/009/SRR8429649/SRR8429649_2.fastq.gz
SAMN10723021	SRR8429648	SRX5237463	SAMN10723021	SRS4240442	PRJNA513856	SRP178244	PRJNA9506	SRA832871	S072_51_CTTGTA_L003_R1_001.fastq.gz	Sample_S072_51	mRNA-seq_Arabidopsis thaliana_4h 21C mock_replicate 3	PRJNA513856	PAIRED	Oligo-dT	TRANSCRIPTOMIC	RNA-Seq	Sample_S072_51	Illumina HiSeq 1000	ILLUMINA	4247916200	21239581	3702	Arabidopsis thaliana	4h 21C mock biological replicate 3	Illumina HiSeq 1000 sequencing; mRNA-seq_Arabidopsis thaliana_4h 21C mock_replicate 3	Arabidopsis thaliana cultivar:Col-0 Genome sequencing	Illumina HiSeq 1000 sequencing; mRNA-seq_Arabidopsis thaliana_4h 21C mock_replicate 3	4h 21C mock biological replicate 3	d2d50ae4f3ac9e6d3449e2d8ffa2d98c;69da2ff1aa7713d709aba3f5329aebf0	1819501854;1828436560	ftp.sra.ebi.ac.uk/vol1/fastq/SRR842/008/SRR8429648/SRR8429648_1.fastq.gz;ftp.sra.ebi.ac.uk/vol1/fastq/SRR842/008/SRR8429648/SRR8429648_2.fastq.gz	ftp.sra.ebi.ac.uk/vol1/fastq/SRR842/008/SRR8429648/SRR8429648_1.fastq.gz;ftp.sra.ebi.ac.uk/vol1/fastq/SRR842/008/SRR8429648/SRR8429648_2.fastq.gz	fasp.sra.ebi.ac.uk:/vol1/fastq/SRR842/008/SRR8429648/SRR8429648_1.fastq.gz;fasp.sra.ebi.ac.uk:/vol1/fastq/SRR842/008/SRR8429648/SRR8429648_2.fastq.gz
SAMN10723020	SRR8429647	SRX5237464	SAMN10723020	SRS4240443	PRJNA513856	SRP178244	PRJNA9506	SRA832871	S072_50_CAGATC_L003_R1_001.fastq.gz	Sample_S072_50	mRNA-seq_Arabidopsis thaliana_4h 21C mock_replicate 2	PRJNA513856	PAIRED	Oligo-dT	TRANSCRIPTOMIC	RNA-Seq	Sample_S072_50	Illumina HiSeq 1000	ILLUMINA	3887282200	19436411	3702	Arabidopsis thaliana	4h 21C mock biological replicate 2	Illumina HiSeq 1000 sequencing; mRNA-seq_Arabidopsis thaliana_4h 21C mock_replicate 2	Arabidopsis thaliana cultivar:Col-0 Genome sequencing	Illumina HiSeq 1000 sequencing; mRNA-seq_Arabidopsis thaliana_4h 21C mock_replicate 2	4h 21C mock biological replicate 2	c421638476b6a5bac8685fde67253ef7;d41edcc496427f652e779da5b9fb96bf	1665659394;1675388988	ftp.sra.ebi.ac.uk/vol1/fastq/SRR842/007/SRR8429647/SRR8429647_1.fastq.gz;ftp.sra.ebi.ac.uk/vol1/fastq/SRR842/007/SRR8429647/SRR8429647_2.fastq.gz	ftp.sra.ebi.ac.uk/vol1/fastq/SRR842/007/SRR8429647/SRR8429647_1.fastq.gz;ftp.sra.ebi.ac.uk/vol1/fastq/SRR842/007/SRR8429647/SRR8429647_2.fastq.gz	fasp.sra.ebi.ac.uk:/vol1/fastq/SRR842/007/SRR8429647/SRR8429647_1.fastq.gz;fasp.sra.ebi.ac.uk:/vol1/fastq/SRR842/007/SRR8429647/SRR8429647_2.fastq.gz
SAMN10723024	SRR8429646	SRX5237465	SAMN10723024	SRS4240444	PRJNA513856	SRP178244	PRJNA9506	SRA832871	S072_54_ATGTCA_L004_R1_001.fastq.gz	Sample_S072_54	mRNA-seq_Arabidopsis thaliana_4h 21C GA_replicate 3	PRJNA513856	PAIRED	Oligo-dT	TRANSCRIPTOMIC	RNA-Seq	Sample_S072_54	Illumina HiSeq 1000	ILLUMINA	6631237200	33156186	3702	Arabidopsis thaliana	4h 21C GA biological replicate 3	Illumina HiSeq 1000 sequencing; mRNA-seq_Arabidopsis thaliana_4h 21C GA_replicate 3	Arabidopsis thaliana cultivar:Col-0 Genome sequencing	Illumina HiSeq 1000 sequencing; mRNA-seq_Arabidopsis thaliana_4h 21C GA_replicate 3	4h 21C GA biological replicate 3	a14072a50c1b22d91039eb94535d75c5;e8365761ff6e25e0d3915caf5a49f9ad	2903971033;2924752304	ftp.sra.ebi.ac.uk/vol1/fastq/SRR842/006/SRR8429646/SRR8429646_1.fastq.gz;ftp.sra.ebi.ac.uk/vol1/fastq/SRR842/006/SRR8429646/SRR8429646_2.fastq.gz	ftp.sra.ebi.ac.uk/vol1/fastq/SRR842/006/SRR8429646/SRR8429646_1.fastq.gz;ftp.sra.ebi.ac.uk/vol1/fastq/SRR842/006/SRR8429646/SRR8429646_2.fastq.gz	fasp.sra.ebi.ac.uk:/vol1/fastq/SRR842/006/SRR8429646/SRR8429646_1.fastq.gz;fasp.sra.ebi.ac.uk:/vol1/fastq/SRR842/006/SRR8429646/SRR8429646_2.fastq.gz
SAMN10723015	SRR8429645	SRX5237466	SAMN10723015	SRS4240445	PRJNA513856	SRP178244	PRJNA9506	SRA832871	S072_45_GTGAAA_L003_R1_001.fastq.gz	Sample_S072_45	mRNA-seq_Arabidopsis thaliana_2h 4C mock_replicate 3	PRJNA513856	PAIRED	Oligo-dT	TRANSCRIPTOMIC	RNA-Seq	Sample_S072_45	Illumina HiSeq 1000	ILLUMINA	4452624800	22263124	3702	Arabidopsis thaliana	2h 4C mock biological replicate 3	Illumina HiSeq 1000 sequencing; mRNA-seq_Arabidopsis thaliana_2h 4C mock_replicate 3	Arabidopsis thaliana cultivar:Col-0 Genome sequencing	Illumina HiSeq 1000 sequencing; mRNA-seq_Arabidopsis thaliana_2h 4C mock_replicate 3	2h 4C mock biological replicate 3	94837a52c9c5baa0c11c2c06bc6d9757;a39338d5ca390362c7879c2de38d0c14	1905654836;1917599984	ftp.sra.ebi.ac.uk/vol1/fastq/SRR842/005/SRR8429645/SRR8429645_1.fastq.gz;ftp.sra.ebi.ac.uk/vol1/fastq/SRR842/005/SRR8429645/SRR8429645_2.fastq.gz	ftp.sra.ebi.ac.uk/vol1/fastq/SRR842/005/SRR8429645/SRR8429645_1.fastq.gz;ftp.sra.ebi.ac.uk/vol1/fastq/SRR842/005/SRR8429645/SRR8429645_2.fastq.gz	fasp.sra.ebi.ac.uk:/vol1/fastq/SRR842/005/SRR8429645/SRR8429645_1.fastq.gz;fasp.sra.ebi.ac.uk:/vol1/fastq/SRR842/005/SRR8429645/SRR8429645_2.fastq.gz
SAMN10723014	SRR8429644	SRX5237467	SAMN10723014	SRS4240446	PRJNA513856	SRP178244	PRJNA9506	SRA832871	S072_44_GTCCGC_L003_R1_001.fastq.gz	Sample_S072_44	mRNA-seq_Arabidopsis thaliana_2h 4C mock_replicate 2	PRJNA513856	PAIRED	Oligo-dT	TRANSCRIPTOMIC	RNA-Seq	Sample_S072_44	Illumina HiSeq 1000	ILLUMINA	4042718800	20213594	3702	Arabidopsis thaliana	2h 4C mock biological replicate 2	Illumina HiSeq 1000 sequencing; mRNA-seq_Arabidopsis thaliana_2h 4C mock_replicate 2	Arabidopsis thaliana cultivar:Col-0 Genome sequencing	Illumina HiSeq 1000 sequencing; mRNA-seq_Arabidopsis thaliana_2h 4C mock_replicate 2	2h 4C mock biological replicate 2	36257f1d3d27d959deed7741617b8b07;946e2762d188e803c45ed792e85ef3bd	1742147535;1752508407	ftp.sra.ebi.ac.uk/vol1/fastq/SRR842/004/SRR8429644/SRR8429644_1.fastq.gz;ftp.sra.ebi.ac.uk/vol1/fastq/SRR842/004/SRR8429644/SRR8429644_2.fastq.gz	ftp.sra.ebi.ac.uk/vol1/fastq/SRR842/004/SRR8429644/SRR8429644_1.fastq.gz;ftp.sra.ebi.ac.uk/vol1/fastq/SRR842/004/SRR8429644/SRR8429644_2.fastq.gz	fasp.sra.ebi.ac.uk:/vol1/fastq/SRR842/004/SRR8429644/SRR8429644_1.fastq.gz;fasp.sra.ebi.ac.uk:/vol1/fastq/SRR842/004/SRR8429644/SRR8429644_2.fastq.gz
SAMN10723013	SRR8429643	SRX5237468	SAMN10723013	SRS4240447	PRJNA513856	SRP178244	PRJNA9506	SRA832871	S072_43_CCGTCC_L003_R1_001.fastq.gz	Sample_S072_43	mRNA-seq_Arabidopsis thaliana_2h 4C mock_replicate 1	PRJNA513856	PAIRED	Oligo-dT	TRANSCRIPTOMIC	RNA-Seq	Sample_S072_43	Illumina HiSeq 1000	ILLUMINA	6819299000	34096495	3702	Arabidopsis thaliana	2h 4C mock biological replicate 1	Illumina HiSeq 1000 sequencing; mRNA-seq_Arabidopsis thaliana_2h 4C mock_replicate 1	Arabidopsis thaliana cultivar:Col-0 Genome sequencing	Illumina HiSeq 1000 sequencing; mRNA-seq_Arabidopsis thaliana_2h 4C mock_replicate 1	2h 4C mock biological replicate 1	efefbff0bdb918e0db61b560ed3bec5e;aea53603b9f7c616a13e71137ad68d04	2937853190;2957774311	ftp.sra.ebi.ac.uk/vol1/fastq/SRR842/003/SRR8429643/SRR8429643_1.fastq.gz;ftp.sra.ebi.ac.uk/vol1/fastq/SRR842/003/SRR8429643/SRR8429643_2.fastq.gz	ftp.sra.ebi.ac.uk/vol1/fastq/SRR842/003/SRR8429643/SRR8429643_1.fastq.gz;ftp.sra.ebi.ac.uk/vol1/fastq/SRR842/003/SRR8429643/SRR8429643_2.fastq.gz	fasp.sra.ebi.ac.uk:/vol1/fastq/SRR842/003/SRR8429643/SRR8429643_1.fastq.gz;fasp.sra.ebi.ac.uk:/vol1/fastq/SRR842/003/SRR8429643/SRR8429643_2.fastq.gz
SAMN10723012	SRR8429642	SRX5237469	SAMN10723012	SRS4240448	PRJNA513856	SRP178244	PRJNA9506	SRA832871	S072_27_ATGTCA_L003_R1_001.fastq.gz	Sample_S072_27	mRNA-seq_Arabidopsis thaliana_2h 21C GA_replicate 3	PRJNA513856	PAIRED	Oligo-dT	TRANSCRIPTOMIC	RNA-Seq	Sample_S072_27	Illumina HiSeq 1000	ILLUMINA	3712825000	18564125	3702	Arabidopsis thaliana	2h 21C GA biological replicate 3	Illumina HiSeq 1000 sequencing; mRNA-seq_Arabidopsis thaliana_2h 21C GA_replicate 3	Arabidopsis thaliana cultivar:Col-0 Genome sequencing	Illumina HiSeq 1000 sequencing; mRNA-seq_Arabidopsis thaliana_2h 21C GA_replicate 3	2h 21C GA biological replicate 3	5c91e67e3e73a9c7c245c44c5350ed84;74b31e8cee2e931db63891a392c54e54	1593389255;1608491145	ftp.sra.ebi.ac.uk/vol1/fastq/SRR842/002/SRR8429642/SRR8429642_1.fastq.gz;ftp.sra.ebi.ac.uk/vol1/fastq/SRR842/002/SRR8429642/SRR8429642_2.fastq.gz	ftp.sra.ebi.ac.uk/vol1/fastq/SRR842/002/SRR8429642/SRR8429642_1.fastq.gz;ftp.sra.ebi.ac.uk/vol1/fastq/SRR842/002/SRR8429642/SRR8429642_2.fastq.gz	fasp.sra.ebi.ac.uk:/vol1/fastq/SRR842/002/SRR8429642/SRR8429642_1.fastq.gz;fasp.sra.ebi.ac.uk:/vol1/fastq/SRR842/002/SRR8429642/SRR8429642_2.fastq.gz
SAMN10723019	SRR8429641	SRX5237470	SAMN10723019	SRS4240449	PRJNA513856	SRP178244	PRJNA9506	SRA832871	S072_49_GCCAAT_L003_R1_001.fastq.gz	Sample_S072_49	mRNA-seq_Arabidopsis thaliana_4h 21C mock_replicate 1	PRJNA513856	PAIRED	Oligo-dT	TRANSCRIPTOMIC	RNA-Seq	Sample_S072_49	Illumina HiSeq 1000	ILLUMINA	4678028600	23390143	3702	Arabidopsis thaliana	4h 21C mock biological replicate 1	Illumina HiSeq 1000 sequencing; mRNA-seq_Arabidopsis thaliana_4h 21C mock_replicate 1	Arabidopsis thaliana cultivar:Col-0 Genome sequencing	Illumina HiSeq 1000 sequencing; mRNA-seq_Arabidopsis thaliana_4h 21C mock_replicate 1	4h 21C mock biological replicate 1	104257bf9b94c0bcda6dfe27ce6f18c8;b2da2d3c6785be1c6f89f77be3474234	2005429035;2016017161	ftp.sra.ebi.ac.uk/vol1/fastq/SRR842/001/SRR8429641/SRR8429641_1.fastq.gz;ftp.sra.ebi.ac.uk/vol1/fastq/SRR842/001/SRR8429641/SRR8429641_2.fastq.gz	ftp.sra.ebi.ac.uk/vol1/fastq/SRR842/001/SRR8429641/SRR8429641_1.fastq.gz;ftp.sra.ebi.ac.uk/vol1/fastq/SRR842/001/SRR8429641/SRR8429641_2.fastq.gz	fasp.sra.ebi.ac.uk:/vol1/fastq/SRR842/001/SRR8429641/SRR8429641_1.fastq.gz;fasp.sra.ebi.ac.uk:/vol1/fastq/SRR842/001/SRR8429641/SRR8429641_2.fastq.gz
SAMN10723018	SRR8429640	SRX5237471	SAMN10723018	SRS4240450	PRJNA513856	SRP178244	PRJNA9506	SRA832871	S072_48_ACAGTG_L003_R1_001.fastq.gz	Sample_S072_48	mRNA-seq_Arabidopsis thaliana_2h 4C GA_replicate 3	PRJNA513856	PAIRED	Oligo-dT	TRANSCRIPTOMIC	RNA-Seq	Sample_S072_48	Illumina HiSeq 1000	ILLUMINA	4531832000	22659160	3702	Arabidopsis thaliana	2h 4C GA biological replicate 3	Illumina HiSeq 1000 sequencing; mRNA-seq_Arabidopsis thaliana_2h 4C GA_replicate 3	Arabidopsis thaliana cultivar:Col-0 Genome sequencing	Illumina HiSeq 1000 sequencing; mRNA-seq_Arabidopsis thaliana_2h 4C GA_replicate 3	2h 4C GA biological replicate 3	319b5a4a005555d6a8d617d542a011c7;8fa427cbe4d68f552ec73907f28e2877	1936252072;1944726642	ftp.sra.ebi.ac.uk/vol1/fastq/SRR842/000/SRR8429640/SRR8429640_1.fastq.gz;ftp.sra.ebi.ac.uk/vol1/fastq/SRR842/000/SRR8429640/SRR8429640_2.fastq.gz	ftp.sra.ebi.ac.uk/vol1/fastq/SRR842/000/SRR8429640/SRR8429640_1.fastq.gz;ftp.sra.ebi.ac.uk/vol1/fastq/SRR842/000/SRR8429640/SRR8429640_2.fastq.gz	fasp.sra.ebi.ac.uk:/vol1/fastq/SRR842/000/SRR8429640/SRR8429640_1.fastq.gz;fasp.sra.ebi.ac.uk:/vol1/fastq/SRR842/000/SRR8429640/SRR8429640_2.fastq.gz
SAMN10723017	SRR8429639	SRX5237472	SAMN10723017	SRS4240451	PRJNA513856	SRP178244	PRJNA9506	SRA832871	S072_47_TGACCA_L003_R1_001.fastq.gz	Sample_S072_47	mRNA-seq_Arabidopsis thaliana_2h 4C GA_replicate 2	PRJNA513856	PAIRED	Oligo-dT	TRANSCRIPTOMIC	RNA-Seq	Sample_S072_47	Illumina HiSeq 1000	ILLUMINA	4885404800	24427024	3702	Arabidopsis thaliana	2h 4C GA biological replicate 2	Illumina HiSeq 1000 sequencing; mRNA-seq_Arabidopsis thaliana_2h 4C GA_replicate 2	Arabidopsis thaliana cultivar:Col-0 Genome sequencing	Illumina HiSeq 1000 sequencing; mRNA-seq_Arabidopsis thaliana_2h 4C GA_replicate 2	2h 4C GA biological replicate 2	1976aa3698f16ee30f8d8d9d85ab4809;c944c17016730cf0210a8f775101e8b5	2091416706;2100408814	ftp.sra.ebi.ac.uk/vol1/fastq/SRR842/009/SRR8429639/SRR8429639_1.fastq.gz;ftp.sra.ebi.ac.uk/vol1/fastq/SRR842/009/SRR8429639/SRR8429639_2.fastq.gz	ftp.sra.ebi.ac.uk/vol1/fastq/SRR842/009/SRR8429639/SRR8429639_1.fastq.gz;ftp.sra.ebi.ac.uk/vol1/fastq/SRR842/009/SRR8429639/SRR8429639_2.fastq.gz	fasp.sra.ebi.ac.uk:/vol1/fastq/SRR842/009/SRR8429639/SRR8429639_1.fastq.gz;fasp.sra.ebi.ac.uk:/vol1/fastq/SRR842/009/SRR8429639/SRR8429639_2.fastq.gz
SAMN10723016	SRR8429638	SRX5237473	SAMN10723016	SRS4240452	PRJNA513856	SRP178244	PRJNA9506	SRA832871	S072_46_CGATGT_L003_R1_001.fastq.gz	Sample_S072_46	mRNA-seq_Arabidopsis thaliana_2h 4C GA_replicate 1	PRJNA513856	PAIRED	Oligo-dT	TRANSCRIPTOMIC	RNA-Seq	Sample_S072_46	Illumina HiSeq 1000	ILLUMINA	4365624800	21828124	3702	Arabidopsis thaliana	2h 4C GA biological replicate 1	Illumina HiSeq 1000 sequencing; mRNA-seq_Arabidopsis thaliana_2h 4C GA_replicate 1	Arabidopsis thaliana cultivar:Col-0 Genome sequencing	Illumina HiSeq 1000 sequencing; mRNA-seq_Arabidopsis thaliana_2h 4C GA_replicate 1	2h 4C GA biological replicate 1	3e5ae3095c68d0c1d1cf913886863b9d;a4ea8b5aadb7023a544a54bb67fca03d	1869178268;1880561846	ftp.sra.ebi.ac.uk/vol1/fastq/SRR842/008/SRR8429638/SRR8429638_1.fastq.gz;ftp.sra.ebi.ac.uk/vol1/fastq/SRR842/008/SRR8429638/SRR8429638_2.fastq.gz	ftp.sra.ebi.ac.uk/vol1/fastq/SRR842/008/SRR8429638/SRR8429638_1.fastq.gz;ftp.sra.ebi.ac.uk/vol1/fastq/SRR842/008/SRR8429638/SRR8429638_2.fastq.gz	fasp.sra.ebi.ac.uk:/vol1/fastq/SRR842/008/SRR8429638/SRR8429638_1.fastq.gz;fasp.sra.ebi.ac.uk:/vol1/fastq/SRR842/008/SRR8429638/SRR8429638_2.fastq.gz
SAMN10723000	SRR8429637	SRX5237474	SAMN10723000	SRS4240453	PRJNA513856	SRP178244	PRJNA9506	SRA832871	S072_09_ATGTCA_L001_R1_001.fastq.gz	Sample_S072_09	mRNA-seq_Arabidopsis thaliana_1h 21C GA_replicate 3	PRJNA513856	PAIRED	Oligo-dT	TRANSCRIPTOMIC	RNA-Seq	Sample_S072_09	Illumina HiSeq 1000	ILLUMINA	2960521800	14802609	3702	Arabidopsis thaliana	1h 21C GA biological replicate 3	Illumina HiSeq 1000 sequencing; mRNA-seq_Arabidopsis thaliana_1h 21C GA_replicate 3	Arabidopsis thaliana cultivar:Col-0 Genome sequencing	Illumina HiSeq 1000 sequencing; mRNA-seq_Arabidopsis thaliana_1h 21C GA_replicate 3	1h 21C GA biological replicate 3	153f0ecb97f119ffc3500e8896de1882;b62236010076881743f31e534bcaeca9	1339554968;1356802754	ftp.sra.ebi.ac.uk/vol1/fastq/SRR842/007/SRR8429637/SRR8429637_1.fastq.gz;ftp.sra.ebi.ac.uk/vol1/fastq/SRR842/007/SRR8429637/SRR8429637_2.fastq.gz	ftp.sra.ebi.ac.uk/vol1/fastq/SRR842/007/SRR8429637/SRR8429637_1.fastq.gz;ftp.sra.ebi.ac.uk/vol1/fastq/SRR842/007/SRR8429637/SRR8429637_2.fastq.gz	fasp.sra.ebi.ac.uk:/vol1/fastq/SRR842/007/SRR8429637/SRR8429637_1.fastq.gz;fasp.sra.ebi.ac.uk:/vol1/fastq/SRR842/007/SRR8429637/SRR8429637_2.fastq.gz
SAMN10723001	SRR8429636	SRX5237475	SAMN10723001	SRS4240454	PRJNA513856	SRP178244	PRJNA9506	SRA832871	S072_10_CCGTCC_L001_R1_001.fastq.gz	Sample_S072_10	mRNA-seq_Arabidopsis thaliana_1h 4C mock_replicate 1	PRJNA513856	PAIRED	Oligo-dT	TRANSCRIPTOMIC	RNA-Seq	Sample_S072_10	Illumina HiSeq 1000	ILLUMINA	3239194400	16195972	3702	Arabidopsis thaliana	1h 4C mock biological replicate 1	Illumina HiSeq 1000 sequencing; mRNA-seq_Arabidopsis thaliana_1h 4C mock_replicate 1	Arabidopsis thaliana cultivar:Col-0 Genome sequencing	Illumina HiSeq 1000 sequencing; mRNA-seq_Arabidopsis thaliana_1h 4C mock_replicate 1	1h 4C mock biological replicate 1	6512baf8bfb3f78ec615930791ae5d6c;57f4d7acc69b7e5d2253c6584fe20b0e	1475343743;1492124944	ftp.sra.ebi.ac.uk/vol1/fastq/SRR842/006/SRR8429636/SRR8429636_1.fastq.gz;ftp.sra.ebi.ac.uk/vol1/fastq/SRR842/006/SRR8429636/SRR8429636_2.fastq.gz	ftp.sra.ebi.ac.uk/vol1/fastq/SRR842/006/SRR8429636/SRR8429636_1.fastq.gz;ftp.sra.ebi.ac.uk/vol1/fastq/SRR842/006/SRR8429636/SRR8429636_2.fastq.gz	fasp.sra.ebi.ac.uk:/vol1/fastq/SRR842/006/SRR8429636/SRR8429636_1.fastq.gz;fasp.sra.ebi.ac.uk:/vol1/fastq/SRR842/006/SRR8429636/SRR8429636_2.fastq.gz
SAMN10722996	SRR8429635	SRX5237476	SAMN10722996	SRS4240455	PRJNA513856	SRP178244	PRJNA9506	SRA832871	S072_05_CAGATC_L001_R1_001.fastq.gz	Sample_S072_05	mRNA-seq_Arabidopsis thaliana_1h 21C mock_replicate 2	PRJNA513856	PAIRED	Oligo-dT	TRANSCRIPTOMIC	RNA-Seq	Sample_S072_05	Illumina HiSeq 1000	ILLUMINA	5017307000	25086535	3702	Arabidopsis thaliana	1h 21C mock biological replicate 2	Illumina HiSeq 1000 sequencing; mRNA-seq_Arabidopsis thaliana_1h 21C mock_replicate 2	Arabidopsis thaliana cultivar:Col-0 Genome sequencing	Illumina HiSeq 1000 sequencing; mRNA-seq_Arabidopsis thaliana_1h 21C mock_replicate 2	1h 21C mock biological replicate 2	388c37d955e47cf599faaf668005f044;f727a4f61d1a7d99e864729cabd65466	2267513736;2295516349	ftp.sra.ebi.ac.uk/vol1/fastq/SRR842/005/SRR8429635/SRR8429635_1.fastq.gz;ftp.sra.ebi.ac.uk/vol1/fastq/SRR842/005/SRR8429635/SRR8429635_2.fastq.gz	ftp.sra.ebi.ac.uk/vol1/fastq/SRR842/005/SRR8429635/SRR8429635_1.fastq.gz;ftp.sra.ebi.ac.uk/vol1/fastq/SRR842/005/SRR8429635/SRR8429635_2.fastq.gz	fasp.sra.ebi.ac.uk:/vol1/fastq/SRR842/005/SRR8429635/SRR8429635_1.fastq.gz;fasp.sra.ebi.ac.uk:/vol1/fastq/SRR842/005/SRR8429635/SRR8429635_2.fastq.gz
SAMN10722997	SRR8429634	SRX5237477	SAMN10722997	SRS4240456	PRJNA513856	SRP178244	PRJNA9506	SRA832871	S072_06_CTTGTA_L001_R1_001.fastq.gz	Sample_S072_06	mRNA-seq_Arabidopsis thaliana_1h 21C mock_replicate 3	PRJNA513856	PAIRED	Oligo-dT	TRANSCRIPTOMIC	RNA-Seq	Sample_S072_06	Illumina HiSeq 1000	ILLUMINA	7017211400	35086057	3702	Arabidopsis thaliana	1h 21C mock biological replicate 3	Illumina HiSeq 1000 sequencing; mRNA-seq_Arabidopsis thaliana_1h 21C mock_replicate 3	Arabidopsis thaliana cultivar:Col-0 Genome sequencing	Illumina HiSeq 1000 sequencing; mRNA-seq_Arabidopsis thaliana_1h 21C mock_replicate 3	1h 21C mock biological replicate 3	c7807d68da83af2f8819869dde8200af;f8bfea5dc446ceef96aa177ff08cd496	3167981330;3205800358	ftp.sra.ebi.ac.uk/vol1/fastq/SRR842/004/SRR8429634/SRR8429634_1.fastq.gz;ftp.sra.ebi.ac.uk/vol1/fastq/SRR842/004/SRR8429634/SRR8429634_2.fastq.gz	ftp.sra.ebi.ac.uk/vol1/fastq/SRR842/004/SRR8429634/SRR8429634_1.fastq.gz;ftp.sra.ebi.ac.uk/vol1/fastq/SRR842/004/SRR8429634/SRR8429634_2.fastq.gz	fasp.sra.ebi.ac.uk:/vol1/fastq/SRR842/004/SRR8429634/SRR8429634_1.fastq.gz;fasp.sra.ebi.ac.uk:/vol1/fastq/SRR842/004/SRR8429634/SRR8429634_2.fastq.gz
SAMN10722998	SRR8429633	SRX5237478	SAMN10722998	SRS4240457	PRJNA513856	SRP178244	PRJNA9506	SRA832871	S072_07_AGTCAA_L001_R1_001.fastq.gz	Sample_S072_07	mRNA-seq_Arabidopsis thaliana_1h 21C GA_replicate 1	PRJNA513856	PAIRED	Oligo-dT	TRANSCRIPTOMIC	RNA-Seq	Sample_S072_07	Illumina HiSeq 1000	ILLUMINA	6026296600	30131483	3702	Arabidopsis thaliana	1h 21C GA biological replicate 1	Illumina HiSeq 1000 sequencing; mRNA-seq_Arabidopsis thaliana_1h 21C GA_replicate 1	Arabidopsis thaliana cultivar:Col-0 Genome sequencing	Illumina HiSeq 1000 sequencing; mRNA-seq_Arabidopsis thaliana_1h 21C GA_replicate 1	1h 21C GA biological replicate 1	99d209df9df0c74142bec3fff26059a8;e7b3933e405ab46ed5482e363ae4572b	2724250603;2751080254	ftp.sra.ebi.ac.uk/vol1/fastq/SRR842/003/SRR8429633/SRR8429633_1.fastq.gz;ftp.sra.ebi.ac.uk/vol1/fastq/SRR842/003/SRR8429633/SRR8429633_2.fastq.gz	ftp.sra.ebi.ac.uk/vol1/fastq/SRR842/003/SRR8429633/SRR8429633_1.fastq.gz;ftp.sra.ebi.ac.uk/vol1/fastq/SRR842/003/SRR8429633/SRR8429633_2.fastq.gz	fasp.sra.ebi.ac.uk:/vol1/fastq/SRR842/003/SRR8429633/SRR8429633_1.fastq.gz;fasp.sra.ebi.ac.uk:/vol1/fastq/SRR842/003/SRR8429633/SRR8429633_2.fastq.gz
SAMN10722999	SRR8429632	SRX5237479	SAMN10722999	SRS4240458	PRJNA513856	SRP178244	PRJNA9506	SRA832871	S072_08_AGTTCC_L001_R1_001.fastq.gz	Sample_S072_08	mRNA-seq_Arabidopsis thaliana_1h 21C GA_replicate 2	PRJNA513856	PAIRED	Oligo-dT	TRANSCRIPTOMIC	RNA-Seq	Sample_S072_08	Illumina HiSeq 1000	ILLUMINA	4856934600	24284673	3702	Arabidopsis thaliana	1h 21C GA biological replicate 2	Illumina HiSeq 1000 sequencing; mRNA-seq_Arabidopsis thaliana_1h 21C GA_replicate 2	Arabidopsis thaliana cultivar:Col-0 Genome sequencing	Illumina HiSeq 1000 sequencing; mRNA-seq_Arabidopsis thaliana_1h 21C GA_replicate 2	1h 21C GA biological replicate 2	23de32179208c8fe813f95bc0a34ba9b;18d3f9c5de65a08da0de691390643a2d	2195897972;2223903049	ftp.sra.ebi.ac.uk/vol1/fastq/SRR842/002/SRR8429632/SRR8429632_1.fastq.gz;ftp.sra.ebi.ac.uk/vol1/fastq/SRR842/002/SRR8429632/SRR8429632_2.fastq.gz	ftp.sra.ebi.ac.uk/vol1/fastq/SRR842/002/SRR8429632/SRR8429632_1.fastq.gz;ftp.sra.ebi.ac.uk/vol1/fastq/SRR842/002/SRR8429632/SRR8429632_2.fastq.gz	fasp.sra.ebi.ac.uk:/vol1/fastq/SRR842/002/SRR8429632/SRR8429632_1.fastq.gz;fasp.sra.ebi.ac.uk:/vol1/fastq/SRR842/002/SRR8429632/SRR8429632_2.fastq.gz
SAMN10722992	SRR8429631	SRX5237480	SAMN10722992	SRS4240459	PRJNA513856	SRP178244	PRJNA9506	SRA832871	S072_01_CGATGT_L001_R1_001.fastq.gz	Sample_S072_01	mRNA-seq_Arabidopsis thaliana_0h_replicate 1	PRJNA513856	PAIRED	Oligo-dT	TRANSCRIPTOMIC	RNA-Seq	Sample_S072_01	Illumina HiSeq 1000	ILLUMINA	6203477200	31017386	3702	Arabidopsis thaliana	0h biological replicate 1	Illumina HiSeq 1000 sequencing; mRNA-seq_Arabidopsis thaliana_0h_replicate 1	Arabidopsis thaliana cultivar:Col-0 Genome sequencing	Illumina HiSeq 1000 sequencing; mRNA-seq_Arabidopsis thaliana_0h_replicate 1	0h biological replicate 1	e67c5756e4bc7f2381bd2dddbd3dbe43;d5c806d250a626b3370493b435fdcb42	2797089198;2832477733	ftp.sra.ebi.ac.uk/vol1/fastq/SRR842/001/SRR8429631/SRR8429631_1.fastq.gz;ftp.sra.ebi.ac.uk/vol1/fastq/SRR842/001/SRR8429631/SRR8429631_2.fastq.gz	ftp.sra.ebi.ac.uk/vol1/fastq/SRR842/001/SRR8429631/SRR8429631_1.fastq.gz;ftp.sra.ebi.ac.uk/vol1/fastq/SRR842/001/SRR8429631/SRR8429631_2.fastq.gz	fasp.sra.ebi.ac.uk:/vol1/fastq/SRR842/001/SRR8429631/SRR8429631_1.fastq.gz;fasp.sra.ebi.ac.uk:/vol1/fastq/SRR842/001/SRR8429631/SRR8429631_2.fastq.gz
SAMN10722993	SRR8429630	SRX5237481	SAMN10722993	SRS4240460	PRJNA513856	SRP178244	PRJNA9506	SRA832871	S072_02_TGACCA_L001_R1_001.fastq.gz	Sample_S072_02	mRNA-seq_Arabidopsis thaliana_0h_replicate 2	PRJNA513856	PAIRED	Oligo-dT	TRANSCRIPTOMIC	RNA-Seq	Sample_S072_02	Illumina HiSeq 1000	ILLUMINA	5596714600	27983573	3702	Arabidopsis thaliana	0h biological replicate 2	Illumina HiSeq 1000 sequencing; mRNA-seq_Arabidopsis thaliana_0h_replicate 2	Arabidopsis thaliana cultivar:Col-0 Genome sequencing	Illumina HiSeq 1000 sequencing; mRNA-seq_Arabidopsis thaliana_0h_replicate 2	0h biological replicate 2	52a3a9c975383bb5a4b95795974b6973;10d790fc1f31fecd515e6a369b454971	2527270591;2557340582	ftp.sra.ebi.ac.uk/vol1/fastq/SRR842/000/SRR8429630/SRR8429630_1.fastq.gz;ftp.sra.ebi.ac.uk/vol1/fastq/SRR842/000/SRR8429630/SRR8429630_2.fastq.gz	ftp.sra.ebi.ac.uk/vol1/fastq/SRR842/000/SRR8429630/SRR8429630_1.fastq.gz;ftp.sra.ebi.ac.uk/vol1/fastq/SRR842/000/SRR8429630/SRR8429630_2.fastq.gz	fasp.sra.ebi.ac.uk:/vol1/fastq/SRR842/000/SRR8429630/SRR8429630_1.fastq.gz;fasp.sra.ebi.ac.uk:/vol1/fastq/SRR842/000/SRR8429630/SRR8429630_2.fastq.gz
SAMN10722994	SRR8429629	SRX5237482	SAMN10722994	SRS4240461	PRJNA513856	SRP178244	PRJNA9506	SRA832871	S072_03_ACAGTG_L001_R1_001.fastq.gz	Sample_S072_03	mRNA-seq_Arabidopsis thaliana_0h_replicate 3	PRJNA513856	PAIRED	Oligo-dT	TRANSCRIPTOMIC	RNA-Seq	Sample_S072_03	Illumina HiSeq 1000	ILLUMINA	4455043000	22275215	3702	Arabidopsis thaliana	0h biological replicate 3	Illumina HiSeq 1000 sequencing; mRNA-seq_Arabidopsis thaliana_0h_replicate 3	Arabidopsis thaliana cultivar:Col-0 Genome sequencing	Illumina HiSeq 1000 sequencing; mRNA-seq_Arabidopsis thaliana_0h_replicate 3	0h biological replicate 3	177f9f97dd51987a6903bcfbdacf381a;e8ba91d09e93cf755fde578b2de40cd7	2010733462;2034700270	ftp.sra.ebi.ac.uk/vol1/fastq/SRR842/009/SRR8429629/SRR8429629_1.fastq.gz;ftp.sra.ebi.ac.uk/vol1/fastq/SRR842/009/SRR8429629/SRR8429629_2.fastq.gz	ftp.sra.ebi.ac.uk/vol1/fastq/SRR842/009/SRR8429629/SRR8429629_1.fastq.gz;ftp.sra.ebi.ac.uk/vol1/fastq/SRR842/009/SRR8429629/SRR8429629_2.fastq.gz	fasp.sra.ebi.ac.uk:/vol1/fastq/SRR842/009/SRR8429629/SRR8429629_1.fastq.gz;fasp.sra.ebi.ac.uk:/vol1/fastq/SRR842/009/SRR8429629/SRR8429629_2.fastq.gz
SAMN10722995	SRR8429628	SRX5237483	SAMN10722995	SRS4240462	PRJNA513856	SRP178244	PRJNA9506	SRA832871	S072_04_GCCAAT_L001_R1_001.fastq.gz	Sample_S072_04	mRNA-seq_Arabidopsis thaliana_1h 21C mock_replicate 1	PRJNA513856	PAIRED	Oligo-dT	TRANSCRIPTOMIC	RNA-Seq	Sample_S072_04	Illumina HiSeq 1000	ILLUMINA	6773272400	33866362	3702	Arabidopsis thaliana	1h 21C mock biological replicate 1	Illumina HiSeq 1000 sequencing; mRNA-seq_Arabidopsis thaliana_1h 21C mock_replicate 1	Arabidopsis thaliana cultivar:Col-0 Genome sequencing	Illumina HiSeq 1000 sequencing; mRNA-seq_Arabidopsis thaliana_1h 21C mock_replicate 1	1h 21C mock biological replicate 1	adc38331767e9e5ce08f15a25c1d405c;50a22fcd5536bc51b6a5b569cc7eeeb8	3061992948;3098772474	ftp.sra.ebi.ac.uk/vol1/fastq/SRR842/008/SRR8429628/SRR8429628_1.fastq.gz;ftp.sra.ebi.ac.uk/vol1/fastq/SRR842/008/SRR8429628/SRR8429628_2.fastq.gz	ftp.sra.ebi.ac.uk/vol1/fastq/SRR842/008/SRR8429628/SRR8429628_1.fastq.gz;ftp.sra.ebi.ac.uk/vol1/fastq/SRR842/008/SRR8429628/SRR8429628_2.fastq.gz	fasp.sra.ebi.ac.uk:/vol1/fastq/SRR842/008/SRR8429628/SRR8429628_1.fastq.gz;fasp.sra.ebi.ac.uk:/vol1/fastq/SRR842/008/SRR8429628/SRR8429628_2.fastq.gz
