SAMEA111551933	ERR10474533	ERX9994876	SAMEA111551933	ERS13661991	PRJEB57289	ERP142257		ERA18581234	ena-RUN-TAB-09-11-2022-08:18:03:783-282293	ena-EXPERIMENT-TAB-09-11-2022-08:18:03:783-282292	E1_C_Y_t0_00	609e47e6-99fd-4631-b6f2-c26c34546ca2	PAIRED	cDNA	TRANSCRIPTOMIC	RNA-Seq	E1_C_Y_t0_00	Illumina NovaSeq 6000	ILLUMINA	9194228128.0	60888928.0	3702	Arabidopsis thaliana	E1_C_Y_t0_00	Illumina NovaSeq 6000 sequencing	Flooding and recovery RNAseq of young and old leaves	Illumina NovaSeq 6000 sequencing	Exp1_Col-0_dayssubm-0_hoursrecov-0	48bdc86d13ed63ff71d82239437986df;5485e73a4c38ec788f39032bdf730403	2151013585;2289989926	ftp.sra.ebi.ac.uk/vol1/fastq/ERR104/033/ERR10474533/ERR10474533_1.fastq.gz;ftp.sra.ebi.ac.uk/vol1/fastq/ERR104/033/ERR10474533/ERR10474533_2.fastq.gz	ftp.sra.ebi.ac.uk/vol1/fastq/ERR104/033/ERR10474533/ERR10474533_1.fastq.gz;ftp.sra.ebi.ac.uk/vol1/fastq/ERR104/033/ERR10474533/ERR10474533_2.fastq.gz	fasp.sra.ebi.ac.uk:/vol1/fastq/ERR104/033/ERR10474533/ERR10474533_1.fastq.gz;fasp.sra.ebi.ac.uk:/vol1/fastq/ERR104/033/ERR10474533/ERR10474533_2.fastq.gz
SAMEA111551934	ERR10474534	ERX9994877	SAMEA111551934	ERS13661992	PRJEB57289	ERP142257		ERA18581234	ena-RUN-TAB-09-11-2022-08:18:03:783-282295	ena-EXPERIMENT-TAB-09-11-2022-08:18:03:783-282294	E1_C_Y_t2_00	609e47e6-99fd-4631-b6f2-c26c34546ca2	PAIRED	cDNA	TRANSCRIPTOMIC	RNA-Seq	E1_C_Y_t2_00	Illumina NovaSeq 6000	ILLUMINA	9760148646.0	64636746.0	3702	Arabidopsis thaliana	E1_C_Y_t2_00	Illumina NovaSeq 6000 sequencing	Flooding and recovery RNAseq of young and old leaves	Illumina NovaSeq 6000 sequencing	Exp1_Col-0_dayssubm-2_hoursrecov-0	be2b8fedf8f82aa1bfa271c10de1e4bb;3067717ce23eeb39a4e4e1f6dcbe0237	2287075853;2325699822	ftp.sra.ebi.ac.uk/vol1/fastq/ERR104/034/ERR10474534/ERR10474534_1.fastq.gz;ftp.sra.ebi.ac.uk/vol1/fastq/ERR104/034/ERR10474534/ERR10474534_2.fastq.gz	ftp.sra.ebi.ac.uk/vol1/fastq/ERR104/034/ERR10474534/ERR10474534_1.fastq.gz;ftp.sra.ebi.ac.uk/vol1/fastq/ERR104/034/ERR10474534/ERR10474534_2.fastq.gz	fasp.sra.ebi.ac.uk:/vol1/fastq/ERR104/034/ERR10474534/ERR10474534_1.fastq.gz;fasp.sra.ebi.ac.uk:/vol1/fastq/ERR104/034/ERR10474534/ERR10474534_2.fastq.gz
SAMEA111551935	ERR10474535	ERX9994878	SAMEA111551935	ERS13661993	PRJEB57289	ERP142257		ERA18581234	ena-RUN-TAB-09-11-2022-08:18:03:784-282297	ena-EXPERIMENT-TAB-09-11-2022-08:18:03:783-282296	E1_C_Y_t4_00	609e47e6-99fd-4631-b6f2-c26c34546ca2	PAIRED	cDNA	TRANSCRIPTOMIC	RNA-Seq	E1_C_Y_t4_00	Illumina NovaSeq 6000	ILLUMINA	9906906754.0	65608654.0	3702	Arabidopsis thaliana	E1_C_Y_t4_00	Illumina NovaSeq 6000 sequencing	Flooding and recovery RNAseq of young and old leaves	Illumina NovaSeq 6000 sequencing	Exp1_Col-0_dayssubm-4_hoursrecov-0	89238c6ff40442b1ee6de4ddc03d4d64;98b71f1f88f0faf82224b09e8b7feb52	2356295961;2450102986	ftp.sra.ebi.ac.uk/vol1/fastq/ERR104/035/ERR10474535/ERR10474535_1.fastq.gz;ftp.sra.ebi.ac.uk/vol1/fastq/ERR104/035/ERR10474535/ERR10474535_2.fastq.gz	ftp.sra.ebi.ac.uk/vol1/fastq/ERR104/035/ERR10474535/ERR10474535_1.fastq.gz;ftp.sra.ebi.ac.uk/vol1/fastq/ERR104/035/ERR10474535/ERR10474535_2.fastq.gz	fasp.sra.ebi.ac.uk:/vol1/fastq/ERR104/035/ERR10474535/ERR10474535_1.fastq.gz;fasp.sra.ebi.ac.uk:/vol1/fastq/ERR104/035/ERR10474535/ERR10474535_2.fastq.gz
SAMEA111551936	ERR10474536	ERX9994879	SAMEA111551936	ERS13661994	PRJEB57289	ERP142257		ERA18581234	ena-RUN-TAB-09-11-2022-08:18:03:784-282299	ena-EXPERIMENT-TAB-09-11-2022-08:18:03:784-282298	E1_C_Y_t4_01	609e47e6-99fd-4631-b6f2-c26c34546ca2	PAIRED	cDNA	TRANSCRIPTOMIC	RNA-Seq	E1_C_Y_t4_01	Illumina NovaSeq 6000	ILLUMINA	11299591834.0	74831734.0	3702	Arabidopsis thaliana	E1_C_Y_t4_01	Illumina NovaSeq 6000 sequencing	Flooding and recovery RNAseq of young and old leaves	Illumina NovaSeq 6000 sequencing	Exp1_Col-0_dayssubm-4_hoursrecov-1	1bccb53bbbc1e8f57d90fa2cc77399d2;ebf8d837195b9ce3c5921212096732b9	2675279368;2782274408	ftp.sra.ebi.ac.uk/vol1/fastq/ERR104/036/ERR10474536/ERR10474536_1.fastq.gz;ftp.sra.ebi.ac.uk/vol1/fastq/ERR104/036/ERR10474536/ERR10474536_2.fastq.gz	ftp.sra.ebi.ac.uk/vol1/fastq/ERR104/036/ERR10474536/ERR10474536_1.fastq.gz;ftp.sra.ebi.ac.uk/vol1/fastq/ERR104/036/ERR10474536/ERR10474536_2.fastq.gz	fasp.sra.ebi.ac.uk:/vol1/fastq/ERR104/036/ERR10474536/ERR10474536_1.fastq.gz;fasp.sra.ebi.ac.uk:/vol1/fastq/ERR104/036/ERR10474536/ERR10474536_2.fastq.gz
SAMEA111551937	ERR10474537	ERX9994880	SAMEA111551937	ERS13661995	PRJEB57289	ERP142257		ERA18581234	ena-RUN-TAB-09-11-2022-08:18:03:784-282301	ena-EXPERIMENT-TAB-09-11-2022-08:18:03:784-282300	E1_C_Y_t4_03	609e47e6-99fd-4631-b6f2-c26c34546ca2	PAIRED	cDNA	TRANSCRIPTOMIC	RNA-Seq	E1_C_Y_t4_03	Illumina NovaSeq 6000	ILLUMINA	10900378940.0	72187940.0	3702	Arabidopsis thaliana	E1_C_Y_t4_03	Illumina NovaSeq 6000 sequencing	Flooding and recovery RNAseq of young and old leaves	Illumina NovaSeq 6000 sequencing	Exp1_Col-0_dayssubm-4_hoursrecov-3	e0e2e9505b220af347b8c978646a78c3;ccb4e8718db9f46acda348144f6ead93	2578894560;2675315857	ftp.sra.ebi.ac.uk/vol1/fastq/ERR104/037/ERR10474537/ERR10474537_1.fastq.gz;ftp.sra.ebi.ac.uk/vol1/fastq/ERR104/037/ERR10474537/ERR10474537_2.fastq.gz	ftp.sra.ebi.ac.uk/vol1/fastq/ERR104/037/ERR10474537/ERR10474537_1.fastq.gz;ftp.sra.ebi.ac.uk/vol1/fastq/ERR104/037/ERR10474537/ERR10474537_2.fastq.gz	fasp.sra.ebi.ac.uk:/vol1/fastq/ERR104/037/ERR10474537/ERR10474537_1.fastq.gz;fasp.sra.ebi.ac.uk:/vol1/fastq/ERR104/037/ERR10474537/ERR10474537_2.fastq.gz
SAMEA111551938	ERR10474538	ERX9994881	SAMEA111551938	ERS13661996	PRJEB57289	ERP142257		ERA18581234	ena-RUN-TAB-09-11-2022-08:18:03:784-282303	ena-EXPERIMENT-TAB-09-11-2022-08:18:03:784-282302	E1_C_Y_t4_06	609e47e6-99fd-4631-b6f2-c26c34546ca2	PAIRED	cDNA	TRANSCRIPTOMIC	RNA-Seq	E1_C_Y_t4_06	Illumina NovaSeq 6000	ILLUMINA	11226939392.0	74350592.0	3702	Arabidopsis thaliana	E1_C_Y_t4_06	Illumina NovaSeq 6000 sequencing	Flooding and recovery RNAseq of young and old leaves	Illumina NovaSeq 6000 sequencing	Exp1_Col-0_dayssubm-4_hoursrecov-6	9a52bf73a3bc7775c73117121fc1d4af;f788f26610ad7158df1ae6baf3f5f623	2653812588;2737372969	ftp.sra.ebi.ac.uk/vol1/fastq/ERR104/038/ERR10474538/ERR10474538_1.fastq.gz;ftp.sra.ebi.ac.uk/vol1/fastq/ERR104/038/ERR10474538/ERR10474538_2.fastq.gz	ftp.sra.ebi.ac.uk/vol1/fastq/ERR104/038/ERR10474538/ERR10474538_1.fastq.gz;ftp.sra.ebi.ac.uk/vol1/fastq/ERR104/038/ERR10474538/ERR10474538_2.fastq.gz	fasp.sra.ebi.ac.uk:/vol1/fastq/ERR104/038/ERR10474538/ERR10474538_1.fastq.gz;fasp.sra.ebi.ac.uk:/vol1/fastq/ERR104/038/ERR10474538/ERR10474538_2.fastq.gz
SAMEA111551939	ERR10474539	ERX9994882	SAMEA111551939	ERS13661997	PRJEB57289	ERP142257		ERA18581234	ena-RUN-TAB-09-11-2022-08:18:03:785-282305	ena-EXPERIMENT-TAB-09-11-2022-08:18:03:785-282304	E1_C_Y_t4_24	609e47e6-99fd-4631-b6f2-c26c34546ca2	PAIRED	cDNA	TRANSCRIPTOMIC	RNA-Seq	E1_C_Y_t4_24	Illumina NovaSeq 6000	ILLUMINA	10836750560.0	71766560.0	3702	Arabidopsis thaliana	E1_C_Y_t4_24	Illumina NovaSeq 6000 sequencing	Flooding and recovery RNAseq of young and old leaves	Illumina NovaSeq 6000 sequencing	Exp1_Col-0_dayssubm-4_hoursrecov-24	be942d615750c9f9715c30273b9cbabf;652618f3376e134c69ca3de75c5eed0e	2538512470;2628024371	ftp.sra.ebi.ac.uk/vol1/fastq/ERR104/039/ERR10474539/ERR10474539_1.fastq.gz;ftp.sra.ebi.ac.uk/vol1/fastq/ERR104/039/ERR10474539/ERR10474539_2.fastq.gz	ftp.sra.ebi.ac.uk/vol1/fastq/ERR104/039/ERR10474539/ERR10474539_1.fastq.gz;ftp.sra.ebi.ac.uk/vol1/fastq/ERR104/039/ERR10474539/ERR10474539_2.fastq.gz	fasp.sra.ebi.ac.uk:/vol1/fastq/ERR104/039/ERR10474539/ERR10474539_1.fastq.gz;fasp.sra.ebi.ac.uk:/vol1/fastq/ERR104/039/ERR10474539/ERR10474539_2.fastq.gz
SAMEA111551940	ERR10474540	ERX9994883	SAMEA111551940	ERS13661998	PRJEB57289	ERP142257		ERA18581234	ena-RUN-TAB-09-11-2022-08:18:03:785-282307	ena-EXPERIMENT-TAB-09-11-2022-08:18:03:785-282306	E1_C_Y_t6_00	609e47e6-99fd-4631-b6f2-c26c34546ca2	PAIRED	cDNA	TRANSCRIPTOMIC	RNA-Seq	E1_C_Y_t6_00	Illumina NovaSeq 6000	ILLUMINA	10419820836.0	69005436.0	3702	Arabidopsis thaliana	E1_C_Y_t6_00	Illumina NovaSeq 6000 sequencing	Flooding and recovery RNAseq of young and old leaves	Illumina NovaSeq 6000 sequencing	Exp1_Col-0_dayssubm-6_hoursrecov-0	b54a77fc2b817543056be4680bbee500;9f226ccd3d41346375c78b5f5c71de7b	2439178685;2531453144	ftp.sra.ebi.ac.uk/vol1/fastq/ERR104/040/ERR10474540/ERR10474540_1.fastq.gz;ftp.sra.ebi.ac.uk/vol1/fastq/ERR104/040/ERR10474540/ERR10474540_2.fastq.gz	ftp.sra.ebi.ac.uk/vol1/fastq/ERR104/040/ERR10474540/ERR10474540_1.fastq.gz;ftp.sra.ebi.ac.uk/vol1/fastq/ERR104/040/ERR10474540/ERR10474540_2.fastq.gz	fasp.sra.ebi.ac.uk:/vol1/fastq/ERR104/040/ERR10474540/ERR10474540_1.fastq.gz;fasp.sra.ebi.ac.uk:/vol1/fastq/ERR104/040/ERR10474540/ERR10474540_2.fastq.gz
SAMEA111551941	ERR10474541	ERX9994884	SAMEA111551941	ERS13661999	PRJEB57289	ERP142257		ERA18581234	ena-RUN-TAB-09-11-2022-08:18:03:785-282309	ena-EXPERIMENT-TAB-09-11-2022-08:18:03:785-282308	E1_C_O_t0_00	609e47e6-99fd-4631-b6f2-c26c34546ca2	PAIRED	cDNA	TRANSCRIPTOMIC	RNA-Seq	E1_C_O_t0_00	Illumina NovaSeq 6000	ILLUMINA	9562954122.0	63330822.0	3702	Arabidopsis thaliana	E1_C_O_t0_00	Illumina NovaSeq 6000 sequencing	Flooding and recovery RNAseq of young and old leaves	Illumina NovaSeq 6000 sequencing	Exp1_Col-0_dayssubm-0_hoursrecov-0	a126e8f350e9a5472a5edb26c57150ca;c3d925914f2d0a2e9bed641a7532c156	2222578151;2306452456	ftp.sra.ebi.ac.uk/vol1/fastq/ERR104/041/ERR10474541/ERR10474541_1.fastq.gz;ftp.sra.ebi.ac.uk/vol1/fastq/ERR104/041/ERR10474541/ERR10474541_2.fastq.gz	ftp.sra.ebi.ac.uk/vol1/fastq/ERR104/041/ERR10474541/ERR10474541_1.fastq.gz;ftp.sra.ebi.ac.uk/vol1/fastq/ERR104/041/ERR10474541/ERR10474541_2.fastq.gz	fasp.sra.ebi.ac.uk:/vol1/fastq/ERR104/041/ERR10474541/ERR10474541_1.fastq.gz;fasp.sra.ebi.ac.uk:/vol1/fastq/ERR104/041/ERR10474541/ERR10474541_2.fastq.gz
SAMEA111551942	ERR10474542	ERX9994885	SAMEA111551942	ERS13662000	PRJEB57289	ERP142257		ERA18581234	ena-RUN-TAB-09-11-2022-08:18:03:785-282311	ena-EXPERIMENT-TAB-09-11-2022-08:18:03:785-282310	E1_C_O_t2_00	609e47e6-99fd-4631-b6f2-c26c34546ca2	PAIRED	cDNA	TRANSCRIPTOMIC	RNA-Seq	E1_C_O_t2_00	Illumina NovaSeq 6000	ILLUMINA	9520012742.0	63046442.0	3702	Arabidopsis thaliana	E1_C_O_t2_00	Illumina NovaSeq 6000 sequencing	Flooding and recovery RNAseq of young and old leaves	Illumina NovaSeq 6000 sequencing	Exp1_Col-0_dayssubm-2_hoursrecov-0	8f4b0aa320cc11feff6fef0902c3e8ba;d253ce764a31f39d165ea6fed9ed77c1	2241322854;2324381294	ftp.sra.ebi.ac.uk/vol1/fastq/ERR104/042/ERR10474542/ERR10474542_1.fastq.gz;ftp.sra.ebi.ac.uk/vol1/fastq/ERR104/042/ERR10474542/ERR10474542_2.fastq.gz	ftp.sra.ebi.ac.uk/vol1/fastq/ERR104/042/ERR10474542/ERR10474542_1.fastq.gz;ftp.sra.ebi.ac.uk/vol1/fastq/ERR104/042/ERR10474542/ERR10474542_2.fastq.gz	fasp.sra.ebi.ac.uk:/vol1/fastq/ERR104/042/ERR10474542/ERR10474542_1.fastq.gz;fasp.sra.ebi.ac.uk:/vol1/fastq/ERR104/042/ERR10474542/ERR10474542_2.fastq.gz
SAMEA111551943	ERR10474543	ERX9994886	SAMEA111551943	ERS13662001	PRJEB57289	ERP142257		ERA18581234	ena-RUN-TAB-09-11-2022-08:18:03:786-282313	ena-EXPERIMENT-TAB-09-11-2022-08:18:03:786-282312	E1_C_O_t4_00	609e47e6-99fd-4631-b6f2-c26c34546ca2	PAIRED	cDNA	TRANSCRIPTOMIC	RNA-Seq	E1_C_O_t4_00	Illumina NovaSeq 6000	ILLUMINA	10989367770.0	72777270.0	3702	Arabidopsis thaliana	E1_C_O_t4_00	Illumina NovaSeq 6000 sequencing	Flooding and recovery RNAseq of young and old leaves	Illumina NovaSeq 6000 sequencing	Exp1_Col-0_dayssubm-4_hoursrecov-0	cbbfefc725a184bcc481f2f83ddfc63f;4de94227965af2c20cc30f243507353b	2624307785;2718147652	ftp.sra.ebi.ac.uk/vol1/fastq/ERR104/043/ERR10474543/ERR10474543_1.fastq.gz;ftp.sra.ebi.ac.uk/vol1/fastq/ERR104/043/ERR10474543/ERR10474543_2.fastq.gz	ftp.sra.ebi.ac.uk/vol1/fastq/ERR104/043/ERR10474543/ERR10474543_1.fastq.gz;ftp.sra.ebi.ac.uk/vol1/fastq/ERR104/043/ERR10474543/ERR10474543_2.fastq.gz	fasp.sra.ebi.ac.uk:/vol1/fastq/ERR104/043/ERR10474543/ERR10474543_1.fastq.gz;fasp.sra.ebi.ac.uk:/vol1/fastq/ERR104/043/ERR10474543/ERR10474543_2.fastq.gz
SAMEA111551944	ERR10474544	ERX9994887	SAMEA111551944	ERS13662002	PRJEB57289	ERP142257		ERA18581234	ena-RUN-TAB-09-11-2022-08:18:03:786-282315	ena-EXPERIMENT-TAB-09-11-2022-08:18:03:786-282314	E1_C_O_t4_01	609e47e6-99fd-4631-b6f2-c26c34546ca2	PAIRED	cDNA	TRANSCRIPTOMIC	RNA-Seq	E1_C_O_t4_01	Illumina NovaSeq 6000	ILLUMINA	11017487594.0	72963494.0	3702	Arabidopsis thaliana	E1_C_O_t4_01	Illumina NovaSeq 6000 sequencing	Flooding and recovery RNAseq of young and old leaves	Illumina NovaSeq 6000 sequencing	Exp1_Col-0_dayssubm-4_hoursrecov-1	c0ff9204b1e1d440ecf24a8e689f6f33;8216c4c1a0c6b16fff9a18237164202b	2621838361;2717964418	ftp.sra.ebi.ac.uk/vol1/fastq/ERR104/044/ERR10474544/ERR10474544_1.fastq.gz;ftp.sra.ebi.ac.uk/vol1/fastq/ERR104/044/ERR10474544/ERR10474544_2.fastq.gz	ftp.sra.ebi.ac.uk/vol1/fastq/ERR104/044/ERR10474544/ERR10474544_1.fastq.gz;ftp.sra.ebi.ac.uk/vol1/fastq/ERR104/044/ERR10474544/ERR10474544_2.fastq.gz	fasp.sra.ebi.ac.uk:/vol1/fastq/ERR104/044/ERR10474544/ERR10474544_1.fastq.gz;fasp.sra.ebi.ac.uk:/vol1/fastq/ERR104/044/ERR10474544/ERR10474544_2.fastq.gz
SAMEA111551945	ERR10474545	ERX9994888	SAMEA111551945	ERS13662003	PRJEB57289	ERP142257		ERA18581234	ena-RUN-TAB-09-11-2022-08:18:03:786-282317	ena-EXPERIMENT-TAB-09-11-2022-08:18:03:786-282316	E1_C_O_t4_03	609e47e6-99fd-4631-b6f2-c26c34546ca2	PAIRED	cDNA	TRANSCRIPTOMIC	RNA-Seq	E1_C_O_t4_03	Illumina NovaSeq 6000	ILLUMINA	12374312892.0	81949092.0	3702	Arabidopsis thaliana	E1_C_O_t4_03	Illumina NovaSeq 6000 sequencing	Flooding and recovery RNAseq of young and old leaves	Illumina NovaSeq 6000 sequencing	Exp1_Col-0_dayssubm-4_hoursrecov-3	ba8d2a5f81c3b95283627ec3efb55b61;4c1edcab117af73715e167fd6ad110b1	2934378895;3038463212	ftp.sra.ebi.ac.uk/vol1/fastq/ERR104/045/ERR10474545/ERR10474545_1.fastq.gz;ftp.sra.ebi.ac.uk/vol1/fastq/ERR104/045/ERR10474545/ERR10474545_2.fastq.gz	ftp.sra.ebi.ac.uk/vol1/fastq/ERR104/045/ERR10474545/ERR10474545_1.fastq.gz;ftp.sra.ebi.ac.uk/vol1/fastq/ERR104/045/ERR10474545/ERR10474545_2.fastq.gz	fasp.sra.ebi.ac.uk:/vol1/fastq/ERR104/045/ERR10474545/ERR10474545_1.fastq.gz;fasp.sra.ebi.ac.uk:/vol1/fastq/ERR104/045/ERR10474545/ERR10474545_2.fastq.gz
SAMEA111551946	ERR10474546	ERX9994889	SAMEA111551946	ERS13662004	PRJEB57289	ERP142257		ERA18581234	ena-RUN-TAB-09-11-2022-08:18:03:787-282319	ena-EXPERIMENT-TAB-09-11-2022-08:18:03:786-282318	E1_C_O_t4_06	609e47e6-99fd-4631-b6f2-c26c34546ca2	PAIRED	cDNA	TRANSCRIPTOMIC	RNA-Seq	E1_C_O_t4_06	Illumina NovaSeq 6000	ILLUMINA	12307868664.0	81509064.0	3702	Arabidopsis thaliana	E1_C_O_t4_06	Illumina NovaSeq 6000 sequencing	Flooding and recovery RNAseq of young and old leaves	Illumina NovaSeq 6000 sequencing	Exp1_Col-0_dayssubm-4_hoursrecov-6	3cf1e06aff4c5bfa5095b3498b9a145b;39dd17c054fb12dc657bcbd61f0e5322	2927637337;3025438289	ftp.sra.ebi.ac.uk/vol1/fastq/ERR104/046/ERR10474546/ERR10474546_1.fastq.gz;ftp.sra.ebi.ac.uk/vol1/fastq/ERR104/046/ERR10474546/ERR10474546_2.fastq.gz	ftp.sra.ebi.ac.uk/vol1/fastq/ERR104/046/ERR10474546/ERR10474546_1.fastq.gz;ftp.sra.ebi.ac.uk/vol1/fastq/ERR104/046/ERR10474546/ERR10474546_2.fastq.gz	fasp.sra.ebi.ac.uk:/vol1/fastq/ERR104/046/ERR10474546/ERR10474546_1.fastq.gz;fasp.sra.ebi.ac.uk:/vol1/fastq/ERR104/046/ERR10474546/ERR10474546_2.fastq.gz
SAMEA111551947	ERR10474547	ERX9994890	SAMEA111551947	ERS13662005	PRJEB57289	ERP142257		ERA18581234	ena-RUN-TAB-09-11-2022-08:18:03:787-282321	ena-EXPERIMENT-TAB-09-11-2022-08:18:03:787-282320	E1_C_O_t4_24	609e47e6-99fd-4631-b6f2-c26c34546ca2	PAIRED	cDNA	TRANSCRIPTOMIC	RNA-Seq	E1_C_O_t4_24	Illumina NovaSeq 6000	ILLUMINA	11726597184.0	77659584.0	3702	Arabidopsis thaliana	E1_C_O_t4_24	Illumina NovaSeq 6000 sequencing	Flooding and recovery RNAseq of young and old leaves	Illumina NovaSeq 6000 sequencing	Exp1_Col-0_dayssubm-4_hoursrecov-24	7895709a4688e7868a584eda6cb2fd28;3ab4da6384acc568635746c21bc018ca	2782491826;2877186619	ftp.sra.ebi.ac.uk/vol1/fastq/ERR104/047/ERR10474547/ERR10474547_1.fastq.gz;ftp.sra.ebi.ac.uk/vol1/fastq/ERR104/047/ERR10474547/ERR10474547_2.fastq.gz	ftp.sra.ebi.ac.uk/vol1/fastq/ERR104/047/ERR10474547/ERR10474547_1.fastq.gz;ftp.sra.ebi.ac.uk/vol1/fastq/ERR104/047/ERR10474547/ERR10474547_2.fastq.gz	fasp.sra.ebi.ac.uk:/vol1/fastq/ERR104/047/ERR10474547/ERR10474547_1.fastq.gz;fasp.sra.ebi.ac.uk:/vol1/fastq/ERR104/047/ERR10474547/ERR10474547_2.fastq.gz
SAMEA111551948	ERR10474548	ERX9994891	SAMEA111551948	ERS13662006	PRJEB57289	ERP142257		ERA18581234	ena-RUN-TAB-09-11-2022-08:18:03:787-282323	ena-EXPERIMENT-TAB-09-11-2022-08:18:03:787-282322	E2_C_Y_t0_00	609e47e6-99fd-4631-b6f2-c26c34546ca2	PAIRED	cDNA	TRANSCRIPTOMIC	RNA-Seq	E2_C_Y_t0_00	Illumina NovaSeq 6000	ILLUMINA	9503481262.0	62936962.0	3702	Arabidopsis thaliana	E2_C_Y_t0_00	Illumina NovaSeq 6000 sequencing	Flooding and recovery RNAseq of young and old leaves	Illumina NovaSeq 6000 sequencing	Exp2_Col-0_dayssubm-0_hoursrecov-0	d8f292cde5dcbaab4d7203be17b045d2;16ab9534a8a77bdbde773fe5fc6b3456	2218538785;2310614119	ftp.sra.ebi.ac.uk/vol1/fastq/ERR104/048/ERR10474548/ERR10474548_1.fastq.gz;ftp.sra.ebi.ac.uk/vol1/fastq/ERR104/048/ERR10474548/ERR10474548_2.fastq.gz	ftp.sra.ebi.ac.uk/vol1/fastq/ERR104/048/ERR10474548/ERR10474548_1.fastq.gz;ftp.sra.ebi.ac.uk/vol1/fastq/ERR104/048/ERR10474548/ERR10474548_2.fastq.gz	fasp.sra.ebi.ac.uk:/vol1/fastq/ERR104/048/ERR10474548/ERR10474548_1.fastq.gz;fasp.sra.ebi.ac.uk:/vol1/fastq/ERR104/048/ERR10474548/ERR10474548_2.fastq.gz
SAMEA111551949	ERR10474549	ERX9994892	SAMEA111551949	ERS13662007	PRJEB57289	ERP142257		ERA18581234	ena-RUN-TAB-09-11-2022-08:18:03:787-282325	ena-EXPERIMENT-TAB-09-11-2022-08:18:03:787-282324	E2_C_Y_t2_00	609e47e6-99fd-4631-b6f2-c26c34546ca2	PAIRED	cDNA	TRANSCRIPTOMIC	RNA-Seq	E2_C_Y_t2_00	Illumina NovaSeq 6000	ILLUMINA	9753311668.0	64591468.0	3702	Arabidopsis thaliana	E2_C_Y_t2_00	Illumina NovaSeq 6000 sequencing	Flooding and recovery RNAseq of young and old leaves	Illumina NovaSeq 6000 sequencing	Exp2_Col-0_dayssubm-2_hoursrecov-0	8c5da5545791ecf80f529a3d0e139b01;694a55aa2e79c118a4c52530de130077	2295138765;2379645806	ftp.sra.ebi.ac.uk/vol1/fastq/ERR104/049/ERR10474549/ERR10474549_1.fastq.gz;ftp.sra.ebi.ac.uk/vol1/fastq/ERR104/049/ERR10474549/ERR10474549_2.fastq.gz	ftp.sra.ebi.ac.uk/vol1/fastq/ERR104/049/ERR10474549/ERR10474549_1.fastq.gz;ftp.sra.ebi.ac.uk/vol1/fastq/ERR104/049/ERR10474549/ERR10474549_2.fastq.gz	fasp.sra.ebi.ac.uk:/vol1/fastq/ERR104/049/ERR10474549/ERR10474549_1.fastq.gz;fasp.sra.ebi.ac.uk:/vol1/fastq/ERR104/049/ERR10474549/ERR10474549_2.fastq.gz
SAMEA111551950	ERR10474550	ERX9994893	SAMEA111551950	ERS13662008	PRJEB57289	ERP142257		ERA18581234	ena-RUN-TAB-09-11-2022-08:18:03:788-282327	ena-EXPERIMENT-TAB-09-11-2022-08:18:03:787-282326	E2_C_Y_t4_00	609e47e6-99fd-4631-b6f2-c26c34546ca2	PAIRED	cDNA	TRANSCRIPTOMIC	RNA-Seq	E2_C_Y_t4_00	Illumina NovaSeq 6000	ILLUMINA	11113174180.0	73597180.0	3702	Arabidopsis thaliana	E2_C_Y_t4_00	Illumina NovaSeq 6000 sequencing	Flooding and recovery RNAseq of young and old leaves	Illumina NovaSeq 6000 sequencing	Exp2_Col-0_dayssubm-4_hoursrecov-0	b938bf98391fc8c11c1ae5130ea72a79;e377af9185a930eababc4c004945bc1d	2631526058;2744248340	ftp.sra.ebi.ac.uk/vol1/fastq/ERR104/050/ERR10474550/ERR10474550_1.fastq.gz;ftp.sra.ebi.ac.uk/vol1/fastq/ERR104/050/ERR10474550/ERR10474550_2.fastq.gz	ftp.sra.ebi.ac.uk/vol1/fastq/ERR104/050/ERR10474550/ERR10474550_1.fastq.gz;ftp.sra.ebi.ac.uk/vol1/fastq/ERR104/050/ERR10474550/ERR10474550_2.fastq.gz	fasp.sra.ebi.ac.uk:/vol1/fastq/ERR104/050/ERR10474550/ERR10474550_1.fastq.gz;fasp.sra.ebi.ac.uk:/vol1/fastq/ERR104/050/ERR10474550/ERR10474550_2.fastq.gz
SAMEA111551951	ERR10474551	ERX9994894	SAMEA111551951	ERS13662009	PRJEB57289	ERP142257		ERA18581234	ena-RUN-TAB-09-11-2022-08:18:03:788-282329	ena-EXPERIMENT-TAB-09-11-2022-08:18:03:788-282328	E2_C_Y_t4_01	609e47e6-99fd-4631-b6f2-c26c34546ca2	PAIRED	cDNA	TRANSCRIPTOMIC	RNA-Seq	E2_C_Y_t4_01	Illumina NovaSeq 6000	ILLUMINA	10007483022.0	66274722.0	3702	Arabidopsis thaliana	E2_C_Y_t4_01	Illumina NovaSeq 6000 sequencing	Flooding and recovery RNAseq of young and old leaves	Illumina NovaSeq 6000 sequencing	Exp2_Col-0_dayssubm-4_hoursrecov-1	a5788ae42933dd2eafd4a62a43891954;587a42171cb12a8e3128b24372c312b2	2378339462;2456993789	ftp.sra.ebi.ac.uk/vol1/fastq/ERR104/051/ERR10474551/ERR10474551_1.fastq.gz;ftp.sra.ebi.ac.uk/vol1/fastq/ERR104/051/ERR10474551/ERR10474551_2.fastq.gz	ftp.sra.ebi.ac.uk/vol1/fastq/ERR104/051/ERR10474551/ERR10474551_1.fastq.gz;ftp.sra.ebi.ac.uk/vol1/fastq/ERR104/051/ERR10474551/ERR10474551_2.fastq.gz	fasp.sra.ebi.ac.uk:/vol1/fastq/ERR104/051/ERR10474551/ERR10474551_1.fastq.gz;fasp.sra.ebi.ac.uk:/vol1/fastq/ERR104/051/ERR10474551/ERR10474551_2.fastq.gz
SAMEA111551952	ERR10474552	ERX9994895	SAMEA111551952	ERS13662010	PRJEB57289	ERP142257		ERA18581234	ena-RUN-TAB-09-11-2022-08:18:03:788-282331	ena-EXPERIMENT-TAB-09-11-2022-08:18:03:788-282330	E2_C_Y_t4_03	609e47e6-99fd-4631-b6f2-c26c34546ca2	PAIRED	cDNA	TRANSCRIPTOMIC	RNA-Seq	E2_C_Y_t4_03	Illumina NovaSeq 6000	ILLUMINA	10688020392.0	70781592.0	3702	Arabidopsis thaliana	E2_C_Y_t4_03	Illumina NovaSeq 6000 sequencing	Flooding and recovery RNAseq of young and old leaves	Illumina NovaSeq 6000 sequencing	Exp2_Col-0_dayssubm-4_hoursrecov-3	8fb0afb1340761cf65226f8acf9fa60e;952c6cd5e07d9980f07cb35820af763c	2555617792;2665237661	ftp.sra.ebi.ac.uk/vol1/fastq/ERR104/052/ERR10474552/ERR10474552_1.fastq.gz;ftp.sra.ebi.ac.uk/vol1/fastq/ERR104/052/ERR10474552/ERR10474552_2.fastq.gz	ftp.sra.ebi.ac.uk/vol1/fastq/ERR104/052/ERR10474552/ERR10474552_1.fastq.gz;ftp.sra.ebi.ac.uk/vol1/fastq/ERR104/052/ERR10474552/ERR10474552_2.fastq.gz	fasp.sra.ebi.ac.uk:/vol1/fastq/ERR104/052/ERR10474552/ERR10474552_1.fastq.gz;fasp.sra.ebi.ac.uk:/vol1/fastq/ERR104/052/ERR10474552/ERR10474552_2.fastq.gz
SAMEA111551953	ERR10474553	ERX9994896	SAMEA111551953	ERS13662011	PRJEB57289	ERP142257		ERA18581234	ena-RUN-TAB-09-11-2022-08:18:03:788-282333	ena-EXPERIMENT-TAB-09-11-2022-08:18:03:788-282332	E2_C_Y_t4_06	609e47e6-99fd-4631-b6f2-c26c34546ca2	PAIRED	cDNA	TRANSCRIPTOMIC	RNA-Seq	E2_C_Y_t4_06	Illumina NovaSeq 6000	ILLUMINA	11308190378.0	74888678.0	3702	Arabidopsis thaliana	E2_C_Y_t4_06	Illumina NovaSeq 6000 sequencing	Flooding and recovery RNAseq of young and old leaves	Illumina NovaSeq 6000 sequencing	Exp2_Col-0_dayssubm-4_hoursrecov-6	834bdb8c564d567473b7326299e71466;aee190ae9e8ab9b2285e8aa40d52fcba	2670265693;2759820659	ftp.sra.ebi.ac.uk/vol1/fastq/ERR104/053/ERR10474553/ERR10474553_1.fastq.gz;ftp.sra.ebi.ac.uk/vol1/fastq/ERR104/053/ERR10474553/ERR10474553_2.fastq.gz	ftp.sra.ebi.ac.uk/vol1/fastq/ERR104/053/ERR10474553/ERR10474553_1.fastq.gz;ftp.sra.ebi.ac.uk/vol1/fastq/ERR104/053/ERR10474553/ERR10474553_2.fastq.gz	fasp.sra.ebi.ac.uk:/vol1/fastq/ERR104/053/ERR10474553/ERR10474553_1.fastq.gz;fasp.sra.ebi.ac.uk:/vol1/fastq/ERR104/053/ERR10474553/ERR10474553_2.fastq.gz
SAMEA111551954	ERR10474554	ERX9994897	SAMEA111551954	ERS13662012	PRJEB57289	ERP142257		ERA18581234	ena-RUN-TAB-09-11-2022-08:18:03:789-282335	ena-EXPERIMENT-TAB-09-11-2022-08:18:03:788-282334	E2_C_Y_t4_24	609e47e6-99fd-4631-b6f2-c26c34546ca2	PAIRED	cDNA	TRANSCRIPTOMIC	RNA-Seq	E2_C_Y_t4_24	Illumina NovaSeq 6000	ILLUMINA	9809042446.0	64960546.0	3702	Arabidopsis thaliana	E2_C_Y_t4_24	Illumina NovaSeq 6000 sequencing	Flooding and recovery RNAseq of young and old leaves	Illumina NovaSeq 6000 sequencing	Exp2_Col-0_dayssubm-4_hoursrecov-24	c2fd8974cc64cbf4671544cea271b736;0c5397f3a6227ceb9145f547243a06cf	2296760437;2374270132	ftp.sra.ebi.ac.uk/vol1/fastq/ERR104/054/ERR10474554/ERR10474554_1.fastq.gz;ftp.sra.ebi.ac.uk/vol1/fastq/ERR104/054/ERR10474554/ERR10474554_2.fastq.gz	ftp.sra.ebi.ac.uk/vol1/fastq/ERR104/054/ERR10474554/ERR10474554_1.fastq.gz;ftp.sra.ebi.ac.uk/vol1/fastq/ERR104/054/ERR10474554/ERR10474554_2.fastq.gz	fasp.sra.ebi.ac.uk:/vol1/fastq/ERR104/054/ERR10474554/ERR10474554_1.fastq.gz;fasp.sra.ebi.ac.uk:/vol1/fastq/ERR104/054/ERR10474554/ERR10474554_2.fastq.gz
SAMEA111551955	ERR10474555	ERX9994898	SAMEA111551955	ERS13662013	PRJEB57289	ERP142257		ERA18581234	ena-RUN-TAB-09-11-2022-08:18:03:789-282337	ena-EXPERIMENT-TAB-09-11-2022-08:18:03:789-282336	E2_C_Y_t6_00	609e47e6-99fd-4631-b6f2-c26c34546ca2	PAIRED	cDNA	TRANSCRIPTOMIC	RNA-Seq	E2_C_Y_t6_00	Illumina NovaSeq 6000	ILLUMINA	11232532432.0	74387632.0	3702	Arabidopsis thaliana	E2_C_Y_t6_00	Illumina NovaSeq 6000 sequencing	Flooding and recovery RNAseq of young and old leaves	Illumina NovaSeq 6000 sequencing	Exp2_Col-0_dayssubm-6_hoursrecov-0	651cde3918ff1b7ea298310b3b195ed9;74163f096b589f1a9f12bc381586a4a3	2672648610;2747557250	ftp.sra.ebi.ac.uk/vol1/fastq/ERR104/055/ERR10474555/ERR10474555_1.fastq.gz;ftp.sra.ebi.ac.uk/vol1/fastq/ERR104/055/ERR10474555/ERR10474555_2.fastq.gz	ftp.sra.ebi.ac.uk/vol1/fastq/ERR104/055/ERR10474555/ERR10474555_1.fastq.gz;ftp.sra.ebi.ac.uk/vol1/fastq/ERR104/055/ERR10474555/ERR10474555_2.fastq.gz	fasp.sra.ebi.ac.uk:/vol1/fastq/ERR104/055/ERR10474555/ERR10474555_1.fastq.gz;fasp.sra.ebi.ac.uk:/vol1/fastq/ERR104/055/ERR10474555/ERR10474555_2.fastq.gz
SAMEA111551956	ERR10474556	ERX9994899	SAMEA111551956	ERS13662014	PRJEB57289	ERP142257		ERA18581234	ena-RUN-TAB-09-11-2022-08:18:03:789-282339	ena-EXPERIMENT-TAB-09-11-2022-08:18:03:789-282338	E2_C_O_t0_00	609e47e6-99fd-4631-b6f2-c26c34546ca2	PAIRED	cDNA	TRANSCRIPTOMIC	RNA-Seq	E2_C_O_t0_00	Illumina NovaSeq 6000	ILLUMINA	10164305884.0	67313284.0	3702	Arabidopsis thaliana	E2_C_O_t0_00	Illumina NovaSeq 6000 sequencing	Flooding and recovery RNAseq of young and old leaves	Illumina NovaSeq 6000 sequencing	Exp2_Col-0_dayssubm-0_hoursrecov-0	3a0f117fe96014fe7b9ec22576097de5;942c7387e3541b2fb07fc9c4bed63786	2375709751;2465588352	ftp.sra.ebi.ac.uk/vol1/fastq/ERR104/056/ERR10474556/ERR10474556_1.fastq.gz;ftp.sra.ebi.ac.uk/vol1/fastq/ERR104/056/ERR10474556/ERR10474556_2.fastq.gz	ftp.sra.ebi.ac.uk/vol1/fastq/ERR104/056/ERR10474556/ERR10474556_1.fastq.gz;ftp.sra.ebi.ac.uk/vol1/fastq/ERR104/056/ERR10474556/ERR10474556_2.fastq.gz	fasp.sra.ebi.ac.uk:/vol1/fastq/ERR104/056/ERR10474556/ERR10474556_1.fastq.gz;fasp.sra.ebi.ac.uk:/vol1/fastq/ERR104/056/ERR10474556/ERR10474556_2.fastq.gz
SAMEA111551957	ERR10474557	ERX9994900	SAMEA111551957	ERS13662015	PRJEB57289	ERP142257		ERA18581234	ena-RUN-TAB-09-11-2022-08:18:03:789-282341	ena-EXPERIMENT-TAB-09-11-2022-08:18:03:789-282340	E2_C_O_t2_00	609e47e6-99fd-4631-b6f2-c26c34546ca2	PAIRED	cDNA	TRANSCRIPTOMIC	RNA-Seq	E2_C_O_t2_00	Illumina NovaSeq 6000	ILLUMINA	10778840852.0	71383052.0	3702	Arabidopsis thaliana	E2_C_O_t2_00	Illumina NovaSeq 6000 sequencing	Flooding and recovery RNAseq of young and old leaves	Illumina NovaSeq 6000 sequencing	Exp2_Col-0_dayssubm-2_hoursrecov-0	c54749e1923d494fd2c0f0a63bfbdd0f;7c71bcc9e0f1a4051180e8998449277d	2545075392;2657726870	ftp.sra.ebi.ac.uk/vol1/fastq/ERR104/057/ERR10474557/ERR10474557_1.fastq.gz;ftp.sra.ebi.ac.uk/vol1/fastq/ERR104/057/ERR10474557/ERR10474557_2.fastq.gz	ftp.sra.ebi.ac.uk/vol1/fastq/ERR104/057/ERR10474557/ERR10474557_1.fastq.gz;ftp.sra.ebi.ac.uk/vol1/fastq/ERR104/057/ERR10474557/ERR10474557_2.fastq.gz	fasp.sra.ebi.ac.uk:/vol1/fastq/ERR104/057/ERR10474557/ERR10474557_1.fastq.gz;fasp.sra.ebi.ac.uk:/vol1/fastq/ERR104/057/ERR10474557/ERR10474557_2.fastq.gz
SAMEA111551958	ERR10474558	ERX9994901	SAMEA111551958	ERS13662016	PRJEB57289	ERP142257		ERA18581234	ena-RUN-TAB-09-11-2022-08:18:03:790-282343	ena-EXPERIMENT-TAB-09-11-2022-08:18:03:790-282342	E2_C_O_t4_00	609e47e6-99fd-4631-b6f2-c26c34546ca2	PAIRED	cDNA	TRANSCRIPTOMIC	RNA-Seq	E2_C_O_t4_00	Illumina NovaSeq 6000	ILLUMINA	11330053064.0	75033464.0	3702	Arabidopsis thaliana	E2_C_O_t4_00	Illumina NovaSeq 6000 sequencing	Flooding and recovery RNAseq of young and old leaves	Illumina NovaSeq 6000 sequencing	Exp2_Col-0_dayssubm-4_hoursrecov-0	4fb97cd3bfdc01fdfaf57e479c952c84;644d5bed559f84e21d0f9534d8d8d133	2669565067;2779972781	ftp.sra.ebi.ac.uk/vol1/fastq/ERR104/058/ERR10474558/ERR10474558_1.fastq.gz;ftp.sra.ebi.ac.uk/vol1/fastq/ERR104/058/ERR10474558/ERR10474558_2.fastq.gz	ftp.sra.ebi.ac.uk/vol1/fastq/ERR104/058/ERR10474558/ERR10474558_1.fastq.gz;ftp.sra.ebi.ac.uk/vol1/fastq/ERR104/058/ERR10474558/ERR10474558_2.fastq.gz	fasp.sra.ebi.ac.uk:/vol1/fastq/ERR104/058/ERR10474558/ERR10474558_1.fastq.gz;fasp.sra.ebi.ac.uk:/vol1/fastq/ERR104/058/ERR10474558/ERR10474558_2.fastq.gz
SAMEA111551959	ERR10474559	ERX9994902	SAMEA111551959	ERS13662017	PRJEB57289	ERP142257		ERA18581234	ena-RUN-TAB-09-11-2022-08:18:03:790-282345	ena-EXPERIMENT-TAB-09-11-2022-08:18:03:790-282344	E2_C_O_t4_01	609e47e6-99fd-4631-b6f2-c26c34546ca2	PAIRED	cDNA	TRANSCRIPTOMIC	RNA-Seq	E2_C_O_t4_01	Illumina NovaSeq 6000	ILLUMINA	11944580482.0	79103182.0	3702	Arabidopsis thaliana	E2_C_O_t4_01	Illumina NovaSeq 6000 sequencing	Flooding and recovery RNAseq of young and old leaves	Illumina NovaSeq 6000 sequencing	Exp2_Col-0_dayssubm-4_hoursrecov-1	38e8fe83d39ef1a5b086c22c30a65ae4;99741f9d08631107ff90500625a3ff82	2826528140;2940617959	ftp.sra.ebi.ac.uk/vol1/fastq/ERR104/059/ERR10474559/ERR10474559_1.fastq.gz;ftp.sra.ebi.ac.uk/vol1/fastq/ERR104/059/ERR10474559/ERR10474559_2.fastq.gz	ftp.sra.ebi.ac.uk/vol1/fastq/ERR104/059/ERR10474559/ERR10474559_1.fastq.gz;ftp.sra.ebi.ac.uk/vol1/fastq/ERR104/059/ERR10474559/ERR10474559_2.fastq.gz	fasp.sra.ebi.ac.uk:/vol1/fastq/ERR104/059/ERR10474559/ERR10474559_1.fastq.gz;fasp.sra.ebi.ac.uk:/vol1/fastq/ERR104/059/ERR10474559/ERR10474559_2.fastq.gz
SAMEA111551960	ERR10474560	ERX9994903	SAMEA111551960	ERS13662018	PRJEB57289	ERP142257		ERA18581234	ena-RUN-TAB-09-11-2022-08:18:03:790-282347	ena-EXPERIMENT-TAB-09-11-2022-08:18:03:790-282346	E2_C_O_t4_03	609e47e6-99fd-4631-b6f2-c26c34546ca2	PAIRED	cDNA	TRANSCRIPTOMIC	RNA-Seq	E2_C_O_t4_03	Illumina NovaSeq 6000	ILLUMINA	12592246360.0	83392360.0	3702	Arabidopsis thaliana	E2_C_O_t4_03	Illumina NovaSeq 6000 sequencing	Flooding and recovery RNAseq of young and old leaves	Illumina NovaSeq 6000 sequencing	Exp2_Col-0_dayssubm-4_hoursrecov-3	4976f85ab2ae571ff414116a022bd841;123c464c5ee082270a75e006df790f92	2984023206;3097677885	ftp.sra.ebi.ac.uk/vol1/fastq/ERR104/060/ERR10474560/ERR10474560_1.fastq.gz;ftp.sra.ebi.ac.uk/vol1/fastq/ERR104/060/ERR10474560/ERR10474560_2.fastq.gz	ftp.sra.ebi.ac.uk/vol1/fastq/ERR104/060/ERR10474560/ERR10474560_1.fastq.gz;ftp.sra.ebi.ac.uk/vol1/fastq/ERR104/060/ERR10474560/ERR10474560_2.fastq.gz	fasp.sra.ebi.ac.uk:/vol1/fastq/ERR104/060/ERR10474560/ERR10474560_1.fastq.gz;fasp.sra.ebi.ac.uk:/vol1/fastq/ERR104/060/ERR10474560/ERR10474560_2.fastq.gz
SAMEA111551961	ERR10474561	ERX9994904	SAMEA111551961	ERS13662019	PRJEB57289	ERP142257		ERA18581234	ena-RUN-TAB-09-11-2022-08:18:03:791-282349	ena-EXPERIMENT-TAB-09-11-2022-08:18:03:790-282348	E2_C_O_t4_06	609e47e6-99fd-4631-b6f2-c26c34546ca2	PAIRED	cDNA	TRANSCRIPTOMIC	RNA-Seq	E2_C_O_t4_06	Illumina NovaSeq 6000	ILLUMINA	11682232780.0	77365780.0	3702	Arabidopsis thaliana	E2_C_O_t4_06	Illumina NovaSeq 6000 sequencing	Flooding and recovery RNAseq of young and old leaves	Illumina NovaSeq 6000 sequencing	Exp2_Col-0_dayssubm-4_hoursrecov-6	89ec275abb17253dcd13a0e8dcbab34a;390fa1f1a05daf5c1f3430d530486b37	2776270783;2862333831	ftp.sra.ebi.ac.uk/vol1/fastq/ERR104/061/ERR10474561/ERR10474561_1.fastq.gz;ftp.sra.ebi.ac.uk/vol1/fastq/ERR104/061/ERR10474561/ERR10474561_2.fastq.gz	ftp.sra.ebi.ac.uk/vol1/fastq/ERR104/061/ERR10474561/ERR10474561_1.fastq.gz;ftp.sra.ebi.ac.uk/vol1/fastq/ERR104/061/ERR10474561/ERR10474561_2.fastq.gz	fasp.sra.ebi.ac.uk:/vol1/fastq/ERR104/061/ERR10474561/ERR10474561_1.fastq.gz;fasp.sra.ebi.ac.uk:/vol1/fastq/ERR104/061/ERR10474561/ERR10474561_2.fastq.gz
SAMEA111551962	ERR10474562	ERX9994905	SAMEA111551962	ERS13662020	PRJEB57289	ERP142257		ERA18581234	ena-RUN-TAB-09-11-2022-08:18:03:791-282351	ena-EXPERIMENT-TAB-09-11-2022-08:18:03:791-282350	E2_C_O_t4_24	609e47e6-99fd-4631-b6f2-c26c34546ca2	PAIRED	cDNA	TRANSCRIPTOMIC	RNA-Seq	E2_C_O_t4_24	Illumina NovaSeq 6000	ILLUMINA	9637534230.0	63824730.0	3702	Arabidopsis thaliana	E2_C_O_t4_24	Illumina NovaSeq 6000 sequencing	Flooding and recovery RNAseq of young and old leaves	Illumina NovaSeq 6000 sequencing	Exp2_Col-0_dayssubm-4_hoursrecov-24	3815e51056ca05e27855a6ab41bca2a7;5332db4282ae6657b9bc1ea2db031de6	2291706338;2423242878	ftp.sra.ebi.ac.uk/vol1/fastq/ERR104/062/ERR10474562/ERR10474562_1.fastq.gz;ftp.sra.ebi.ac.uk/vol1/fastq/ERR104/062/ERR10474562/ERR10474562_2.fastq.gz	ftp.sra.ebi.ac.uk/vol1/fastq/ERR104/062/ERR10474562/ERR10474562_1.fastq.gz;ftp.sra.ebi.ac.uk/vol1/fastq/ERR104/062/ERR10474562/ERR10474562_2.fastq.gz	fasp.sra.ebi.ac.uk:/vol1/fastq/ERR104/062/ERR10474562/ERR10474562_1.fastq.gz;fasp.sra.ebi.ac.uk:/vol1/fastq/ERR104/062/ERR10474562/ERR10474562_2.fastq.gz
SAMEA111551963	ERR10474563	ERX9994906	SAMEA111551963	ERS13662021	PRJEB57289	ERP142257		ERA18581234	ena-RUN-TAB-09-11-2022-08:18:03:791-282353	ena-EXPERIMENT-TAB-09-11-2022-08:18:03:791-282352	E3_C_Y_t0_00	609e47e6-99fd-4631-b6f2-c26c34546ca2	PAIRED	cDNA	TRANSCRIPTOMIC	RNA-Seq	E3_C_Y_t0_00	Illumina NovaSeq 6000	ILLUMINA	11939904918.0	79072218.0	3702	Arabidopsis thaliana	E3_C_Y_t0_00	Illumina NovaSeq 6000 sequencing	Flooding and recovery RNAseq of young and old leaves	Illumina NovaSeq 6000 sequencing	Exp3_Col-0_dayssubm-0_hoursrecov-0	4eb0d75971d3bf127cac2a1cc77b0f24;fb8bb08635493724cfa1ea55e415eb51	2793532373;2882049160	ftp.sra.ebi.ac.uk/vol1/fastq/ERR104/063/ERR10474563/ERR10474563_1.fastq.gz;ftp.sra.ebi.ac.uk/vol1/fastq/ERR104/063/ERR10474563/ERR10474563_2.fastq.gz	ftp.sra.ebi.ac.uk/vol1/fastq/ERR104/063/ERR10474563/ERR10474563_1.fastq.gz;ftp.sra.ebi.ac.uk/vol1/fastq/ERR104/063/ERR10474563/ERR10474563_2.fastq.gz	fasp.sra.ebi.ac.uk:/vol1/fastq/ERR104/063/ERR10474563/ERR10474563_1.fastq.gz;fasp.sra.ebi.ac.uk:/vol1/fastq/ERR104/063/ERR10474563/ERR10474563_2.fastq.gz
SAMEA111551964	ERR10474564	ERX9994907	SAMEA111551964	ERS13662022	PRJEB57289	ERP142257		ERA18581234	ena-RUN-TAB-09-11-2022-08:18:03:791-282355	ena-EXPERIMENT-TAB-09-11-2022-08:18:03:791-282354	E3_C_Y_t2_00	609e47e6-99fd-4631-b6f2-c26c34546ca2	PAIRED	cDNA	TRANSCRIPTOMIC	RNA-Seq	E3_C_Y_t2_00	Illumina NovaSeq 6000	ILLUMINA	11717069688.0	77596488.0	3702	Arabidopsis thaliana	E3_C_Y_t2_00	Illumina NovaSeq 6000 sequencing	Flooding and recovery RNAseq of young and old leaves	Illumina NovaSeq 6000 sequencing	Exp3_Col-0_dayssubm-2_hoursrecov-0	395f56f96be04951df099de11573dc15;69fafa32f3ac18db1df9043ad2df18e4	2748067176;2887654462	ftp.sra.ebi.ac.uk/vol1/fastq/ERR104/064/ERR10474564/ERR10474564_1.fastq.gz;ftp.sra.ebi.ac.uk/vol1/fastq/ERR104/064/ERR10474564/ERR10474564_2.fastq.gz	ftp.sra.ebi.ac.uk/vol1/fastq/ERR104/064/ERR10474564/ERR10474564_1.fastq.gz;ftp.sra.ebi.ac.uk/vol1/fastq/ERR104/064/ERR10474564/ERR10474564_2.fastq.gz	fasp.sra.ebi.ac.uk:/vol1/fastq/ERR104/064/ERR10474564/ERR10474564_1.fastq.gz;fasp.sra.ebi.ac.uk:/vol1/fastq/ERR104/064/ERR10474564/ERR10474564_2.fastq.gz
SAMEA111551965	ERR10474565	ERX9994908	SAMEA111551965	ERS13662023	PRJEB57289	ERP142257		ERA18581234	ena-RUN-TAB-09-11-2022-08:18:03:792-282357	ena-EXPERIMENT-TAB-09-11-2022-08:18:03:792-282356	E3_C_Y_t4_00	609e47e6-99fd-4631-b6f2-c26c34546ca2	PAIRED	cDNA	TRANSCRIPTOMIC	RNA-Seq	E3_C_Y_t4_00	Illumina NovaSeq 6000	ILLUMINA	9921012872.0	65702072.0	3702	Arabidopsis thaliana	E3_C_Y_t4_00	Illumina NovaSeq 6000 sequencing	Flooding and recovery RNAseq of young and old leaves	Illumina NovaSeq 6000 sequencing	Exp3_Col-0_dayssubm-4_hoursrecov-0	46af1d45b82ec5a56619180abca67ef4;65b451675f17bd3f021948370a7a0550	2342984242;2426117986	ftp.sra.ebi.ac.uk/vol1/fastq/ERR104/065/ERR10474565/ERR10474565_1.fastq.gz;ftp.sra.ebi.ac.uk/vol1/fastq/ERR104/065/ERR10474565/ERR10474565_2.fastq.gz	ftp.sra.ebi.ac.uk/vol1/fastq/ERR104/065/ERR10474565/ERR10474565_1.fastq.gz;ftp.sra.ebi.ac.uk/vol1/fastq/ERR104/065/ERR10474565/ERR10474565_2.fastq.gz	fasp.sra.ebi.ac.uk:/vol1/fastq/ERR104/065/ERR10474565/ERR10474565_1.fastq.gz;fasp.sra.ebi.ac.uk:/vol1/fastq/ERR104/065/ERR10474565/ERR10474565_2.fastq.gz
SAMEA111551966	ERR10474566	ERX9994909	SAMEA111551966	ERS13662024	PRJEB57289	ERP142257		ERA18581234	ena-RUN-TAB-09-11-2022-08:18:03:792-282359	ena-EXPERIMENT-TAB-09-11-2022-08:18:03:792-282358	E3_C_Y_t4_01	609e47e6-99fd-4631-b6f2-c26c34546ca2	PAIRED	cDNA	TRANSCRIPTOMIC	RNA-Seq	E3_C_Y_t4_01	Illumina NovaSeq 6000	ILLUMINA	11365582760.0	75268760.0	3702	Arabidopsis thaliana	E3_C_Y_t4_01	Illumina NovaSeq 6000 sequencing	Flooding and recovery RNAseq of young and old leaves	Illumina NovaSeq 6000 sequencing	Exp3_Col-0_dayssubm-4_hoursrecov-1	4ef033041411c2b1c7e9be796985fdc6;d4df130e1046ab733e0b8d5b26176445	2680157098;2774093650	ftp.sra.ebi.ac.uk/vol1/fastq/ERR104/066/ERR10474566/ERR10474566_1.fastq.gz;ftp.sra.ebi.ac.uk/vol1/fastq/ERR104/066/ERR10474566/ERR10474566_2.fastq.gz	ftp.sra.ebi.ac.uk/vol1/fastq/ERR104/066/ERR10474566/ERR10474566_1.fastq.gz;ftp.sra.ebi.ac.uk/vol1/fastq/ERR104/066/ERR10474566/ERR10474566_2.fastq.gz	fasp.sra.ebi.ac.uk:/vol1/fastq/ERR104/066/ERR10474566/ERR10474566_1.fastq.gz;fasp.sra.ebi.ac.uk:/vol1/fastq/ERR104/066/ERR10474566/ERR10474566_2.fastq.gz
SAMEA111551967	ERR10474567	ERX9994910	SAMEA111551967	ERS13662025	PRJEB57289	ERP142257		ERA18581234	ena-RUN-TAB-09-11-2022-08:18:03:792-282361	ena-EXPERIMENT-TAB-09-11-2022-08:18:03:792-282360	E3_C_Y_t4_03	609e47e6-99fd-4631-b6f2-c26c34546ca2	PAIRED	cDNA	TRANSCRIPTOMIC	RNA-Seq	E3_C_Y_t4_03	Illumina NovaSeq 6000	ILLUMINA	11051548664.0	73189064.0	3702	Arabidopsis thaliana	E3_C_Y_t4_03	Illumina NovaSeq 6000 sequencing	Flooding and recovery RNAseq of young and old leaves	Illumina NovaSeq 6000 sequencing	Exp3_Col-0_dayssubm-4_hoursrecov-3	449f38d13eae183d4d1eaf971847185c;ca70f963bf76b00ec7dfc5ddf5988273	2640334868;2708240131	ftp.sra.ebi.ac.uk/vol1/fastq/ERR104/067/ERR10474567/ERR10474567_1.fastq.gz;ftp.sra.ebi.ac.uk/vol1/fastq/ERR104/067/ERR10474567/ERR10474567_2.fastq.gz	ftp.sra.ebi.ac.uk/vol1/fastq/ERR104/067/ERR10474567/ERR10474567_1.fastq.gz;ftp.sra.ebi.ac.uk/vol1/fastq/ERR104/067/ERR10474567/ERR10474567_2.fastq.gz	fasp.sra.ebi.ac.uk:/vol1/fastq/ERR104/067/ERR10474567/ERR10474567_1.fastq.gz;fasp.sra.ebi.ac.uk:/vol1/fastq/ERR104/067/ERR10474567/ERR10474567_2.fastq.gz
SAMEA111551968	ERR10474568	ERX9994911	SAMEA111551968	ERS13662026	PRJEB57289	ERP142257		ERA18581234	ena-RUN-TAB-09-11-2022-08:18:03:793-282363	ena-EXPERIMENT-TAB-09-11-2022-08:18:03:792-282362	E3_C_Y_t4_06	609e47e6-99fd-4631-b6f2-c26c34546ca2	PAIRED	cDNA	TRANSCRIPTOMIC	RNA-Seq	E3_C_Y_t4_06	Illumina NovaSeq 6000	ILLUMINA	12566156580.0	83219580.0	3702	Arabidopsis thaliana	E3_C_Y_t4_06	Illumina NovaSeq 6000 sequencing	Flooding and recovery RNAseq of young and old leaves	Illumina NovaSeq 6000 sequencing	Exp3_Col-0_dayssubm-4_hoursrecov-6	cf17bf935d186a81844baf8be9095a68;d4d3b5404a5a42f115b8609530b46982	2977318785;3090499299	ftp.sra.ebi.ac.uk/vol1/fastq/ERR104/068/ERR10474568/ERR10474568_1.fastq.gz;ftp.sra.ebi.ac.uk/vol1/fastq/ERR104/068/ERR10474568/ERR10474568_2.fastq.gz	ftp.sra.ebi.ac.uk/vol1/fastq/ERR104/068/ERR10474568/ERR10474568_1.fastq.gz;ftp.sra.ebi.ac.uk/vol1/fastq/ERR104/068/ERR10474568/ERR10474568_2.fastq.gz	fasp.sra.ebi.ac.uk:/vol1/fastq/ERR104/068/ERR10474568/ERR10474568_1.fastq.gz;fasp.sra.ebi.ac.uk:/vol1/fastq/ERR104/068/ERR10474568/ERR10474568_2.fastq.gz
SAMEA111551969	ERR10474569	ERX9994912	SAMEA111551969	ERS13662027	PRJEB57289	ERP142257		ERA18581234	ena-RUN-TAB-09-11-2022-08:18:03:793-282365	ena-EXPERIMENT-TAB-09-11-2022-08:18:03:793-282364	E3_C_Y_t4_24	609e47e6-99fd-4631-b6f2-c26c34546ca2	PAIRED	cDNA	TRANSCRIPTOMIC	RNA-Seq	E3_C_Y_t4_24	Illumina NovaSeq 6000	ILLUMINA	10382125498.0	68755798.0	3702	Arabidopsis thaliana	E3_C_Y_t4_24	Illumina NovaSeq 6000 sequencing	Flooding and recovery RNAseq of young and old leaves	Illumina NovaSeq 6000 sequencing	Exp3_Col-0_dayssubm-4_hoursrecov-24	e9c1136a8d30558fd6fbbf9d11b6dd74;01a932b7ecbfb2ca9def2cdb8fca0248	2440418886;2527289430	ftp.sra.ebi.ac.uk/vol1/fastq/ERR104/069/ERR10474569/ERR10474569_1.fastq.gz;ftp.sra.ebi.ac.uk/vol1/fastq/ERR104/069/ERR10474569/ERR10474569_2.fastq.gz	ftp.sra.ebi.ac.uk/vol1/fastq/ERR104/069/ERR10474569/ERR10474569_1.fastq.gz;ftp.sra.ebi.ac.uk/vol1/fastq/ERR104/069/ERR10474569/ERR10474569_2.fastq.gz	fasp.sra.ebi.ac.uk:/vol1/fastq/ERR104/069/ERR10474569/ERR10474569_1.fastq.gz;fasp.sra.ebi.ac.uk:/vol1/fastq/ERR104/069/ERR10474569/ERR10474569_2.fastq.gz
SAMEA111551970	ERR10474570	ERX9994913	SAMEA111551970	ERS13662028	PRJEB57289	ERP142257		ERA18581234	ena-RUN-TAB-09-11-2022-08:18:03:793-282367	ena-EXPERIMENT-TAB-09-11-2022-08:18:03:793-282366	E3_C_Y_t6_00	609e47e6-99fd-4631-b6f2-c26c34546ca2	PAIRED	cDNA	TRANSCRIPTOMIC	RNA-Seq	E3_C_Y_t6_00	Illumina NovaSeq 6000	ILLUMINA	13922688032.0	92203232.0	3702	Arabidopsis thaliana	E3_C_Y_t6_00	Illumina NovaSeq 6000 sequencing	Flooding and recovery RNAseq of young and old leaves	Illumina NovaSeq 6000 sequencing	Exp3_Col-0_dayssubm-6_hoursrecov-0	fb87eb053785c9dbad71be5cee4a1dfb;ca76dd39faac6fe6795b2f2288252561	3294984352;3428043337	ftp.sra.ebi.ac.uk/vol1/fastq/ERR104/070/ERR10474570/ERR10474570_1.fastq.gz;ftp.sra.ebi.ac.uk/vol1/fastq/ERR104/070/ERR10474570/ERR10474570_2.fastq.gz	ftp.sra.ebi.ac.uk/vol1/fastq/ERR104/070/ERR10474570/ERR10474570_1.fastq.gz;ftp.sra.ebi.ac.uk/vol1/fastq/ERR104/070/ERR10474570/ERR10474570_2.fastq.gz	fasp.sra.ebi.ac.uk:/vol1/fastq/ERR104/070/ERR10474570/ERR10474570_1.fastq.gz;fasp.sra.ebi.ac.uk:/vol1/fastq/ERR104/070/ERR10474570/ERR10474570_2.fastq.gz
SAMEA111551971	ERR10474571	ERX9994914	SAMEA111551971	ERS13662029	PRJEB57289	ERP142257		ERA18581234	ena-RUN-TAB-09-11-2022-08:18:03:793-282369	ena-EXPERIMENT-TAB-09-11-2022-08:18:03:793-282368	E3_C_O_t0_00	609e47e6-99fd-4631-b6f2-c26c34546ca2	PAIRED	cDNA	TRANSCRIPTOMIC	RNA-Seq	E3_C_O_t0_00	Illumina NovaSeq 6000	ILLUMINA	11289935384.0	74767784.0	3702	Arabidopsis thaliana	E3_C_O_t0_00	Illumina NovaSeq 6000 sequencing	Flooding and recovery RNAseq of young and old leaves	Illumina NovaSeq 6000 sequencing	Exp3_Col-0_dayssubm-0_hoursrecov-0	8c5c4dff1b274a4c5ba7659b21635a12;199cbb77d25d879d48c94406bb4472d5	2622007834;2739283379	ftp.sra.ebi.ac.uk/vol1/fastq/ERR104/071/ERR10474571/ERR10474571_1.fastq.gz;ftp.sra.ebi.ac.uk/vol1/fastq/ERR104/071/ERR10474571/ERR10474571_2.fastq.gz	ftp.sra.ebi.ac.uk/vol1/fastq/ERR104/071/ERR10474571/ERR10474571_1.fastq.gz;ftp.sra.ebi.ac.uk/vol1/fastq/ERR104/071/ERR10474571/ERR10474571_2.fastq.gz	fasp.sra.ebi.ac.uk:/vol1/fastq/ERR104/071/ERR10474571/ERR10474571_1.fastq.gz;fasp.sra.ebi.ac.uk:/vol1/fastq/ERR104/071/ERR10474571/ERR10474571_2.fastq.gz
SAMEA111551972	ERR10474572	ERX9994915	SAMEA111551972	ERS13662030	PRJEB57289	ERP142257		ERA18581234	ena-RUN-TAB-09-11-2022-08:18:03:794-282371	ena-EXPERIMENT-TAB-09-11-2022-08:18:03:793-282370	E3_C_O_t2_00	609e47e6-99fd-4631-b6f2-c26c34546ca2	PAIRED	cDNA	TRANSCRIPTOMIC	RNA-Seq	E3_C_O_t2_00	Illumina NovaSeq 6000	ILLUMINA	12379880262.0	81985962.0	3702	Arabidopsis thaliana	E3_C_O_t2_00	Illumina NovaSeq 6000 sequencing	Flooding and recovery RNAseq of young and old leaves	Illumina NovaSeq 6000 sequencing	Exp3_Col-0_dayssubm-2_hoursrecov-0	66536628ab6ad3e6295c0ae1ece792d6;f0ac888e56978a1834d2feecf63e97e0	2907281185;3029554391	ftp.sra.ebi.ac.uk/vol1/fastq/ERR104/072/ERR10474572/ERR10474572_1.fastq.gz;ftp.sra.ebi.ac.uk/vol1/fastq/ERR104/072/ERR10474572/ERR10474572_2.fastq.gz	ftp.sra.ebi.ac.uk/vol1/fastq/ERR104/072/ERR10474572/ERR10474572_1.fastq.gz;ftp.sra.ebi.ac.uk/vol1/fastq/ERR104/072/ERR10474572/ERR10474572_2.fastq.gz	fasp.sra.ebi.ac.uk:/vol1/fastq/ERR104/072/ERR10474572/ERR10474572_1.fastq.gz;fasp.sra.ebi.ac.uk:/vol1/fastq/ERR104/072/ERR10474572/ERR10474572_2.fastq.gz
SAMEA111551973	ERR10474573	ERX9994916	SAMEA111551973	ERS13662031	PRJEB57289	ERP142257		ERA18581234	ena-RUN-TAB-09-11-2022-08:18:03:794-282373	ena-EXPERIMENT-TAB-09-11-2022-08:18:03:794-282372	E3_C_O_t4_00	609e47e6-99fd-4631-b6f2-c26c34546ca2	PAIRED	cDNA	TRANSCRIPTOMIC	RNA-Seq	E3_C_O_t4_00	Illumina NovaSeq 6000	ILLUMINA	14111688994.0	93454894.0	3702	Arabidopsis thaliana	E3_C_O_t4_00	Illumina NovaSeq 6000 sequencing	Flooding and recovery RNAseq of young and old leaves	Illumina NovaSeq 6000 sequencing	Exp3_Col-0_dayssubm-4_hoursrecov-0	eddf60ee2cc71e48c4b8937ae7e426a3;060603ee3c080c4316ca2713e22b59c0	3322637404;3442741194	ftp.sra.ebi.ac.uk/vol1/fastq/ERR104/073/ERR10474573/ERR10474573_1.fastq.gz;ftp.sra.ebi.ac.uk/vol1/fastq/ERR104/073/ERR10474573/ERR10474573_2.fastq.gz	ftp.sra.ebi.ac.uk/vol1/fastq/ERR104/073/ERR10474573/ERR10474573_1.fastq.gz;ftp.sra.ebi.ac.uk/vol1/fastq/ERR104/073/ERR10474573/ERR10474573_2.fastq.gz	fasp.sra.ebi.ac.uk:/vol1/fastq/ERR104/073/ERR10474573/ERR10474573_1.fastq.gz;fasp.sra.ebi.ac.uk:/vol1/fastq/ERR104/073/ERR10474573/ERR10474573_2.fastq.gz
SAMEA111551974	ERR10474574	ERX9994917	SAMEA111551974	ERS13662032	PRJEB57289	ERP142257		ERA18581234	ena-RUN-TAB-09-11-2022-08:18:03:794-282375	ena-EXPERIMENT-TAB-09-11-2022-08:18:03:794-282374	E3_C_O_t4_01	609e47e6-99fd-4631-b6f2-c26c34546ca2	PAIRED	cDNA	TRANSCRIPTOMIC	RNA-Seq	E3_C_O_t4_01	Illumina NovaSeq 6000	ILLUMINA	11537328046.0	76406146.0	3702	Arabidopsis thaliana	E3_C_O_t4_01	Illumina NovaSeq 6000 sequencing	Flooding and recovery RNAseq of young and old leaves	Illumina NovaSeq 6000 sequencing	Exp3_Col-0_dayssubm-4_hoursrecov-1	82897474026687a565e60abdf196a78a;7292140f9ab46d01324d8001c8de8d9a	2737355012;2852828637	ftp.sra.ebi.ac.uk/vol1/fastq/ERR104/074/ERR10474574/ERR10474574_1.fastq.gz;ftp.sra.ebi.ac.uk/vol1/fastq/ERR104/074/ERR10474574/ERR10474574_2.fastq.gz	ftp.sra.ebi.ac.uk/vol1/fastq/ERR104/074/ERR10474574/ERR10474574_1.fastq.gz;ftp.sra.ebi.ac.uk/vol1/fastq/ERR104/074/ERR10474574/ERR10474574_2.fastq.gz	fasp.sra.ebi.ac.uk:/vol1/fastq/ERR104/074/ERR10474574/ERR10474574_1.fastq.gz;fasp.sra.ebi.ac.uk:/vol1/fastq/ERR104/074/ERR10474574/ERR10474574_2.fastq.gz
SAMEA111551975	ERR10474575	ERX9994918	SAMEA111551975	ERS13662033	PRJEB57289	ERP142257		ERA18581234	ena-RUN-TAB-09-11-2022-08:18:03:794-282377	ena-EXPERIMENT-TAB-09-11-2022-08:18:03:794-282376	E3_C_O_t4_03	609e47e6-99fd-4631-b6f2-c26c34546ca2	PAIRED	cDNA	TRANSCRIPTOMIC	RNA-Seq	E3_C_O_t4_03	Illumina NovaSeq 6000	ILLUMINA	10305437128.0	68247928.0	3702	Arabidopsis thaliana	E3_C_O_t4_03	Illumina NovaSeq 6000 sequencing	Flooding and recovery RNAseq of young and old leaves	Illumina NovaSeq 6000 sequencing	Exp3_Col-0_dayssubm-4_hoursrecov-3	345b4c3aca6a40abaf8e35b69974ba84;0fffca4e6abf1fbec613545a0f2e3f6b	2455664372;2536980960	ftp.sra.ebi.ac.uk/vol1/fastq/ERR104/075/ERR10474575/ERR10474575_1.fastq.gz;ftp.sra.ebi.ac.uk/vol1/fastq/ERR104/075/ERR10474575/ERR10474575_2.fastq.gz	ftp.sra.ebi.ac.uk/vol1/fastq/ERR104/075/ERR10474575/ERR10474575_1.fastq.gz;ftp.sra.ebi.ac.uk/vol1/fastq/ERR104/075/ERR10474575/ERR10474575_2.fastq.gz	fasp.sra.ebi.ac.uk:/vol1/fastq/ERR104/075/ERR10474575/ERR10474575_1.fastq.gz;fasp.sra.ebi.ac.uk:/vol1/fastq/ERR104/075/ERR10474575/ERR10474575_2.fastq.gz
SAMEA111551976	ERR10474576	ERX9994919	SAMEA111551976	ERS13662034	PRJEB57289	ERP142257		ERA18581234	ena-RUN-TAB-09-11-2022-08:18:03:795-282379	ena-EXPERIMENT-TAB-09-11-2022-08:18:03:795-282378	E3_C_O_t4_06	609e47e6-99fd-4631-b6f2-c26c34546ca2	PAIRED	cDNA	TRANSCRIPTOMIC	RNA-Seq	E3_C_O_t4_06	Illumina NovaSeq 6000	ILLUMINA	11520174144.0	76292544.0	3702	Arabidopsis thaliana	E3_C_O_t4_06	Illumina NovaSeq 6000 sequencing	Flooding and recovery RNAseq of young and old leaves	Illumina NovaSeq 6000 sequencing	Exp3_Col-0_dayssubm-4_hoursrecov-6	aa86a3b94756c2b825c694828ee5252b;c7285a76bab1d78fe3ece4be8932826f	2749642260;2854587055	ftp.sra.ebi.ac.uk/vol1/fastq/ERR104/076/ERR10474576/ERR10474576_1.fastq.gz;ftp.sra.ebi.ac.uk/vol1/fastq/ERR104/076/ERR10474576/ERR10474576_2.fastq.gz	ftp.sra.ebi.ac.uk/vol1/fastq/ERR104/076/ERR10474576/ERR10474576_1.fastq.gz;ftp.sra.ebi.ac.uk/vol1/fastq/ERR104/076/ERR10474576/ERR10474576_2.fastq.gz	fasp.sra.ebi.ac.uk:/vol1/fastq/ERR104/076/ERR10474576/ERR10474576_1.fastq.gz;fasp.sra.ebi.ac.uk:/vol1/fastq/ERR104/076/ERR10474576/ERR10474576_2.fastq.gz
SAMEA111551977	ERR10474577	ERX9994920	SAMEA111551977	ERS13662035	PRJEB57289	ERP142257		ERA18581234	ena-RUN-TAB-09-11-2022-08:18:03:795-282381	ena-EXPERIMENT-TAB-09-11-2022-08:18:03:795-282380	E3_C_O_t4_24	609e47e6-99fd-4631-b6f2-c26c34546ca2	PAIRED	cDNA	TRANSCRIPTOMIC	RNA-Seq	E3_C_O_t4_24	Illumina NovaSeq 6000	ILLUMINA	11086914072.0	73423272.0	3702	Arabidopsis thaliana	E3_C_O_t4_24	Illumina NovaSeq 6000 sequencing	Flooding and recovery RNAseq of young and old leaves	Illumina NovaSeq 6000 sequencing	Exp3_Col-0_dayssubm-4_hoursrecov-24	a2bf76ec8c789675e9eda43828af444e;b21178a3f2dc951a9ff304f16da3c2bb	2637554833;2739933779	ftp.sra.ebi.ac.uk/vol1/fastq/ERR104/077/ERR10474577/ERR10474577_1.fastq.gz;ftp.sra.ebi.ac.uk/vol1/fastq/ERR104/077/ERR10474577/ERR10474577_2.fastq.gz	ftp.sra.ebi.ac.uk/vol1/fastq/ERR104/077/ERR10474577/ERR10474577_1.fastq.gz;ftp.sra.ebi.ac.uk/vol1/fastq/ERR104/077/ERR10474577/ERR10474577_2.fastq.gz	fasp.sra.ebi.ac.uk:/vol1/fastq/ERR104/077/ERR10474577/ERR10474577_1.fastq.gz;fasp.sra.ebi.ac.uk:/vol1/fastq/ERR104/077/ERR10474577/ERR10474577_2.fastq.gz
SAMEA111551978	ERR10474578	ERX9994921	SAMEA111551978	ERS13662036	PRJEB57289	ERP142257		ERA18581234	ena-RUN-TAB-09-11-2022-08:18:03:795-282383	ena-EXPERIMENT-TAB-09-11-2022-08:18:03:795-282382	E1_O_Y_t0_00	609e47e6-99fd-4631-b6f2-c26c34546ca2	PAIRED	cDNA	TRANSCRIPTOMIC	RNA-Seq	E1_O_Y_t0_00	Illumina NovaSeq 6000	ILLUMINA	11869575158.0	78606458.0	3702	Arabidopsis thaliana	E1_O_Y_t0_00	Illumina NovaSeq 6000 sequencing	Flooding and recovery RNAseq of young and old leaves	Illumina NovaSeq 6000 sequencing	Exp1_ore1_dayssubm-0_hoursrecov-0	5ac52e53d66ffa388d2b07236908c0f3;fd6a756235a8cb44e0d3e15aced74a42	2747504132;2857965101	ftp.sra.ebi.ac.uk/vol1/fastq/ERR104/078/ERR10474578/ERR10474578_1.fastq.gz;ftp.sra.ebi.ac.uk/vol1/fastq/ERR104/078/ERR10474578/ERR10474578_2.fastq.gz	ftp.sra.ebi.ac.uk/vol1/fastq/ERR104/078/ERR10474578/ERR10474578_1.fastq.gz;ftp.sra.ebi.ac.uk/vol1/fastq/ERR104/078/ERR10474578/ERR10474578_2.fastq.gz	fasp.sra.ebi.ac.uk:/vol1/fastq/ERR104/078/ERR10474578/ERR10474578_1.fastq.gz;fasp.sra.ebi.ac.uk:/vol1/fastq/ERR104/078/ERR10474578/ERR10474578_2.fastq.gz
SAMEA111551979	ERR10474579	ERX9994922	SAMEA111551979	ERS13662037	PRJEB57289	ERP142257		ERA18581234	ena-RUN-TAB-09-11-2022-08:18:03:795-282385	ena-EXPERIMENT-TAB-09-11-2022-08:18:03:795-282384	E1_O_Y_t4_00	609e47e6-99fd-4631-b6f2-c26c34546ca2	PAIRED	cDNA	TRANSCRIPTOMIC	RNA-Seq	E1_O_Y_t4_00	Illumina NovaSeq 6000	ILLUMINA	11712756524.0	77567924.0	3702	Arabidopsis thaliana	E1_O_Y_t4_00	Illumina NovaSeq 6000 sequencing	Flooding and recovery RNAseq of young and old leaves	Illumina NovaSeq 6000 sequencing	Exp1_ore1_dayssubm-4_hoursrecov-0	96f4e7bc07317beb846fd16f46da3822;1b066fb4260ca0c07ca07edcd31a1867	2832489583;2979467448	ftp.sra.ebi.ac.uk/vol1/fastq/ERR104/079/ERR10474579/ERR10474579_1.fastq.gz;ftp.sra.ebi.ac.uk/vol1/fastq/ERR104/079/ERR10474579/ERR10474579_2.fastq.gz	ftp.sra.ebi.ac.uk/vol1/fastq/ERR104/079/ERR10474579/ERR10474579_1.fastq.gz;ftp.sra.ebi.ac.uk/vol1/fastq/ERR104/079/ERR10474579/ERR10474579_2.fastq.gz	fasp.sra.ebi.ac.uk:/vol1/fastq/ERR104/079/ERR10474579/ERR10474579_1.fastq.gz;fasp.sra.ebi.ac.uk:/vol1/fastq/ERR104/079/ERR10474579/ERR10474579_2.fastq.gz
SAMEA111551980	ERR10474580	ERX9994923	SAMEA111551980	ERS13662038	PRJEB57289	ERP142257		ERA18581234	ena-RUN-TAB-09-11-2022-08:18:03:796-282387	ena-EXPERIMENT-TAB-09-11-2022-08:18:03:796-282386	E1_O_Y_t4_06	609e47e6-99fd-4631-b6f2-c26c34546ca2	PAIRED	cDNA	TRANSCRIPTOMIC	RNA-Seq	E1_O_Y_t4_06	Illumina NovaSeq 6000	ILLUMINA	9105548848.0	60301648.0	3702	Arabidopsis thaliana	E1_O_Y_t4_06	Illumina NovaSeq 6000 sequencing	Flooding and recovery RNAseq of young and old leaves	Illumina NovaSeq 6000 sequencing	Exp1_ore1_dayssubm-4_hoursrecov-6	a47d29c67536e9027d2e503d25451bd7;5722cc1dbf5ed348fde01646481a4ba1	2198676846;2297006113	ftp.sra.ebi.ac.uk/vol1/fastq/ERR104/080/ERR10474580/ERR10474580_1.fastq.gz;ftp.sra.ebi.ac.uk/vol1/fastq/ERR104/080/ERR10474580/ERR10474580_2.fastq.gz	ftp.sra.ebi.ac.uk/vol1/fastq/ERR104/080/ERR10474580/ERR10474580_1.fastq.gz;ftp.sra.ebi.ac.uk/vol1/fastq/ERR104/080/ERR10474580/ERR10474580_2.fastq.gz	fasp.sra.ebi.ac.uk:/vol1/fastq/ERR104/080/ERR10474580/ERR10474580_1.fastq.gz;fasp.sra.ebi.ac.uk:/vol1/fastq/ERR104/080/ERR10474580/ERR10474580_2.fastq.gz
SAMEA111551981	ERR10474581	ERX9994924	SAMEA111551981	ERS13662039	PRJEB57289	ERP142257		ERA18581234	ena-RUN-TAB-09-11-2022-08:18:03:796-282389	ena-EXPERIMENT-TAB-09-11-2022-08:18:03:796-282388	E1_O_O_t0_00	609e47e6-99fd-4631-b6f2-c26c34546ca2	PAIRED	cDNA	TRANSCRIPTOMIC	RNA-Seq	E1_O_O_t0_00	Illumina NovaSeq 6000	ILLUMINA	11749979836.0	77814436.0	3702	Arabidopsis thaliana	E1_O_O_t0_00	Illumina NovaSeq 6000 sequencing	Flooding and recovery RNAseq of young and old leaves	Illumina NovaSeq 6000 sequencing	Exp1_ore1_dayssubm-0_hoursrecov-0	053bc2e8801302ee18759196849e6a42;e510d7f73d5221ccdeff0f2e6c6f2c0d	2785391132;2882334408	ftp.sra.ebi.ac.uk/vol1/fastq/ERR104/081/ERR10474581/ERR10474581_1.fastq.gz;ftp.sra.ebi.ac.uk/vol1/fastq/ERR104/081/ERR10474581/ERR10474581_2.fastq.gz	ftp.sra.ebi.ac.uk/vol1/fastq/ERR104/081/ERR10474581/ERR10474581_1.fastq.gz;ftp.sra.ebi.ac.uk/vol1/fastq/ERR104/081/ERR10474581/ERR10474581_2.fastq.gz	fasp.sra.ebi.ac.uk:/vol1/fastq/ERR104/081/ERR10474581/ERR10474581_1.fastq.gz;fasp.sra.ebi.ac.uk:/vol1/fastq/ERR104/081/ERR10474581/ERR10474581_2.fastq.gz
SAMEA111551982	ERR10474582	ERX9994925	SAMEA111551982	ERS13662040	PRJEB57289	ERP142257		ERA18581234	ena-RUN-TAB-09-11-2022-08:18:03:796-282391	ena-EXPERIMENT-TAB-09-11-2022-08:18:03:796-282390	E1_O_O_t4_00	609e47e6-99fd-4631-b6f2-c26c34546ca2	PAIRED	cDNA	TRANSCRIPTOMIC	RNA-Seq	E1_O_O_t4_00	Illumina NovaSeq 6000	ILLUMINA	11191060282.0	74112982.0	3702	Arabidopsis thaliana	E1_O_O_t4_00	Illumina NovaSeq 6000 sequencing	Flooding and recovery RNAseq of young and old leaves	Illumina NovaSeq 6000 sequencing	Exp1_ore1_dayssubm-4_hoursrecov-0	401a7156980d4ae24e4b5e8d5cdbb00a;d86073533a9facb396c81bb537d235db	2702179732;2818080649	ftp.sra.ebi.ac.uk/vol1/fastq/ERR104/082/ERR10474582/ERR10474582_1.fastq.gz;ftp.sra.ebi.ac.uk/vol1/fastq/ERR104/082/ERR10474582/ERR10474582_2.fastq.gz	ftp.sra.ebi.ac.uk/vol1/fastq/ERR104/082/ERR10474582/ERR10474582_1.fastq.gz;ftp.sra.ebi.ac.uk/vol1/fastq/ERR104/082/ERR10474582/ERR10474582_2.fastq.gz	fasp.sra.ebi.ac.uk:/vol1/fastq/ERR104/082/ERR10474582/ERR10474582_1.fastq.gz;fasp.sra.ebi.ac.uk:/vol1/fastq/ERR104/082/ERR10474582/ERR10474582_2.fastq.gz
SAMEA111551983	ERR10474583	ERX9994926	SAMEA111551983	ERS13662041	PRJEB57289	ERP142257		ERA18581234	ena-RUN-TAB-09-11-2022-08:18:03:797-282393	ena-EXPERIMENT-TAB-09-11-2022-08:18:03:796-282392	E1_O_O_t4_06	609e47e6-99fd-4631-b6f2-c26c34546ca2	PAIRED	cDNA	TRANSCRIPTOMIC	RNA-Seq	E1_O_O_t4_06	Illumina NovaSeq 6000	ILLUMINA	11328521924.0	75023324.0	3702	Arabidopsis thaliana	E1_O_O_t4_06	Illumina NovaSeq 6000 sequencing	Flooding and recovery RNAseq of young and old leaves	Illumina NovaSeq 6000 sequencing	Exp1_ore1_dayssubm-4_hoursrecov-6	c1bd1a2a063978a99401d3220ac0f20e;f1d13eb87ee0f75d8c0e8aa43d2b4de4	2762270752;2869766853	ftp.sra.ebi.ac.uk/vol1/fastq/ERR104/083/ERR10474583/ERR10474583_1.fastq.gz;ftp.sra.ebi.ac.uk/vol1/fastq/ERR104/083/ERR10474583/ERR10474583_2.fastq.gz	ftp.sra.ebi.ac.uk/vol1/fastq/ERR104/083/ERR10474583/ERR10474583_1.fastq.gz;ftp.sra.ebi.ac.uk/vol1/fastq/ERR104/083/ERR10474583/ERR10474583_2.fastq.gz	fasp.sra.ebi.ac.uk:/vol1/fastq/ERR104/083/ERR10474583/ERR10474583_1.fastq.gz;fasp.sra.ebi.ac.uk:/vol1/fastq/ERR104/083/ERR10474583/ERR10474583_2.fastq.gz
SAMEA111551984	ERR10474584	ERX9994927	SAMEA111551984	ERS13662042	PRJEB57289	ERP142257		ERA18581234	ena-RUN-TAB-09-11-2022-08:18:03:797-282395	ena-EXPERIMENT-TAB-09-11-2022-08:18:03:797-282394	E2_O_Y_t0_00	609e47e6-99fd-4631-b6f2-c26c34546ca2	PAIRED	cDNA	TRANSCRIPTOMIC	RNA-Seq	E2_O_Y_t0_00	Illumina NovaSeq 6000	ILLUMINA	10737939180.0	71112180.0	3702	Arabidopsis thaliana	E2_O_Y_t0_00	Illumina NovaSeq 6000 sequencing	Flooding and recovery RNAseq of young and old leaves	Illumina NovaSeq 6000 sequencing	Exp2_ore1_dayssubm-0_hoursrecov-0	03825bbcd9fafc79bbb7d740c1a91985;7cbabe494a635cdb7f440e11b1937022	2568961114;2690248996	ftp.sra.ebi.ac.uk/vol1/fastq/ERR104/084/ERR10474584/ERR10474584_1.fastq.gz;ftp.sra.ebi.ac.uk/vol1/fastq/ERR104/084/ERR10474584/ERR10474584_2.fastq.gz	ftp.sra.ebi.ac.uk/vol1/fastq/ERR104/084/ERR10474584/ERR10474584_1.fastq.gz;ftp.sra.ebi.ac.uk/vol1/fastq/ERR104/084/ERR10474584/ERR10474584_2.fastq.gz	fasp.sra.ebi.ac.uk:/vol1/fastq/ERR104/084/ERR10474584/ERR10474584_1.fastq.gz;fasp.sra.ebi.ac.uk:/vol1/fastq/ERR104/084/ERR10474584/ERR10474584_2.fastq.gz
SAMEA111551985	ERR10474585	ERX9994928	SAMEA111551985	ERS13662043	PRJEB57289	ERP142257		ERA18581234	ena-RUN-TAB-09-11-2022-08:18:03:797-282397	ena-EXPERIMENT-TAB-09-11-2022-08:18:03:797-282396	E2_O_Y_t4_00	609e47e6-99fd-4631-b6f2-c26c34546ca2	PAIRED	cDNA	TRANSCRIPTOMIC	RNA-Seq	E2_O_Y_t4_00	Illumina NovaSeq 6000	ILLUMINA	11157270106.0	73889206.0	3702	Arabidopsis thaliana	E2_O_Y_t4_00	Illumina NovaSeq 6000 sequencing	Flooding and recovery RNAseq of young and old leaves	Illumina NovaSeq 6000 sequencing	Exp2_ore1_dayssubm-4_hoursrecov-0	818829a48ddba87f9f9122a460cbb127;30528676c66228e69a40a93d406249bf	2696256674;2812869385	ftp.sra.ebi.ac.uk/vol1/fastq/ERR104/085/ERR10474585/ERR10474585_1.fastq.gz;ftp.sra.ebi.ac.uk/vol1/fastq/ERR104/085/ERR10474585/ERR10474585_2.fastq.gz	ftp.sra.ebi.ac.uk/vol1/fastq/ERR104/085/ERR10474585/ERR10474585_1.fastq.gz;ftp.sra.ebi.ac.uk/vol1/fastq/ERR104/085/ERR10474585/ERR10474585_2.fastq.gz	fasp.sra.ebi.ac.uk:/vol1/fastq/ERR104/085/ERR10474585/ERR10474585_1.fastq.gz;fasp.sra.ebi.ac.uk:/vol1/fastq/ERR104/085/ERR10474585/ERR10474585_2.fastq.gz
SAMEA111551986	ERR10474586	ERX9994929	SAMEA111551986	ERS13662044	PRJEB57289	ERP142257		ERA18581234	ena-RUN-TAB-09-11-2022-08:18:03:797-282399	ena-EXPERIMENT-TAB-09-11-2022-08:18:03:797-282398	E2_O_Y_t4_06	609e47e6-99fd-4631-b6f2-c26c34546ca2	PAIRED	cDNA	TRANSCRIPTOMIC	RNA-Seq	E2_O_Y_t4_06	Illumina NovaSeq 6000	ILLUMINA	9293224634.0	61544534.0	3702	Arabidopsis thaliana	E2_O_Y_t4_06	Illumina NovaSeq 6000 sequencing	Flooding and recovery RNAseq of young and old leaves	Illumina NovaSeq 6000 sequencing	Exp2_ore1_dayssubm-4_hoursrecov-6	e8e73317e7fe2c83f0c32bc8f5f34ea0;7ff932b892b8717fbef00ddca3243d32	2243848757;2311237384	ftp.sra.ebi.ac.uk/vol1/fastq/ERR104/086/ERR10474586/ERR10474586_1.fastq.gz;ftp.sra.ebi.ac.uk/vol1/fastq/ERR104/086/ERR10474586/ERR10474586_2.fastq.gz	ftp.sra.ebi.ac.uk/vol1/fastq/ERR104/086/ERR10474586/ERR10474586_1.fastq.gz;ftp.sra.ebi.ac.uk/vol1/fastq/ERR104/086/ERR10474586/ERR10474586_2.fastq.gz	fasp.sra.ebi.ac.uk:/vol1/fastq/ERR104/086/ERR10474586/ERR10474586_1.fastq.gz;fasp.sra.ebi.ac.uk:/vol1/fastq/ERR104/086/ERR10474586/ERR10474586_2.fastq.gz
SAMEA111551987	ERR10474587	ERX9994930	SAMEA111551987	ERS13662045	PRJEB57289	ERP142257		ERA18581234	ena-RUN-TAB-09-11-2022-08:18:03:798-282401	ena-EXPERIMENT-TAB-09-11-2022-08:18:03:797-282400	E2_O_O_t0_00	609e47e6-99fd-4631-b6f2-c26c34546ca2	PAIRED	cDNA	TRANSCRIPTOMIC	RNA-Seq	E2_O_O_t0_00	Illumina NovaSeq 6000	ILLUMINA	9105559418.0	60301718.0	3702	Arabidopsis thaliana	E2_O_O_t0_00	Illumina NovaSeq 6000 sequencing	Flooding and recovery RNAseq of young and old leaves	Illumina NovaSeq 6000 sequencing	Exp2_ore1_dayssubm-0_hoursrecov-0	60a2e1adab6c814757838c25a5f9bb0c;2a8627e4223f4d069a7338d36c93633a	2154153101;2239869224	ftp.sra.ebi.ac.uk/vol1/fastq/ERR104/087/ERR10474587/ERR10474587_1.fastq.gz;ftp.sra.ebi.ac.uk/vol1/fastq/ERR104/087/ERR10474587/ERR10474587_2.fastq.gz	ftp.sra.ebi.ac.uk/vol1/fastq/ERR104/087/ERR10474587/ERR10474587_1.fastq.gz;ftp.sra.ebi.ac.uk/vol1/fastq/ERR104/087/ERR10474587/ERR10474587_2.fastq.gz	fasp.sra.ebi.ac.uk:/vol1/fastq/ERR104/087/ERR10474587/ERR10474587_1.fastq.gz;fasp.sra.ebi.ac.uk:/vol1/fastq/ERR104/087/ERR10474587/ERR10474587_2.fastq.gz
SAMEA111551988	ERR10474588	ERX9994931	SAMEA111551988	ERS13662046	PRJEB57289	ERP142257		ERA18581234	ena-RUN-TAB-09-11-2022-08:18:03:798-282403	ena-EXPERIMENT-TAB-09-11-2022-08:18:03:798-282402	E2_O_O_t4_00	609e47e6-99fd-4631-b6f2-c26c34546ca2	PAIRED	cDNA	TRANSCRIPTOMIC	RNA-Seq	E2_O_O_t4_00	Illumina NovaSeq 6000	ILLUMINA	11376414292.0	75340492.0	3702	Arabidopsis thaliana	E2_O_O_t4_00	Illumina NovaSeq 6000 sequencing	Flooding and recovery RNAseq of young and old leaves	Illumina NovaSeq 6000 sequencing	Exp2_ore1_dayssubm-4_hoursrecov-0	ecf99edf923643fe410aa6ca8d86a7f1;22ff78fe06033dd1a954cd395c75b4af	2752101415;2861439930	ftp.sra.ebi.ac.uk/vol1/fastq/ERR104/088/ERR10474588/ERR10474588_1.fastq.gz;ftp.sra.ebi.ac.uk/vol1/fastq/ERR104/088/ERR10474588/ERR10474588_2.fastq.gz	ftp.sra.ebi.ac.uk/vol1/fastq/ERR104/088/ERR10474588/ERR10474588_1.fastq.gz;ftp.sra.ebi.ac.uk/vol1/fastq/ERR104/088/ERR10474588/ERR10474588_2.fastq.gz	fasp.sra.ebi.ac.uk:/vol1/fastq/ERR104/088/ERR10474588/ERR10474588_1.fastq.gz;fasp.sra.ebi.ac.uk:/vol1/fastq/ERR104/088/ERR10474588/ERR10474588_2.fastq.gz
SAMEA111551989	ERR10474589	ERX9994932	SAMEA111551989	ERS13662047	PRJEB57289	ERP142257		ERA18581234	ena-RUN-TAB-09-11-2022-08:18:03:798-282405	ena-EXPERIMENT-TAB-09-11-2022-08:18:03:798-282404	E2_O_O_t4_06	609e47e6-99fd-4631-b6f2-c26c34546ca2	PAIRED	cDNA	TRANSCRIPTOMIC	RNA-Seq	E2_O_O_t4_06	Illumina NovaSeq 6000	ILLUMINA	9043221484.0	59888884.0	3702	Arabidopsis thaliana	E2_O_O_t4_06	Illumina NovaSeq 6000 sequencing	Flooding and recovery RNAseq of young and old leaves	Illumina NovaSeq 6000 sequencing	Exp2_ore1_dayssubm-4_hoursrecov-6	8a1353838af3cb0e8d300c8a40b3bb29;78208df6aa752133ccfc99e9a90f351f	2193164545;2293103828	ftp.sra.ebi.ac.uk/vol1/fastq/ERR104/089/ERR10474589/ERR10474589_1.fastq.gz;ftp.sra.ebi.ac.uk/vol1/fastq/ERR104/089/ERR10474589/ERR10474589_2.fastq.gz	ftp.sra.ebi.ac.uk/vol1/fastq/ERR104/089/ERR10474589/ERR10474589_1.fastq.gz;ftp.sra.ebi.ac.uk/vol1/fastq/ERR104/089/ERR10474589/ERR10474589_2.fastq.gz	fasp.sra.ebi.ac.uk:/vol1/fastq/ERR104/089/ERR10474589/ERR10474589_1.fastq.gz;fasp.sra.ebi.ac.uk:/vol1/fastq/ERR104/089/ERR10474589/ERR10474589_2.fastq.gz
SAMEA111551990	ERR10474590	ERX9994933	SAMEA111551990	ERS13662048	PRJEB57289	ERP142257		ERA18581234	ena-RUN-TAB-09-11-2022-08:18:03:798-282407	ena-EXPERIMENT-TAB-09-11-2022-08:18:03:798-282406	E3_O_Y_t0_00	609e47e6-99fd-4631-b6f2-c26c34546ca2	PAIRED	cDNA	TRANSCRIPTOMIC	RNA-Seq	E3_O_Y_t0_00	Illumina NovaSeq 6000	ILLUMINA	11213237350.0	74259850.0	3702	Arabidopsis thaliana	E3_O_Y_t0_00	Illumina NovaSeq 6000 sequencing	Flooding and recovery RNAseq of young and old leaves	Illumina NovaSeq 6000 sequencing	Exp3_ore1_dayssubm-0_hoursrecov-0	e451c80d39f17ef2e4e788f018083b62;8401c8c3982ddf48b40f9f5d3e7d0b29	2644336607;2753164614	ftp.sra.ebi.ac.uk/vol1/fastq/ERR104/090/ERR10474590/ERR10474590_1.fastq.gz;ftp.sra.ebi.ac.uk/vol1/fastq/ERR104/090/ERR10474590/ERR10474590_2.fastq.gz	ftp.sra.ebi.ac.uk/vol1/fastq/ERR104/090/ERR10474590/ERR10474590_1.fastq.gz;ftp.sra.ebi.ac.uk/vol1/fastq/ERR104/090/ERR10474590/ERR10474590_2.fastq.gz	fasp.sra.ebi.ac.uk:/vol1/fastq/ERR104/090/ERR10474590/ERR10474590_1.fastq.gz;fasp.sra.ebi.ac.uk:/vol1/fastq/ERR104/090/ERR10474590/ERR10474590_2.fastq.gz
SAMEA111551991	ERR10474591	ERX9994934	SAMEA111551991	ERS13662049	PRJEB57289	ERP142257		ERA18581234	ena-RUN-TAB-09-11-2022-08:18:03:799-282409	ena-EXPERIMENT-TAB-09-11-2022-08:18:03:798-282408	E3_O_Y_t4_00	609e47e6-99fd-4631-b6f2-c26c34546ca2	PAIRED	cDNA	TRANSCRIPTOMIC	RNA-Seq	E3_O_Y_t4_00	Illumina NovaSeq 6000	ILLUMINA	9284838094.0	61488994.0	3702	Arabidopsis thaliana	E3_O_Y_t4_00	Illumina NovaSeq 6000 sequencing	Flooding and recovery RNAseq of young and old leaves	Illumina NovaSeq 6000 sequencing	Exp3_ore1_dayssubm-4_hoursrecov-0	5549c11c9eddd81c00156cbf5c40e612;946c37f75e6d3b14720f56ef1a903fed	2243573413;2327028547	ftp.sra.ebi.ac.uk/vol1/fastq/ERR104/091/ERR10474591/ERR10474591_1.fastq.gz;ftp.sra.ebi.ac.uk/vol1/fastq/ERR104/091/ERR10474591/ERR10474591_2.fastq.gz	ftp.sra.ebi.ac.uk/vol1/fastq/ERR104/091/ERR10474591/ERR10474591_1.fastq.gz;ftp.sra.ebi.ac.uk/vol1/fastq/ERR104/091/ERR10474591/ERR10474591_2.fastq.gz	fasp.sra.ebi.ac.uk:/vol1/fastq/ERR104/091/ERR10474591/ERR10474591_1.fastq.gz;fasp.sra.ebi.ac.uk:/vol1/fastq/ERR104/091/ERR10474591/ERR10474591_2.fastq.gz
SAMEA111551992	ERR10474592	ERX9994935	SAMEA111551992	ERS13662050	PRJEB57289	ERP142257		ERA18581234	ena-RUN-TAB-09-11-2022-08:18:03:799-282411	ena-EXPERIMENT-TAB-09-11-2022-08:18:03:799-282410	E3_O_Y_t4_06	609e47e6-99fd-4631-b6f2-c26c34546ca2	PAIRED	cDNA	TRANSCRIPTOMIC	RNA-Seq	E3_O_Y_t4_06	Illumina NovaSeq 6000	ILLUMINA	9265471740.0	61360740.0	3702	Arabidopsis thaliana	E3_O_Y_t4_06	Illumina NovaSeq 6000 sequencing	Flooding and recovery RNAseq of young and old leaves	Illumina NovaSeq 6000 sequencing	Exp3_ore1_dayssubm-4_hoursrecov-6	9d8841e30b47499d4efd11a242c0bc33;3441aefef3e9f59b2bb9867a8f3f0ef7	2237225375;2335660838	ftp.sra.ebi.ac.uk/vol1/fastq/ERR104/092/ERR10474592/ERR10474592_1.fastq.gz;ftp.sra.ebi.ac.uk/vol1/fastq/ERR104/092/ERR10474592/ERR10474592_2.fastq.gz	ftp.sra.ebi.ac.uk/vol1/fastq/ERR104/092/ERR10474592/ERR10474592_1.fastq.gz;ftp.sra.ebi.ac.uk/vol1/fastq/ERR104/092/ERR10474592/ERR10474592_2.fastq.gz	fasp.sra.ebi.ac.uk:/vol1/fastq/ERR104/092/ERR10474592/ERR10474592_1.fastq.gz;fasp.sra.ebi.ac.uk:/vol1/fastq/ERR104/092/ERR10474592/ERR10474592_2.fastq.gz
SAMEA111551993	ERR10474593	ERX9994936	SAMEA111551993	ERS13662051	PRJEB57289	ERP142257		ERA18581234	ena-RUN-TAB-09-11-2022-08:18:03:799-282413	ena-EXPERIMENT-TAB-09-11-2022-08:18:03:799-282412	E3_O_O_t0_00	609e47e6-99fd-4631-b6f2-c26c34546ca2	PAIRED	cDNA	TRANSCRIPTOMIC	RNA-Seq	E3_O_O_t0_00	Illumina NovaSeq 6000	ILLUMINA	11418442424.0	75618824.0	3702	Arabidopsis thaliana	E3_O_O_t0_00	Illumina NovaSeq 6000 sequencing	Flooding and recovery RNAseq of young and old leaves	Illumina NovaSeq 6000 sequencing	Exp3_ore1_dayssubm-0_hoursrecov-0	f45249dd547fa26b4e2c94311c4dc978;0d5d8e4695cb3f82deff0589762945f3	2705020903;2799144342	ftp.sra.ebi.ac.uk/vol1/fastq/ERR104/093/ERR10474593/ERR10474593_1.fastq.gz;ftp.sra.ebi.ac.uk/vol1/fastq/ERR104/093/ERR10474593/ERR10474593_2.fastq.gz	ftp.sra.ebi.ac.uk/vol1/fastq/ERR104/093/ERR10474593/ERR10474593_1.fastq.gz;ftp.sra.ebi.ac.uk/vol1/fastq/ERR104/093/ERR10474593/ERR10474593_2.fastq.gz	fasp.sra.ebi.ac.uk:/vol1/fastq/ERR104/093/ERR10474593/ERR10474593_1.fastq.gz;fasp.sra.ebi.ac.uk:/vol1/fastq/ERR104/093/ERR10474593/ERR10474593_2.fastq.gz
SAMEA111551994	ERR10474594	ERX9994937	SAMEA111551994	ERS13662052	PRJEB57289	ERP142257		ERA18581234	ena-RUN-TAB-09-11-2022-08:18:03:799-282415	ena-EXPERIMENT-TAB-09-11-2022-08:18:03:799-282414	E3_O_O_t4_00	609e47e6-99fd-4631-b6f2-c26c34546ca2	PAIRED	cDNA	TRANSCRIPTOMIC	RNA-Seq	E3_O_O_t4_00	Illumina NovaSeq 6000	ILLUMINA	10953974276.0	72542876.0	3702	Arabidopsis thaliana	E3_O_O_t4_00	Illumina NovaSeq 6000 sequencing	Flooding and recovery RNAseq of young and old leaves	Illumina NovaSeq 6000 sequencing	Exp3_ore1_dayssubm-4_hoursrecov-0	f7a14a7b7b99d34d1bbc67fbb4bd8818;3f61fef64dbd75a279d4c000cadaea14	2651544844;2784642140	ftp.sra.ebi.ac.uk/vol1/fastq/ERR104/094/ERR10474594/ERR10474594_1.fastq.gz;ftp.sra.ebi.ac.uk/vol1/fastq/ERR104/094/ERR10474594/ERR10474594_2.fastq.gz	ftp.sra.ebi.ac.uk/vol1/fastq/ERR104/094/ERR10474594/ERR10474594_1.fastq.gz;ftp.sra.ebi.ac.uk/vol1/fastq/ERR104/094/ERR10474594/ERR10474594_2.fastq.gz	fasp.sra.ebi.ac.uk:/vol1/fastq/ERR104/094/ERR10474594/ERR10474594_1.fastq.gz;fasp.sra.ebi.ac.uk:/vol1/fastq/ERR104/094/ERR10474594/ERR10474594_2.fastq.gz
SAMEA111551995	ERR10474595	ERX9994938	SAMEA111551995	ERS13662053	PRJEB57289	ERP142257		ERA18581234	ena-RUN-TAB-09-11-2022-08:18:03:800-282417	ena-EXPERIMENT-TAB-09-11-2022-08:18:03:799-282416	E3_O_O_t4_06	609e47e6-99fd-4631-b6f2-c26c34546ca2	PAIRED	cDNA	TRANSCRIPTOMIC	RNA-Seq	E3_O_O_t4_06	Illumina NovaSeq 6000	ILLUMINA	10850349016.0	71856616.0	3702	Arabidopsis thaliana	E3_O_O_t4_06	Illumina NovaSeq 6000 sequencing	Flooding and recovery RNAseq of young and old leaves	Illumina NovaSeq 6000 sequencing	Exp3_ore1_dayssubm-4_hoursrecov-6	71504279f90d694f85651b80f22ff0c6;c623b55f80d08d002d855ab92a879730	2627580682;2713197600	ftp.sra.ebi.ac.uk/vol1/fastq/ERR104/095/ERR10474595/ERR10474595_1.fastq.gz;ftp.sra.ebi.ac.uk/vol1/fastq/ERR104/095/ERR10474595/ERR10474595_2.fastq.gz	ftp.sra.ebi.ac.uk/vol1/fastq/ERR104/095/ERR10474595/ERR10474595_1.fastq.gz;ftp.sra.ebi.ac.uk/vol1/fastq/ERR104/095/ERR10474595/ERR10474595_2.fastq.gz	fasp.sra.ebi.ac.uk:/vol1/fastq/ERR104/095/ERR10474595/ERR10474595_1.fastq.gz;fasp.sra.ebi.ac.uk:/vol1/fastq/ERR104/095/ERR10474595/ERR10474595_2.fastq.gz
