SAMN04957321	SRR3478301	SRX1744443	SAMN04957321	SRS1423590	PRJNA320769	SRP074436	PRJNA9506	SRA423701	GSM2144051_r1	GSM2144051	GSM2144051	GSE81166	SINGLE	cDNA	TRANSCRIPTOMIC	RNA-Seq		Illumina HiSeq 2000	ILLUMINA	624702750	12494055	3702	Arabidopsis thaliana	Col-1	Illumina HiSeq 2000 sequencing; GSM2144051: Col-1; Arabidopsis thaliana; RNA-Seq	Arabidopsis thaliana treatments to trigger somatic embryo formation under RNAseq	Illumina HiSeq 2000 sequencing; GSM2144051: Col-1; Arabidopsis thaliana; RNA-Seq	Col-1	61df33461c10889e69c6b8dc8c1d4abf	559759722	ftp.sra.ebi.ac.uk/vol1/fastq/SRR347/001/SRR3478301/SRR3478301.fastq.gz	ftp.sra.ebi.ac.uk/vol1/fastq/SRR347/001/SRR3478301/SRR3478301.fastq.gz	fasp.sra.ebi.ac.uk:/vol1/fastq/SRR347/001/SRR3478301/SRR3478301.fastq.gz
SAMN04957322	SRR3478302	SRX1744444	SAMN04957322	SRS1423591	PRJNA320769	SRP074436	PRJNA9506	SRA423701	GSM2144052_r1	GSM2144052	GSM2144052	GSE81166	SINGLE	cDNA	TRANSCRIPTOMIC	RNA-Seq		Illumina HiSeq 2000	ILLUMINA	865670700	17313414	3702	Arabidopsis thaliana	Col-2	Illumina HiSeq 2000 sequencing; GSM2144052: Col-2; Arabidopsis thaliana; RNA-Seq	Arabidopsis thaliana treatments to trigger somatic embryo formation under RNAseq	Illumina HiSeq 2000 sequencing; GSM2144052: Col-2; Arabidopsis thaliana; RNA-Seq	Col-2	0e9ce01247574efa593fdd9b9ff39116	790802297	ftp.sra.ebi.ac.uk/vol1/fastq/SRR347/002/SRR3478302/SRR3478302.fastq.gz	ftp.sra.ebi.ac.uk/vol1/fastq/SRR347/002/SRR3478302/SRR3478302.fastq.gz	fasp.sra.ebi.ac.uk:/vol1/fastq/SRR347/002/SRR3478302/SRR3478302.fastq.gz
SAMN04957323	SRR3478303	SRX1744445	SAMN04957323	SRS1423593	PRJNA320769	SRP074436	PRJNA9506	SRA423701	GSM2144053_r1	GSM2144053	GSM2144053	GSE81166	SINGLE	cDNA	TRANSCRIPTOMIC	RNA-Seq		Illumina HiSeq 2000	ILLUMINA	765771900	15315438	3702	Arabidopsis thaliana	Col-3	Illumina HiSeq 2000 sequencing; GSM2144053: Col-3; Arabidopsis thaliana; RNA-Seq	Arabidopsis thaliana treatments to trigger somatic embryo formation under RNAseq	Illumina HiSeq 2000 sequencing; GSM2144053: Col-3; Arabidopsis thaliana; RNA-Seq	Col-3	e0cd02dd7688e1545137e04d9a813d18	684217201	ftp.sra.ebi.ac.uk/vol1/fastq/SRR347/003/SRR3478303/SRR3478303.fastq.gz	ftp.sra.ebi.ac.uk/vol1/fastq/SRR347/003/SRR3478303/SRR3478303.fastq.gz	fasp.sra.ebi.ac.uk:/vol1/fastq/SRR347/003/SRR3478303/SRR3478303.fastq.gz
SAMN04957324	SRR3478304	SRX1744446	SAMN04957324	SRS1423592	PRJNA320769	SRP074436	PRJNA9506	SRA423701	GSM2144054_r1	GSM2144054	GSM2144054	GSE81166	SINGLE	cDNA	TRANSCRIPTOMIC	RNA-Seq		Illumina HiSeq 2000	ILLUMINA	597138200	11942764	3702	Arabidopsis thaliana	Col-4	Illumina HiSeq 2000 sequencing; GSM2144054: Col-4; Arabidopsis thaliana; RNA-Seq	Arabidopsis thaliana treatments to trigger somatic embryo formation under RNAseq	Illumina HiSeq 2000 sequencing; GSM2144054: Col-4; Arabidopsis thaliana; RNA-Seq	Col-4	a0e5d8adc141bac86ea90528347528c4	536652701	ftp.sra.ebi.ac.uk/vol1/fastq/SRR347/004/SRR3478304/SRR3478304.fastq.gz	ftp.sra.ebi.ac.uk/vol1/fastq/SRR347/004/SRR3478304/SRR3478304.fastq.gz	fasp.sra.ebi.ac.uk:/vol1/fastq/SRR347/004/SRR3478304/SRR3478304.fastq.gz
SAMN04957325	SRR3478305	SRX1744447	SAMN04957325	SRS1423594	PRJNA320769	SRP074436	PRJNA9506	SRA423701	GSM2144055_r1	GSM2144055	GSM2144055	GSE81166	SINGLE	cDNA	TRANSCRIPTOMIC	RNA-Seq		Illumina HiSeq 2000	ILLUMINA	739043800	14780876	3702	Arabidopsis thaliana	Col-5	Illumina HiSeq 2000 sequencing; GSM2144055: Col-5; Arabidopsis thaliana; RNA-Seq	Arabidopsis thaliana treatments to trigger somatic embryo formation under RNAseq	Illumina HiSeq 2000 sequencing; GSM2144055: Col-5; Arabidopsis thaliana; RNA-Seq	Col-5	6f4b3d002d6e1b4aa0004835745f1cc4	662837721	ftp.sra.ebi.ac.uk/vol1/fastq/SRR347/005/SRR3478305/SRR3478305.fastq.gz	ftp.sra.ebi.ac.uk/vol1/fastq/SRR347/005/SRR3478305/SRR3478305.fastq.gz	fasp.sra.ebi.ac.uk:/vol1/fastq/SRR347/005/SRR3478305/SRR3478305.fastq.gz
SAMN04957326	SRR3478306	SRX1744448	SAMN04957326	SRS1423595	PRJNA320769	SRP074436	PRJNA9506	SRA423701	GSM2144056_r1	GSM2144056	GSM2144056	GSE81166	SINGLE	cDNA	TRANSCRIPTOMIC	RNA-Seq		Illumina HiSeq 2000	ILLUMINA	676924150	13538483	3702	Arabidopsis thaliana	Col-6	Illumina HiSeq 2000 sequencing; GSM2144056: Col-6; Arabidopsis thaliana; RNA-Seq	Arabidopsis thaliana treatments to trigger somatic embryo formation under RNAseq	Illumina HiSeq 2000 sequencing; GSM2144056: Col-6; Arabidopsis thaliana; RNA-Seq	Col-6	c3b7a6313fa1a091318eb53ec333c039	607628401	ftp.sra.ebi.ac.uk/vol1/fastq/SRR347/006/SRR3478306/SRR3478306.fastq.gz	ftp.sra.ebi.ac.uk/vol1/fastq/SRR347/006/SRR3478306/SRR3478306.fastq.gz	fasp.sra.ebi.ac.uk:/vol1/fastq/SRR347/006/SRR3478306/SRR3478306.fastq.gz
SAMN04957327	SRR3478307	SRX1744449	SAMN04957327	SRS1423596	PRJNA320769	SRP074436	PRJNA9506	SRA423701	GSM2144057_r1	GSM2144057	GSM2144057	GSE81166	SINGLE	cDNA	TRANSCRIPTOMIC	RNA-Seq		Illumina HiSeq 2000	ILLUMINA	946227900	18924558	3702	Arabidopsis thaliana	Col-7	Illumina HiSeq 2000 sequencing; GSM2144057: Col-7; Arabidopsis thaliana; RNA-Seq	Arabidopsis thaliana treatments to trigger somatic embryo formation under RNAseq	Illumina HiSeq 2000 sequencing; GSM2144057: Col-7; Arabidopsis thaliana; RNA-Seq	Col-7	ec46b56467ae74a4986415cfdde834b8	847022479	ftp.sra.ebi.ac.uk/vol1/fastq/SRR347/007/SRR3478307/SRR3478307.fastq.gz	ftp.sra.ebi.ac.uk/vol1/fastq/SRR347/007/SRR3478307/SRR3478307.fastq.gz	fasp.sra.ebi.ac.uk:/vol1/fastq/SRR347/007/SRR3478307/SRR3478307.fastq.gz
SAMN04957328	SRR3478308	SRX1744450	SAMN04957328	SRS1423597	PRJNA320769	SRP074436	PRJNA9506	SRA423701	GSM2144058_r1	GSM2144058	GSM2144058	GSE81166	SINGLE	cDNA	TRANSCRIPTOMIC	RNA-Seq		Illumina HiSeq 2000	ILLUMINA	761867300	15237346	3702	Arabidopsis thaliana	Col-8	Illumina HiSeq 2000 sequencing; GSM2144058: Col-8; Arabidopsis thaliana; RNA-Seq	Arabidopsis thaliana treatments to trigger somatic embryo formation under RNAseq	Illumina HiSeq 2000 sequencing; GSM2144058: Col-8; Arabidopsis thaliana; RNA-Seq	Col-8	2b5045f6cdb974414493db211d4d2d3b	684625216	ftp.sra.ebi.ac.uk/vol1/fastq/SRR347/008/SRR3478308/SRR3478308.fastq.gz	ftp.sra.ebi.ac.uk/vol1/fastq/SRR347/008/SRR3478308/SRR3478308.fastq.gz	fasp.sra.ebi.ac.uk:/vol1/fastq/SRR347/008/SRR3478308/SRR3478308.fastq.gz
SAMN04957329	SRR3478309	SRX1744451	SAMN04957329	SRS1423599	PRJNA320769	SRP074436	PRJNA9506	SRA423701	GSM2144059_r1	GSM2144059	GSM2144059	GSE81166	SINGLE	cDNA	TRANSCRIPTOMIC	RNA-Seq		Illumina HiSeq 2000	ILLUMINA	739609200	14792184	3702	Arabidopsis thaliana	Col-9	Illumina HiSeq 2000 sequencing; GSM2144059: Col-9; Arabidopsis thaliana; RNA-Seq	Arabidopsis thaliana treatments to trigger somatic embryo formation under RNAseq	Illumina HiSeq 2000 sequencing; GSM2144059: Col-9; Arabidopsis thaliana; RNA-Seq	Col-9	ae4dbc419faacf7d2ba28f9bb1e14619	660339744	ftp.sra.ebi.ac.uk/vol1/fastq/SRR347/009/SRR3478309/SRR3478309.fastq.gz	ftp.sra.ebi.ac.uk/vol1/fastq/SRR347/009/SRR3478309/SRR3478309.fastq.gz	fasp.sra.ebi.ac.uk:/vol1/fastq/SRR347/009/SRR3478309/SRR3478309.fastq.gz
SAMN04957330	SRR3478310	SRX1744452	SAMN04957330	SRS1423598	PRJNA320769	SRP074436	PRJNA9506	SRA423701	GSM2144060_r1	GSM2144060	GSM2144060	GSE81166	SINGLE	cDNA	TRANSCRIPTOMIC	RNA-Seq		Illumina HiSeq 2000	ILLUMINA	882795450	17655909	3702	Arabidopsis thaliana	Col-10	Illumina HiSeq 2000 sequencing; GSM2144060: Col-10; Arabidopsis thaliana; RNA-Seq	Arabidopsis thaliana treatments to trigger somatic embryo formation under RNAseq	Illumina HiSeq 2000 sequencing; GSM2144060: Col-10; Arabidopsis thaliana; RNA-Seq	Col-10	c8fe9250fc1d72260c450322e6e83d7c	806968373	ftp.sra.ebi.ac.uk/vol1/fastq/SRR347/000/SRR3478310/SRR3478310.fastq.gz	ftp.sra.ebi.ac.uk/vol1/fastq/SRR347/000/SRR3478310/SRR3478310.fastq.gz	fasp.sra.ebi.ac.uk:/vol1/fastq/SRR347/000/SRR3478310/SRR3478310.fastq.gz
SAMN04957331	SRR3478311	SRX1744453	SAMN04957331	SRS1423600	PRJNA320769	SRP074436	PRJNA9506	SRA423701	GSM2144061_r1	GSM2144061	GSM2144061	GSE81166	SINGLE	cDNA	TRANSCRIPTOMIC	RNA-Seq		Illumina HiSeq 2000	ILLUMINA	807625350	16152507	3702	Arabidopsis thaliana	Col-11	Illumina HiSeq 2000 sequencing; GSM2144061: Col-11; Arabidopsis thaliana; RNA-Seq	Arabidopsis thaliana treatments to trigger somatic embryo formation under RNAseq	Illumina HiSeq 2000 sequencing; GSM2144061: Col-11; Arabidopsis thaliana; RNA-Seq	Col-11	9b7bcc1007e4525f4f6d5c02b018de9b	720920153	ftp.sra.ebi.ac.uk/vol1/fastq/SRR347/001/SRR3478311/SRR3478311.fastq.gz	ftp.sra.ebi.ac.uk/vol1/fastq/SRR347/001/SRR3478311/SRR3478311.fastq.gz	fasp.sra.ebi.ac.uk:/vol1/fastq/SRR347/001/SRR3478311/SRR3478311.fastq.gz
SAMN04957332	SRR3478312	SRX1744454	SAMN04957332	SRS1423601	PRJNA320769	SRP074436	PRJNA9506	SRA423701	GSM2144062_r1	GSM2144062	GSM2144062	GSE81166	SINGLE	cDNA	TRANSCRIPTOMIC	RNA-Seq		Illumina HiSeq 2000	ILLUMINA	766541750	15330835	3702	Arabidopsis thaliana	Col-12	Illumina HiSeq 2000 sequencing; GSM2144062: Col-12; Arabidopsis thaliana; RNA-Seq	Arabidopsis thaliana treatments to trigger somatic embryo formation under RNAseq	Illumina HiSeq 2000 sequencing; GSM2144062: Col-12; Arabidopsis thaliana; RNA-Seq	Col-12	50f56f394a53fcd5c8ffcf2852ced9d3	686940556	ftp.sra.ebi.ac.uk/vol1/fastq/SRR347/002/SRR3478312/SRR3478312.fastq.gz	ftp.sra.ebi.ac.uk/vol1/fastq/SRR347/002/SRR3478312/SRR3478312.fastq.gz	fasp.sra.ebi.ac.uk:/vol1/fastq/SRR347/002/SRR3478312/SRR3478312.fastq.gz
SAMN04957333	SRR3478313	SRX1744455	SAMN04957333	SRS1423602	PRJNA320769	SRP074436	PRJNA9506	SRA423701	GSM2144063_r1	GSM2144063	GSM2144063	GSE81166	SINGLE	cDNA	TRANSCRIPTOMIC	RNA-Seq		Illumina HiSeq 2000	ILLUMINA	890071550	17801431	3702	Arabidopsis thaliana	Col-13	Illumina HiSeq 2000 sequencing; GSM2144063: Col-13; Arabidopsis thaliana; RNA-Seq	Arabidopsis thaliana treatments to trigger somatic embryo formation under RNAseq	Illumina HiSeq 2000 sequencing; GSM2144063: Col-13; Arabidopsis thaliana; RNA-Seq	Col-13	a5f77c3f35b553e4ed1e9296f7c3a406	817262274	ftp.sra.ebi.ac.uk/vol1/fastq/SRR347/003/SRR3478313/SRR3478313.fastq.gz	ftp.sra.ebi.ac.uk/vol1/fastq/SRR347/003/SRR3478313/SRR3478313.fastq.gz	fasp.sra.ebi.ac.uk:/vol1/fastq/SRR347/003/SRR3478313/SRR3478313.fastq.gz
SAMN04957334	SRR3478314	SRX1744456	SAMN04957334	SRS1423603	PRJNA320769	SRP074436	PRJNA9506	SRA423701	GSM2144064_r1	GSM2144064	GSM2144064	GSE81166	SINGLE	cDNA	TRANSCRIPTOMIC	RNA-Seq		Illumina HiSeq 2000	ILLUMINA	768471250	15369425	3702	Arabidopsis thaliana	Col-14	Illumina HiSeq 2000 sequencing; GSM2144064: Col-14; Arabidopsis thaliana; RNA-Seq	Arabidopsis thaliana treatments to trigger somatic embryo formation under RNAseq	Illumina HiSeq 2000 sequencing; GSM2144064: Col-14; Arabidopsis thaliana; RNA-Seq	Col-14	9bf54ff235c2342156c4e27046abcea8	688818954	ftp.sra.ebi.ac.uk/vol1/fastq/SRR347/004/SRR3478314/SRR3478314.fastq.gz	ftp.sra.ebi.ac.uk/vol1/fastq/SRR347/004/SRR3478314/SRR3478314.fastq.gz	fasp.sra.ebi.ac.uk:/vol1/fastq/SRR347/004/SRR3478314/SRR3478314.fastq.gz
SAMN04957335	SRR3478315	SRX1744457	SAMN04957335	SRS1423604	PRJNA320769	SRP074436	PRJNA9506	SRA423701	GSM2144065_r1	GSM2144065	GSM2144065	GSE81166	SINGLE	cDNA	TRANSCRIPTOMIC	RNA-Seq		Illumina HiSeq 2000	ILLUMINA	799813850	15996277	3702	Arabidopsis thaliana	Col-15	Illumina HiSeq 2000 sequencing; GSM2144065: Col-15; Arabidopsis thaliana; RNA-Seq	Arabidopsis thaliana treatments to trigger somatic embryo formation under RNAseq	Illumina HiSeq 2000 sequencing; GSM2144065: Col-15; Arabidopsis thaliana; RNA-Seq	Col-15	c4c340caf90695484ab43b2f6d21fae1	713237663	ftp.sra.ebi.ac.uk/vol1/fastq/SRR347/005/SRR3478315/SRR3478315.fastq.gz	ftp.sra.ebi.ac.uk/vol1/fastq/SRR347/005/SRR3478315/SRR3478315.fastq.gz	fasp.sra.ebi.ac.uk:/vol1/fastq/SRR347/005/SRR3478315/SRR3478315.fastq.gz
SAMN04957336	SRR3478316	SRX1744458	SAMN04957336	SRS1423605	PRJNA320769	SRP074436	PRJNA9506	SRA423701	GSM2144066_r1	GSM2144066	GSM2144066	GSE81166	SINGLE	cDNA	TRANSCRIPTOMIC	RNA-Seq		Illumina HiSeq 2000	ILLUMINA	841618150	16832363	3702	Arabidopsis thaliana	Col-16	Illumina HiSeq 2000 sequencing; GSM2144066: Col-16; Arabidopsis thaliana; RNA-Seq	Arabidopsis thaliana treatments to trigger somatic embryo formation under RNAseq	Illumina HiSeq 2000 sequencing; GSM2144066: Col-16; Arabidopsis thaliana; RNA-Seq	Col-16	0632505f3b5c20d965688f5dbaef0147	769904830	ftp.sra.ebi.ac.uk/vol1/fastq/SRR347/006/SRR3478316/SRR3478316.fastq.gz	ftp.sra.ebi.ac.uk/vol1/fastq/SRR347/006/SRR3478316/SRR3478316.fastq.gz	fasp.sra.ebi.ac.uk:/vol1/fastq/SRR347/006/SRR3478316/SRR3478316.fastq.gz
SAMN04957337	SRR3478317	SRX1744459	SAMN04957337	SRS1423606	PRJNA320769	SRP074436	PRJNA9506	SRA423701	GSM2144067_r1	GSM2144067	GSM2144067	GSE81166	SINGLE	cDNA	TRANSCRIPTOMIC	RNA-Seq		Illumina HiSeq 2000	ILLUMINA	853088250	17061765	3702	Arabidopsis thaliana	Col-17	Illumina HiSeq 2000 sequencing; GSM2144067: Col-17; Arabidopsis thaliana; RNA-Seq	Arabidopsis thaliana treatments to trigger somatic embryo formation under RNAseq	Illumina HiSeq 2000 sequencing; GSM2144067: Col-17; Arabidopsis thaliana; RNA-Seq	Col-17	2b89f84ce131b1290b4974293aa25b23	761173313	ftp.sra.ebi.ac.uk/vol1/fastq/SRR347/007/SRR3478317/SRR3478317.fastq.gz	ftp.sra.ebi.ac.uk/vol1/fastq/SRR347/007/SRR3478317/SRR3478317.fastq.gz	fasp.sra.ebi.ac.uk:/vol1/fastq/SRR347/007/SRR3478317/SRR3478317.fastq.gz
SAMN04957338	SRR3478318	SRX1744460	SAMN04957338	SRS1423607	PRJNA320769	SRP074436	PRJNA9506	SRA423701	GSM2144068_r1	GSM2144068	GSM2144068	GSE81166	SINGLE	cDNA	TRANSCRIPTOMIC	RNA-Seq		Illumina HiSeq 2000	ILLUMINA	822618750	16452375	3702	Arabidopsis thaliana	clf/swn-1	Illumina HiSeq 2000 sequencing; GSM2144068: clf/swn-1; Arabidopsis thaliana; RNA-Seq	Arabidopsis thaliana treatments to trigger somatic embryo formation under RNAseq	Illumina HiSeq 2000 sequencing; GSM2144068: clf/swn-1; Arabidopsis thaliana; RNA-Seq	clf/swn-1	4ec7b35ad1a5b8cdb208a096673297b0	734911159	ftp.sra.ebi.ac.uk/vol1/fastq/SRR347/008/SRR3478318/SRR3478318.fastq.gz	ftp.sra.ebi.ac.uk/vol1/fastq/SRR347/008/SRR3478318/SRR3478318.fastq.gz	fasp.sra.ebi.ac.uk:/vol1/fastq/SRR347/008/SRR3478318/SRR3478318.fastq.gz
SAMN04957339	SRR3478319	SRX1744461	SAMN04957339	SRS1423608	PRJNA320769	SRP074436	PRJNA9506	SRA423701	GSM2144069_r1	GSM2144069	GSM2144069	GSE81166	SINGLE	cDNA	TRANSCRIPTOMIC	RNA-Seq		Illumina HiSeq 2000	ILLUMINA	887549300	17750986	3702	Arabidopsis thaliana	clf/swn-2	Illumina HiSeq 2000 sequencing; GSM2144069: clf/swn-2; Arabidopsis thaliana; RNA-Seq	Arabidopsis thaliana treatments to trigger somatic embryo formation under RNAseq	Illumina HiSeq 2000 sequencing; GSM2144069: clf/swn-2; Arabidopsis thaliana; RNA-Seq	clf/swn-2	e7266c3ae95ef6a36cd12782a9f1e707	812962975	ftp.sra.ebi.ac.uk/vol1/fastq/SRR347/009/SRR3478319/SRR3478319.fastq.gz	ftp.sra.ebi.ac.uk/vol1/fastq/SRR347/009/SRR3478319/SRR3478319.fastq.gz	fasp.sra.ebi.ac.uk:/vol1/fastq/SRR347/009/SRR3478319/SRR3478319.fastq.gz
SAMN04957340	SRR3478320	SRX1744462	SAMN04957340	SRS1423609	PRJNA320769	SRP074436	PRJNA9506	SRA423701	GSM2144070_r1	GSM2144070	GSM2144070	GSE81166	SINGLE	cDNA	TRANSCRIPTOMIC	RNA-Seq		Illumina HiSeq 2000	ILLUMINA	804272150	16085443	3702	Arabidopsis thaliana	clf/swn-3	Illumina HiSeq 2000 sequencing; GSM2144070: clf/swn-3; Arabidopsis thaliana; RNA-Seq	Arabidopsis thaliana treatments to trigger somatic embryo formation under RNAseq	Illumina HiSeq 2000 sequencing; GSM2144070: clf/swn-3; Arabidopsis thaliana; RNA-Seq	clf/swn-3	db21b83a3702bec85d392b38ebf14ef4	718905534	ftp.sra.ebi.ac.uk/vol1/fastq/SRR347/000/SRR3478320/SRR3478320.fastq.gz	ftp.sra.ebi.ac.uk/vol1/fastq/SRR347/000/SRR3478320/SRR3478320.fastq.gz	fasp.sra.ebi.ac.uk:/vol1/fastq/SRR347/000/SRR3478320/SRR3478320.fastq.gz
SAMN04957341	SRR3478321	SRX1744463	SAMN04957341	SRS1423610	PRJNA320769	SRP074436	PRJNA9506	SRA423701	GSM2144071_r1	GSM2144071	GSM2144071	GSE81166	SINGLE	cDNA	TRANSCRIPTOMIC	RNA-Seq		Illumina HiSeq 2000	ILLUMINA	806569200	16131384	3702	Arabidopsis thaliana	clf/swn-4	Illumina HiSeq 2000 sequencing; GSM2144071: clf/swn-4; Arabidopsis thaliana; RNA-Seq	Arabidopsis thaliana treatments to trigger somatic embryo formation under RNAseq	Illumina HiSeq 2000 sequencing; GSM2144071: clf/swn-4; Arabidopsis thaliana; RNA-Seq	clf/swn-4	76fcd5b67eea3443d6873b4f46bf2ce8	721446339	ftp.sra.ebi.ac.uk/vol1/fastq/SRR347/001/SRR3478321/SRR3478321.fastq.gz	ftp.sra.ebi.ac.uk/vol1/fastq/SRR347/001/SRR3478321/SRR3478321.fastq.gz	fasp.sra.ebi.ac.uk:/vol1/fastq/SRR347/001/SRR3478321/SRR3478321.fastq.gz
SAMN04957342	SRR3478322	SRX1744464	SAMN04957342	SRS1423611	PRJNA320769	SRP074436	PRJNA9506	SRA423701	GSM2144072_r1	GSM2144072	GSM2144072	GSE81166	SINGLE	cDNA	TRANSCRIPTOMIC	RNA-Seq		Illumina HiSeq 2000	ILLUMINA	620618850	12412377	3702	Arabidopsis thaliana	clf/swn-5	Illumina HiSeq 2000 sequencing; GSM2144072: clf/swn-5; Arabidopsis thaliana; RNA-Seq	Arabidopsis thaliana treatments to trigger somatic embryo formation under RNAseq	Illumina HiSeq 2000 sequencing; GSM2144072: clf/swn-5; Arabidopsis thaliana; RNA-Seq	clf/swn-5	20a6e7de76a30325a300646891b43796	558744808	ftp.sra.ebi.ac.uk/vol1/fastq/SRR347/002/SRR3478322/SRR3478322.fastq.gz	ftp.sra.ebi.ac.uk/vol1/fastq/SRR347/002/SRR3478322/SRR3478322.fastq.gz	fasp.sra.ebi.ac.uk:/vol1/fastq/SRR347/002/SRR3478322/SRR3478322.fastq.gz
SAMN04957343	SRR3478323	SRX1744465	SAMN04957343	SRS1423612	PRJNA320769	SRP074436	PRJNA9506	SRA423701	GSM2144073_r1	GSM2144073	GSM2144073	GSE81166	SINGLE	cDNA	TRANSCRIPTOMIC	RNA-Seq		Illumina HiSeq 2000	ILLUMINA	777204400	15544088	3702	Arabidopsis thaliana	clf/swn-6	Illumina HiSeq 2000 sequencing; GSM2144073: clf/swn-6; Arabidopsis thaliana; RNA-Seq	Arabidopsis thaliana treatments to trigger somatic embryo formation under RNAseq	Illumina HiSeq 2000 sequencing; GSM2144073: clf/swn-6; Arabidopsis thaliana; RNA-Seq	clf/swn-6	03839dad6f58fec17e6c92ebc32fc336	696935150	ftp.sra.ebi.ac.uk/vol1/fastq/SRR347/003/SRR3478323/SRR3478323.fastq.gz	ftp.sra.ebi.ac.uk/vol1/fastq/SRR347/003/SRR3478323/SRR3478323.fastq.gz	fasp.sra.ebi.ac.uk:/vol1/fastq/SRR347/003/SRR3478323/SRR3478323.fastq.gz
SAMN04957344	SRR3478324	SRX1744466	SAMN04957344	SRS1423613	PRJNA320769	SRP074436	PRJNA9506	SRA423701	GSM2144074_r1	GSM2144074	GSM2144074	GSE81166	SINGLE	cDNA	TRANSCRIPTOMIC	RNA-Seq		Illumina HiSeq 2000	ILLUMINA	738944400	14778888	3702	Arabidopsis thaliana	clf/swn-7	Illumina HiSeq 2000 sequencing; GSM2144074: clf/swn-7; Arabidopsis thaliana; RNA-Seq	Arabidopsis thaliana treatments to trigger somatic embryo formation under RNAseq	Illumina HiSeq 2000 sequencing; GSM2144074: clf/swn-7; Arabidopsis thaliana; RNA-Seq	clf/swn-7	49cdc8f1bd74dd7ea7c47416d6d713e9	662666783	ftp.sra.ebi.ac.uk/vol1/fastq/SRR347/004/SRR3478324/SRR3478324.fastq.gz	ftp.sra.ebi.ac.uk/vol1/fastq/SRR347/004/SRR3478324/SRR3478324.fastq.gz	fasp.sra.ebi.ac.uk:/vol1/fastq/SRR347/004/SRR3478324/SRR3478324.fastq.gz
SAMN04957345	SRR3478325	SRX1744467	SAMN04957345	SRS1423614	PRJNA320769	SRP074436	PRJNA9506	SRA423701	GSM2144075_r1	GSM2144075	GSM2144075	GSE81166	SINGLE	cDNA	TRANSCRIPTOMIC	RNA-Seq		Illumina HiSeq 2000	ILLUMINA	649285550	12985711	3702	Arabidopsis thaliana	clf/swn-8	Illumina HiSeq 2000 sequencing; GSM2144075: clf/swn-8; Arabidopsis thaliana; RNA-Seq	Arabidopsis thaliana treatments to trigger somatic embryo formation under RNAseq	Illumina HiSeq 2000 sequencing; GSM2144075: clf/swn-8; Arabidopsis thaliana; RNA-Seq	clf/swn-8	4a7a73078670e9025c3428e7dd1d7a76	588452660	ftp.sra.ebi.ac.uk/vol1/fastq/SRR347/005/SRR3478325/SRR3478325.fastq.gz	ftp.sra.ebi.ac.uk/vol1/fastq/SRR347/005/SRR3478325/SRR3478325.fastq.gz	fasp.sra.ebi.ac.uk:/vol1/fastq/SRR347/005/SRR3478325/SRR3478325.fastq.gz
SAMN04957346	SRR3478326	SRX1744468	SAMN04957346	SRS1423615	PRJNA320769	SRP074436	PRJNA9506	SRA423701	GSM2144076_r1	GSM2144076	GSM2144076	GSE81166	SINGLE	cDNA	TRANSCRIPTOMIC	RNA-Seq		Illumina HiSeq 2000	ILLUMINA	600968150	12019363	3702	Arabidopsis thaliana	clf/swn-9	Illumina HiSeq 2000 sequencing; GSM2144076: clf/swn-9; Arabidopsis thaliana; RNA-Seq	Arabidopsis thaliana treatments to trigger somatic embryo formation under RNAseq	Illumina HiSeq 2000 sequencing; GSM2144076: clf/swn-9; Arabidopsis thaliana; RNA-Seq	clf/swn-9	368e4fd3bd332fdc3a90a498231f35b0	542479544	ftp.sra.ebi.ac.uk/vol1/fastq/SRR347/006/SRR3478326/SRR3478326.fastq.gz	ftp.sra.ebi.ac.uk/vol1/fastq/SRR347/006/SRR3478326/SRR3478326.fastq.gz	fasp.sra.ebi.ac.uk:/vol1/fastq/SRR347/006/SRR3478326/SRR3478326.fastq.gz
SAMN04957347	SRR3478327	SRX1744469	SAMN04957347	SRS1423616	PRJNA320769	SRP074436	PRJNA9506	SRA423701	GSM2144077_r1	GSM2144077	GSM2144077	GSE81166	SINGLE	cDNA	TRANSCRIPTOMIC	RNA-Seq		Illumina HiSeq 2000	ILLUMINA	786040650	15720813	3702	Arabidopsis thaliana	clf/swn-10	Illumina HiSeq 2000 sequencing; GSM2144077: clf/swn-10; Arabidopsis thaliana; RNA-Seq	Arabidopsis thaliana treatments to trigger somatic embryo formation under RNAseq	Illumina HiSeq 2000 sequencing; GSM2144077: clf/swn-10; Arabidopsis thaliana; RNA-Seq	clf/swn-10	9977a18d4db94af5caae226a52cd4265	701782791	ftp.sra.ebi.ac.uk/vol1/fastq/SRR347/007/SRR3478327/SRR3478327.fastq.gz	ftp.sra.ebi.ac.uk/vol1/fastq/SRR347/007/SRR3478327/SRR3478327.fastq.gz	fasp.sra.ebi.ac.uk:/vol1/fastq/SRR347/007/SRR3478327/SRR3478327.fastq.gz
SAMN04957348	SRR3478328	SRX1744470	SAMN04957348	SRS1423617	PRJNA320769	SRP074436	PRJNA9506	SRA423701	GSM2144078_r1	GSM2144078	GSM2144078	GSE81166	SINGLE	cDNA	TRANSCRIPTOMIC	RNA-Seq		Illumina HiSeq 2000	ILLUMINA	909240250	18184805	3702	Arabidopsis thaliana	clf/swn-11	Illumina HiSeq 2000 sequencing; GSM2144078: clf/swn-11; Arabidopsis thaliana; RNA-Seq	Arabidopsis thaliana treatments to trigger somatic embryo formation under RNAseq	Illumina HiSeq 2000 sequencing; GSM2144078: clf/swn-11; Arabidopsis thaliana; RNA-Seq	clf/swn-11	84768c4eeec828aa0e720e296752ae63	830513884	ftp.sra.ebi.ac.uk/vol1/fastq/SRR347/008/SRR3478328/SRR3478328.fastq.gz	ftp.sra.ebi.ac.uk/vol1/fastq/SRR347/008/SRR3478328/SRR3478328.fastq.gz	fasp.sra.ebi.ac.uk:/vol1/fastq/SRR347/008/SRR3478328/SRR3478328.fastq.gz
SAMN04957349	SRR3478329	SRX1744471	SAMN04957349	SRS1423618	PRJNA320769	SRP074436	PRJNA9506	SRA423701	GSM2144079_r1	GSM2144079	GSM2144079	GSE81166	SINGLE	cDNA	TRANSCRIPTOMIC	RNA-Seq		Illumina HiSeq 2000	ILLUMINA	762744850	15254897	3702	Arabidopsis thaliana	clf/swn-12	Illumina HiSeq 2000 sequencing; GSM2144079: clf/swn-12; Arabidopsis thaliana; RNA-Seq	Arabidopsis thaliana treatments to trigger somatic embryo formation under RNAseq	Illumina HiSeq 2000 sequencing; GSM2144079: clf/swn-12; Arabidopsis thaliana; RNA-Seq	clf/swn-12	8ade6ba6b15c639da8d6974d31628371	683168756	ftp.sra.ebi.ac.uk/vol1/fastq/SRR347/009/SRR3478329/SRR3478329.fastq.gz	ftp.sra.ebi.ac.uk/vol1/fastq/SRR347/009/SRR3478329/SRR3478329.fastq.gz	fasp.sra.ebi.ac.uk:/vol1/fastq/SRR347/009/SRR3478329/SRR3478329.fastq.gz
SAMN04957315	SRR3478330	SRX1744472	SAMN04957315	SRS1423619	PRJNA320769	SRP074436	PRJNA9506	SRA423701	GSM2144080_r1	GSM2144080	GSM2144080	GSE81166	SINGLE	cDNA	TRANSCRIPTOMIC	RNA-Seq		Illumina HiSeq 2000	ILLUMINA	747914200	14958284	3702	Arabidopsis thaliana	clf/swn-13	Illumina HiSeq 2000 sequencing; GSM2144080: clf/swn-13; Arabidopsis thaliana; RNA-Seq	Arabidopsis thaliana treatments to trigger somatic embryo formation under RNAseq	Illumina HiSeq 2000 sequencing; GSM2144080: clf/swn-13; Arabidopsis thaliana; RNA-Seq	clf/swn-13	c4f4c494ad678d81af3c408312f0602f	669256364	ftp.sra.ebi.ac.uk/vol1/fastq/SRR347/000/SRR3478330/SRR3478330.fastq.gz	ftp.sra.ebi.ac.uk/vol1/fastq/SRR347/000/SRR3478330/SRR3478330.fastq.gz	fasp.sra.ebi.ac.uk:/vol1/fastq/SRR347/000/SRR3478330/SRR3478330.fastq.gz
SAMN04957316	SRR3478331	SRX1744473	SAMN04957316	SRS1423620	PRJNA320769	SRP074436	PRJNA9506	SRA423701	GSM2144081_r1	GSM2144081	GSM2144081	GSE81166	SINGLE	cDNA	TRANSCRIPTOMIC	RNA-Seq		Illumina HiSeq 2000	ILLUMINA	869053450	17381069	3702	Arabidopsis thaliana	clf/swn-14	Illumina HiSeq 2000 sequencing; GSM2144081: clf/swn-14; Arabidopsis thaliana; RNA-Seq	Arabidopsis thaliana treatments to trigger somatic embryo formation under RNAseq	Illumina HiSeq 2000 sequencing; GSM2144081: clf/swn-14; Arabidopsis thaliana; RNA-Seq	clf/swn-14	d115c449403320864cdb4c51eb03cff0	795284096	ftp.sra.ebi.ac.uk/vol1/fastq/SRR347/001/SRR3478331/SRR3478331.fastq.gz	ftp.sra.ebi.ac.uk/vol1/fastq/SRR347/001/SRR3478331/SRR3478331.fastq.gz	fasp.sra.ebi.ac.uk:/vol1/fastq/SRR347/001/SRR3478331/SRR3478331.fastq.gz
SAMN04957317	SRR3478332	SRX1744474	SAMN04957317	SRS1423621	PRJNA320769	SRP074436	PRJNA9506	SRA423701	GSM2144082_r1	GSM2144082	GSM2144082	GSE81166	SINGLE	cDNA	TRANSCRIPTOMIC	RNA-Seq		Illumina HiSeq 2000	ILLUMINA	749964350	14999287	3702	Arabidopsis thaliana	clf/swn-15	Illumina HiSeq 2000 sequencing; GSM2144082: clf/swn-15; Arabidopsis thaliana; RNA-Seq	Arabidopsis thaliana treatments to trigger somatic embryo formation under RNAseq	Illumina HiSeq 2000 sequencing; GSM2144082: clf/swn-15; Arabidopsis thaliana; RNA-Seq	clf/swn-15	b34a327cedda31a6635c8a5b40a07e81	673262255	ftp.sra.ebi.ac.uk/vol1/fastq/SRR347/002/SRR3478332/SRR3478332.fastq.gz	ftp.sra.ebi.ac.uk/vol1/fastq/SRR347/002/SRR3478332/SRR3478332.fastq.gz	fasp.sra.ebi.ac.uk:/vol1/fastq/SRR347/002/SRR3478332/SRR3478332.fastq.gz
SAMN04957318	SRR3478333	SRX1744475	SAMN04957318	SRS1423622	PRJNA320769	SRP074436	PRJNA9506	SRA423701	GSM2144083_r1	GSM2144083	GSM2144083	GSE81166	SINGLE	cDNA	TRANSCRIPTOMIC	RNA-Seq		Illumina HiSeq 2000	ILLUMINA	720573550	14411471	3702	Arabidopsis thaliana	clf/swn-16	Illumina HiSeq 2000 sequencing; GSM2144083: clf/swn-16; Arabidopsis thaliana; RNA-Seq	Arabidopsis thaliana treatments to trigger somatic embryo formation under RNAseq	Illumina HiSeq 2000 sequencing; GSM2144083: clf/swn-16; Arabidopsis thaliana; RNA-Seq	clf/swn-16	818fe4c03eacb5ced1e6fed4821ba903	645052452	ftp.sra.ebi.ac.uk/vol1/fastq/SRR347/003/SRR3478333/SRR3478333.fastq.gz	ftp.sra.ebi.ac.uk/vol1/fastq/SRR347/003/SRR3478333/SRR3478333.fastq.gz	fasp.sra.ebi.ac.uk:/vol1/fastq/SRR347/003/SRR3478333/SRR3478333.fastq.gz
SAMN04957319	SRR3478334	SRX1744476	SAMN04957319	SRS1423623	PRJNA320769	SRP074436	PRJNA9506	SRA423701	GSM2144084_r1	GSM2144084	GSM2144084	GSE81166	SINGLE	cDNA	TRANSCRIPTOMIC	RNA-Seq		Illumina HiSeq 2000	ILLUMINA	864066000	17281320	3702	Arabidopsis thaliana	clf/swn-17	Illumina HiSeq 2000 sequencing; GSM2144084: clf/swn-17; Arabidopsis thaliana; RNA-Seq	Arabidopsis thaliana treatments to trigger somatic embryo formation under RNAseq	Illumina HiSeq 2000 sequencing; GSM2144084: clf/swn-17; Arabidopsis thaliana; RNA-Seq	clf/swn-17	4189c2946f7897cb479a1a99063acbe2	789891221	ftp.sra.ebi.ac.uk/vol1/fastq/SRR347/004/SRR3478334/SRR3478334.fastq.gz	ftp.sra.ebi.ac.uk/vol1/fastq/SRR347/004/SRR3478334/SRR3478334.fastq.gz	fasp.sra.ebi.ac.uk:/vol1/fastq/SRR347/004/SRR3478334/SRR3478334.fastq.gz
SAMN04957320	SRR3478335	SRX1744477	SAMN04957320	SRS1423624	PRJNA320769	SRP074436	PRJNA9506	SRA423701	GSM2144085_r1	GSM2144085	GSM2144085	GSE81166	SINGLE	cDNA	TRANSCRIPTOMIC	RNA-Seq		Illumina HiSeq 2000	ILLUMINA	750853250	15017065	3702	Arabidopsis thaliana	clf/swn-18	Illumina HiSeq 2000 sequencing; GSM2144085: clf/swn-18; Arabidopsis thaliana; RNA-Seq	Arabidopsis thaliana treatments to trigger somatic embryo formation under RNAseq	Illumina HiSeq 2000 sequencing; GSM2144085: clf/swn-18; Arabidopsis thaliana; RNA-Seq	clf/swn-18	7b72d4f66aa292171449c8899a14a47b	672134011	ftp.sra.ebi.ac.uk/vol1/fastq/SRR347/005/SRR3478335/SRR3478335.fastq.gz	ftp.sra.ebi.ac.uk/vol1/fastq/SRR347/005/SRR3478335/SRR3478335.fastq.gz	fasp.sra.ebi.ac.uk:/vol1/fastq/SRR347/005/SRR3478335/SRR3478335.fastq.gz
