SAMD00179198	DRR188375	DRX178841	SAMD00179198	DRS182855	PRJDB8556	DRP007231		DRA008818	DRR188375	DRX178841	SAMD00179198	DRP007231	SINGLE	cDNA	TRANSCRIPTOMIC	RNA-Seq		Illumina HiSeq 2500	ILLUMINA	465875505	5078169	3702	Arabidopsis thaliana	transcriptome-1	Illumina HiSeq 2500 sequencing; Illumina HiSeq 2500 sequencing of SAMD00179198	Arabidopsis JMJ heat project	Illumina HiSeq 2500 sequencing; Illumina HiSeq 2500 sequencing of SAMD00179198	transcriptome-1	c544c92d3efbdf38d84e6cebabf9e40a	422597765	ftp.sra.ebi.ac.uk/vol1/fastq/DRR188/DRR188375/DRR188375.fastq.gz	ftp.sra.ebi.ac.uk/vol1/fastq/DRR188/DRR188375/DRR188375.fastq.gz	fasp.sra.ebi.ac.uk:/vol1/fastq/DRR188/DRR188375/DRR188375.fastq.gz
SAMD00179199	DRR188376	DRX178842	SAMD00179199	DRS182856	PRJDB8556	DRP007231		DRA008818	DRR188376	DRX178842	SAMD00179199	DRP007231	SINGLE	cDNA	TRANSCRIPTOMIC	RNA-Seq		Illumina HiSeq 2500	ILLUMINA	685209093	7411616	3702	Arabidopsis thaliana	transcriptome-2	Illumina HiSeq 2500 sequencing; Illumina HiSeq 2500 sequencing of SAMD00179199	Arabidopsis JMJ heat project	Illumina HiSeq 2500 sequencing; Illumina HiSeq 2500 sequencing of SAMD00179199	transcriptome-2	b18a5d259ec653647032b1bf6bf5a270	615665974	ftp.sra.ebi.ac.uk/vol1/fastq/DRR188/DRR188376/DRR188376.fastq.gz	ftp.sra.ebi.ac.uk/vol1/fastq/DRR188/DRR188376/DRR188376.fastq.gz	fasp.sra.ebi.ac.uk:/vol1/fastq/DRR188/DRR188376/DRR188376.fastq.gz
SAMD00179200	DRR188377	DRX178843	SAMD00179200	DRS182857	PRJDB8556	DRP007231		DRA008818	DRR188377	DRX178843	SAMD00179200	DRP007231	SINGLE	cDNA	TRANSCRIPTOMIC	RNA-Seq		Illumina HiSeq 2500	ILLUMINA	514011587	5582922	3702	Arabidopsis thaliana	transcriptome-3	Illumina HiSeq 2500 sequencing; Illumina HiSeq 2500 sequencing of SAMD00179200	Arabidopsis JMJ heat project	Illumina HiSeq 2500 sequencing; Illumina HiSeq 2500 sequencing of SAMD00179200	transcriptome-3	cd653861f08db5a95533deba517691f7	460688548	ftp.sra.ebi.ac.uk/vol1/fastq/DRR188/DRR188377/DRR188377.fastq.gz	ftp.sra.ebi.ac.uk/vol1/fastq/DRR188/DRR188377/DRR188377.fastq.gz	fasp.sra.ebi.ac.uk:/vol1/fastq/DRR188/DRR188377/DRR188377.fastq.gz
SAMD00179201	DRR188378	DRX178844	SAMD00179201	DRS182858	PRJDB8556	DRP007231		DRA008818	DRR188378	DRX178844	SAMD00179201	DRP007231	SINGLE	cDNA	TRANSCRIPTOMIC	RNA-Seq		Illumina HiSeq 2500	ILLUMINA	780846546	8444057	3702	Arabidopsis thaliana	transcriptome-4	Illumina HiSeq 2500 sequencing; Illumina HiSeq 2500 sequencing of SAMD00179201	Arabidopsis JMJ heat project	Illumina HiSeq 2500 sequencing; Illumina HiSeq 2500 sequencing of SAMD00179201	transcriptome-4	41e806bcd189b3cc540c5181073b1cd1	702527807	ftp.sra.ebi.ac.uk/vol1/fastq/DRR188/DRR188378/DRR188378.fastq.gz	ftp.sra.ebi.ac.uk/vol1/fastq/DRR188/DRR188378/DRR188378.fastq.gz	fasp.sra.ebi.ac.uk:/vol1/fastq/DRR188/DRR188378/DRR188378.fastq.gz
SAMD00179202	DRR188379	DRX178845	SAMD00179202	DRS182859	PRJDB8556	DRP007231		DRA008818	DRR188379	DRX178845	SAMD00179202	DRP007231	SINGLE	cDNA	TRANSCRIPTOMIC	RNA-Seq		Illumina HiSeq 2500	ILLUMINA	331762746	3583300	3702	Arabidopsis thaliana	transcriptome-5	Illumina HiSeq 2500 sequencing; Illumina HiSeq 2500 sequencing of SAMD00179202	Arabidopsis JMJ heat project	Illumina HiSeq 2500 sequencing; Illumina HiSeq 2500 sequencing of SAMD00179202	transcriptome-5	4e3979983b7a0ed69fffaf7022c2d6f4	303397690	ftp.sra.ebi.ac.uk/vol1/fastq/DRR188/DRR188379/DRR188379.fastq.gz	ftp.sra.ebi.ac.uk/vol1/fastq/DRR188/DRR188379/DRR188379.fastq.gz	fasp.sra.ebi.ac.uk:/vol1/fastq/DRR188/DRR188379/DRR188379.fastq.gz
SAMD00179203	DRR188380	DRX178846	SAMD00179203	DRS182860	PRJDB8556	DRP007231		DRA008818	DRR188380	DRX178846	SAMD00179203	DRP007231	SINGLE	cDNA	TRANSCRIPTOMIC	RNA-Seq		Illumina HiSeq 2000	ILLUMINA	439034506	4757353	3702	Arabidopsis thaliana	transcriptome-6	Illumina HiSeq 2000 sequencing; Illumina HiSeq 2000 sequencing of SAMD00179203	Arabidopsis JMJ heat project	Illumina HiSeq 2000 sequencing; Illumina HiSeq 2000 sequencing of SAMD00179203	transcriptome-6	da860573352554e47e3e605a7b53e274	396134546	ftp.sra.ebi.ac.uk/vol1/fastq/DRR188/DRR188380/DRR188380.fastq.gz	ftp.sra.ebi.ac.uk/vol1/fastq/DRR188/DRR188380/DRR188380.fastq.gz	fasp.sra.ebi.ac.uk:/vol1/fastq/DRR188/DRR188380/DRR188380.fastq.gz
SAMD00179204	DRR188381	DRX178847	SAMD00179204	DRS182861	PRJDB8556	DRP007231		DRA008818	DRR188381	DRX178847	SAMD00179204	DRP007231	SINGLE	cDNA	TRANSCRIPTOMIC	RNA-Seq		Illumina HiSeq 2500	ILLUMINA	244097646	2665821	3702	Arabidopsis thaliana	transcriptome-7	Illumina HiSeq 2500 sequencing; Illumina HiSeq 2500 sequencing of SAMD00179204	Arabidopsis JMJ heat project	Illumina HiSeq 2500 sequencing; Illumina HiSeq 2500 sequencing of SAMD00179204	transcriptome-7	88308cdf19bebb9e2fc29c6f5d4d6163	221696452	ftp.sra.ebi.ac.uk/vol1/fastq/DRR188/DRR188381/DRR188381.fastq.gz	ftp.sra.ebi.ac.uk/vol1/fastq/DRR188/DRR188381/DRR188381.fastq.gz	fasp.sra.ebi.ac.uk:/vol1/fastq/DRR188/DRR188381/DRR188381.fastq.gz
SAMD00179205	DRR188382	DRX178848	SAMD00179205	DRS182862	PRJDB8556	DRP007231		DRA008818	DRR188382	DRX178848	SAMD00179205	DRP007231	SINGLE	cDNA	TRANSCRIPTOMIC	RNA-Seq		Illumina HiSeq 2500	ILLUMINA	452452111	4901196	3702	Arabidopsis thaliana	transcriptome-8	Illumina HiSeq 2500 sequencing; Illumina HiSeq 2500 sequencing of SAMD00179205	Arabidopsis JMJ heat project	Illumina HiSeq 2500 sequencing; Illumina HiSeq 2500 sequencing of SAMD00179205	transcriptome-8	ef90529e15d643e464cb3784f102069b	412973872	ftp.sra.ebi.ac.uk/vol1/fastq/DRR188/DRR188382/DRR188382.fastq.gz	ftp.sra.ebi.ac.uk/vol1/fastq/DRR188/DRR188382/DRR188382.fastq.gz	fasp.sra.ebi.ac.uk:/vol1/fastq/DRR188/DRR188382/DRR188382.fastq.gz
SAMD00179206	DRR188383	DRX178849	SAMD00179206	DRS182863	PRJDB8556	DRP007231		DRA008818	DRR188383	DRX178849	SAMD00179206	DRP007231	SINGLE	cDNA	TRANSCRIPTOMIC	RNA-Seq		Illumina HiSeq 2500	ILLUMINA	1078570445	11587823	3702	Arabidopsis thaliana	transcriptome-9	Illumina HiSeq 2500 sequencing; Illumina HiSeq 2500 sequencing of SAMD00179206	Arabidopsis JMJ heat project	Illumina HiSeq 2500 sequencing; Illumina HiSeq 2500 sequencing of SAMD00179206	transcriptome-9	3cce1ae85ced03d57167b7b3342f6f51	976326207	ftp.sra.ebi.ac.uk/vol1/fastq/DRR188/DRR188383/DRR188383.fastq.gz	ftp.sra.ebi.ac.uk/vol1/fastq/DRR188/DRR188383/DRR188383.fastq.gz	fasp.sra.ebi.ac.uk:/vol1/fastq/DRR188/DRR188383/DRR188383.fastq.gz
SAMD00179207	DRR188384	DRX178850	SAMD00179207	DRS182864	PRJDB8556	DRP007231		DRA008818	DRR188384	DRX178850	SAMD00179207	DRP007231	SINGLE	cDNA	TRANSCRIPTOMIC	RNA-Seq		Illumina HiSeq 2500	ILLUMINA	194026859	2090563	3702	Arabidopsis thaliana	transcriptome-10	Illumina HiSeq 2500 sequencing; Illumina HiSeq 2500 sequencing of SAMD00179207	Arabidopsis JMJ heat project	Illumina HiSeq 2500 sequencing; Illumina HiSeq 2500 sequencing of SAMD00179207	transcriptome-10	3b75ffbfd78616e1b5ce1374d4f5f1d5	173437344	ftp.sra.ebi.ac.uk/vol1/fastq/DRR188/DRR188384/DRR188384.fastq.gz	ftp.sra.ebi.ac.uk/vol1/fastq/DRR188/DRR188384/DRR188384.fastq.gz	fasp.sra.ebi.ac.uk:/vol1/fastq/DRR188/DRR188384/DRR188384.fastq.gz
SAMD00179208	DRR188385	DRX178851	SAMD00179208	DRS182865	PRJDB8556	DRP007231		DRA008818	DRR188385	DRX178851	SAMD00179208	DRP007231	SINGLE	cDNA	TRANSCRIPTOMIC	RNA-Seq		Illumina HiSeq 2500	ILLUMINA	185079819	2002471	3702	Arabidopsis thaliana	transcriptome-11	Illumina HiSeq 2500 sequencing; Illumina HiSeq 2500 sequencing of SAMD00179208	Arabidopsis JMJ heat project	Illumina HiSeq 2500 sequencing; Illumina HiSeq 2500 sequencing of SAMD00179208	transcriptome-11	c5caa770ff092e8ec45b24b2755441c2	164148054	ftp.sra.ebi.ac.uk/vol1/fastq/DRR188/DRR188385/DRR188385.fastq.gz	ftp.sra.ebi.ac.uk/vol1/fastq/DRR188/DRR188385/DRR188385.fastq.gz	fasp.sra.ebi.ac.uk:/vol1/fastq/DRR188/DRR188385/DRR188385.fastq.gz
SAMD00179209	DRR188386	DRX178852	SAMD00179209	DRS182866	PRJDB8556	DRP007231		DRA008818	DRR188386	DRX178852	SAMD00179209	DRP007231	SINGLE	cDNA	TRANSCRIPTOMIC	RNA-Seq		Illumina HiSeq 2500	ILLUMINA	168234558	1824127	3702	Arabidopsis thaliana	transcriptome-12	Illumina HiSeq 2500 sequencing; Illumina HiSeq 2500 sequencing of SAMD00179209	Arabidopsis JMJ heat project	Illumina HiSeq 2500 sequencing; Illumina HiSeq 2500 sequencing of SAMD00179209	transcriptome-12	b352d03607568115e71afeb25abc995d	148392304	ftp.sra.ebi.ac.uk/vol1/fastq/DRR188/DRR188386/DRR188386.fastq.gz	ftp.sra.ebi.ac.uk/vol1/fastq/DRR188/DRR188386/DRR188386.fastq.gz	fasp.sra.ebi.ac.uk:/vol1/fastq/DRR188/DRR188386/DRR188386.fastq.gz
SAMD00179210	DRR188387	DRX178853	SAMD00179210	DRS182867	PRJDB8556	DRP007231		DRA008818	DRR188387	DRX178853	SAMD00179210	DRP007231	SINGLE	cDNA	TRANSCRIPTOMIC	RNA-Seq		Illumina HiSeq 2500	ILLUMINA	105217471	1149236	3702	Arabidopsis thaliana	transcriptome-13	Illumina HiSeq 2500 sequencing; Illumina HiSeq 2500 sequencing of SAMD00179210	Arabidopsis JMJ heat project	Illumina HiSeq 2500 sequencing; Illumina HiSeq 2500 sequencing of SAMD00179210	transcriptome-13	8b158e6571b662b0a77687dd48788556	93203194	ftp.sra.ebi.ac.uk/vol1/fastq/DRR188/DRR188387/DRR188387.fastq.gz	ftp.sra.ebi.ac.uk/vol1/fastq/DRR188/DRR188387/DRR188387.fastq.gz	fasp.sra.ebi.ac.uk:/vol1/fastq/DRR188/DRR188387/DRR188387.fastq.gz
SAMD00179211	DRR188388	DRX178854	SAMD00179211	DRS182868	PRJDB8556	DRP007231		DRA008818	DRR188388	DRX178854	SAMD00179211	DRP007231	SINGLE	cDNA	TRANSCRIPTOMIC	RNA-Seq		Illumina HiSeq 2500	ILLUMINA	190473770	2069310	3702	Arabidopsis thaliana	transcriptome-14	Illumina HiSeq 2500 sequencing; Illumina HiSeq 2500 sequencing of SAMD00179211	Arabidopsis JMJ heat project	Illumina HiSeq 2500 sequencing; Illumina HiSeq 2500 sequencing of SAMD00179211	transcriptome-14	d43e480c25b18413c6b0717956c849cc	167332576	ftp.sra.ebi.ac.uk/vol1/fastq/DRR188/DRR188388/DRR188388.fastq.gz	ftp.sra.ebi.ac.uk/vol1/fastq/DRR188/DRR188388/DRR188388.fastq.gz	fasp.sra.ebi.ac.uk:/vol1/fastq/DRR188/DRR188388/DRR188388.fastq.gz
SAMD00179212	DRR188389	DRX178855	SAMD00179212	DRS182869	PRJDB8556	DRP007231		DRA008818	DRR188389	DRX178855	SAMD00179212	DRP007231	SINGLE	cDNA	TRANSCRIPTOMIC	RNA-Seq		Illumina HiSeq 2500	ILLUMINA	156682669	1695683	3702	Arabidopsis thaliana	transcriptome-15	Illumina HiSeq 2500 sequencing; Illumina HiSeq 2500 sequencing of SAMD00179212	Arabidopsis JMJ heat project	Illumina HiSeq 2500 sequencing; Illumina HiSeq 2500 sequencing of SAMD00179212	transcriptome-15	1b2433bcd194ec91074ae47788250478	137629680	ftp.sra.ebi.ac.uk/vol1/fastq/DRR188/DRR188389/DRR188389.fastq.gz	ftp.sra.ebi.ac.uk/vol1/fastq/DRR188/DRR188389/DRR188389.fastq.gz	fasp.sra.ebi.ac.uk:/vol1/fastq/DRR188/DRR188389/DRR188389.fastq.gz
SAMD00179213	DRR188390	DRX178856	SAMD00179213	DRS182870	PRJDB8556	DRP007231		DRA008818	DRR188390	DRX178856	SAMD00179213	DRP007231	SINGLE	cDNA	TRANSCRIPTOMIC	RNA-Seq		Illumina HiSeq 2500	ILLUMINA	198774280	2149774	3702	Arabidopsis thaliana	transcriptome-16	Illumina HiSeq 2500 sequencing; Illumina HiSeq 2500 sequencing of SAMD00179213	Arabidopsis JMJ heat project	Illumina HiSeq 2500 sequencing; Illumina HiSeq 2500 sequencing of SAMD00179213	transcriptome-16	30d5df843d0c6c22c7944f2703882d24	179666325	ftp.sra.ebi.ac.uk/vol1/fastq/DRR188/DRR188390/DRR188390.fastq.gz	ftp.sra.ebi.ac.uk/vol1/fastq/DRR188/DRR188390/DRR188390.fastq.gz	fasp.sra.ebi.ac.uk:/vol1/fastq/DRR188/DRR188390/DRR188390.fastq.gz
SAMD00179214	DRR188391	DRX178857	SAMD00179214	DRS182871	PRJDB8556	DRP007231		DRA008818	DRR188391	DRX178857	SAMD00179214	DRP007231	SINGLE	cDNA	TRANSCRIPTOMIC	RNA-Seq		Illumina HiSeq 2500	ILLUMINA	536699463	5794911	3702	Arabidopsis thaliana	transcriptome-17	Illumina HiSeq 2500 sequencing; Illumina HiSeq 2500 sequencing of SAMD00179214	Arabidopsis JMJ heat project	Illumina HiSeq 2500 sequencing; Illumina HiSeq 2500 sequencing of SAMD00179214	transcriptome-17	7e9c6b998381c19bddb37348956ed273	486159789	ftp.sra.ebi.ac.uk/vol1/fastq/DRR188/DRR188391/DRR188391.fastq.gz	ftp.sra.ebi.ac.uk/vol1/fastq/DRR188/DRR188391/DRR188391.fastq.gz	fasp.sra.ebi.ac.uk:/vol1/fastq/DRR188/DRR188391/DRR188391.fastq.gz
SAMD00179215	DRR188392	DRX178858	SAMD00179215	DRS182872	PRJDB8556	DRP007231		DRA008818	DRR188392	DRX178858	SAMD00179215	DRP007231	SINGLE	cDNA	TRANSCRIPTOMIC	RNA-Seq		Illumina HiSeq 2500	ILLUMINA	363718479	3993556	3702	Arabidopsis thaliana	transcriptome-18	Illumina HiSeq 2500 sequencing; Illumina HiSeq 2500 sequencing of SAMD00179215	Arabidopsis JMJ heat project	Illumina HiSeq 2500 sequencing; Illumina HiSeq 2500 sequencing of SAMD00179215	transcriptome-18	3a23e443a4d59de5033fb8c0af5d554c	326802109	ftp.sra.ebi.ac.uk/vol1/fastq/DRR188/DRR188392/DRR188392.fastq.gz	ftp.sra.ebi.ac.uk/vol1/fastq/DRR188/DRR188392/DRR188392.fastq.gz	fasp.sra.ebi.ac.uk:/vol1/fastq/DRR188/DRR188392/DRR188392.fastq.gz
SAMD00179216	DRR188393	DRX178859	SAMD00179216	DRS182873	PRJDB8556	DRP007231		DRA008818	DRR188393	DRX178859	SAMD00179216	DRP007231	SINGLE	cDNA	TRANSCRIPTOMIC	RNA-Seq		Illumina HiSeq 2500	ILLUMINA	411574796	4496200	3702	Arabidopsis thaliana	transcriptome-19	Illumina HiSeq 2500 sequencing; Illumina HiSeq 2500 sequencing of SAMD00179216	Arabidopsis JMJ heat project	Illumina HiSeq 2500 sequencing; Illumina HiSeq 2500 sequencing of SAMD00179216	transcriptome-19	6f48298307f74125e547813dc18fe793	369698248	ftp.sra.ebi.ac.uk/vol1/fastq/DRR188/DRR188393/DRR188393.fastq.gz	ftp.sra.ebi.ac.uk/vol1/fastq/DRR188/DRR188393/DRR188393.fastq.gz	fasp.sra.ebi.ac.uk:/vol1/fastq/DRR188/DRR188393/DRR188393.fastq.gz
SAMD00179217	DRR188394	DRX178860	SAMD00179217	DRS182874	PRJDB8556	DRP007231		DRA008818	DRR188394	DRX178860	SAMD00179217	DRP007231	SINGLE	cDNA	TRANSCRIPTOMIC	RNA-Seq		Illumina HiSeq 2500	ILLUMINA	345922899	3795207	3702	Arabidopsis thaliana	transcriptome-20	Illumina HiSeq 2500 sequencing; Illumina HiSeq 2500 sequencing of SAMD00179217	Arabidopsis JMJ heat project	Illumina HiSeq 2500 sequencing; Illumina HiSeq 2500 sequencing of SAMD00179217	transcriptome-20	132e96306649f5b668797362e7dd6e2e	309881753	ftp.sra.ebi.ac.uk/vol1/fastq/DRR188/DRR188394/DRR188394.fastq.gz	ftp.sra.ebi.ac.uk/vol1/fastq/DRR188/DRR188394/DRR188394.fastq.gz	fasp.sra.ebi.ac.uk:/vol1/fastq/DRR188/DRR188394/DRR188394.fastq.gz
SAMD00179218	DRR188395	DRX178861	SAMD00179218	DRS182875	PRJDB8556	DRP007231		DRA008818	DRR188395	DRX178861	SAMD00179218	DRP007231	SINGLE	cDNA	TRANSCRIPTOMIC	RNA-Seq		Illumina HiSeq 2500	ILLUMINA	62828849	693918	3702	Arabidopsis thaliana	transcriptome-21	Illumina HiSeq 2500 sequencing; Illumina HiSeq 2500 sequencing of SAMD00179218	Arabidopsis JMJ heat project	Illumina HiSeq 2500 sequencing; Illumina HiSeq 2500 sequencing of SAMD00179218	transcriptome-21	6ad83cf6317dd7ea86e6e68584d11435	54434087	ftp.sra.ebi.ac.uk/vol1/fastq/DRR188/DRR188395/DRR188395.fastq.gz	ftp.sra.ebi.ac.uk/vol1/fastq/DRR188/DRR188395/DRR188395.fastq.gz	fasp.sra.ebi.ac.uk:/vol1/fastq/DRR188/DRR188395/DRR188395.fastq.gz
SAMD00179219	DRR188396	DRX178862	SAMD00179219	DRS182876	PRJDB8556	DRP007231		DRA008818	DRR188396	DRX178862	SAMD00179219	DRP007231	SINGLE	cDNA	TRANSCRIPTOMIC	RNA-Seq		Illumina HiSeq 2500	ILLUMINA	94746368	1036290	3702	Arabidopsis thaliana	transcriptome-22	Illumina HiSeq 2500 sequencing; Illumina HiSeq 2500 sequencing of SAMD00179219	Arabidopsis JMJ heat project	Illumina HiSeq 2500 sequencing; Illumina HiSeq 2500 sequencing of SAMD00179219	transcriptome-22	c2ebf9a912baa57fd3e7c137533510ac	81614604	ftp.sra.ebi.ac.uk/vol1/fastq/DRR188/DRR188396/DRR188396.fastq.gz	ftp.sra.ebi.ac.uk/vol1/fastq/DRR188/DRR188396/DRR188396.fastq.gz	fasp.sra.ebi.ac.uk:/vol1/fastq/DRR188/DRR188396/DRR188396.fastq.gz
SAMD00179220	DRR188397	DRX178863	SAMD00179220	DRS182877	PRJDB8556	DRP007231		DRA008818	DRR188397	DRX178863	SAMD00179220	DRP007231	SINGLE	cDNA	TRANSCRIPTOMIC	RNA-Seq		Illumina HiSeq 2500	ILLUMINA	116951314	1280179	3702	Arabidopsis thaliana	transcriptome-23	Illumina HiSeq 2500 sequencing; Illumina HiSeq 2500 sequencing of SAMD00179220	Arabidopsis JMJ heat project	Illumina HiSeq 2500 sequencing; Illumina HiSeq 2500 sequencing of SAMD00179220	transcriptome-23	111dabee2938ccc49ec69b9a5548ac87	102449101	ftp.sra.ebi.ac.uk/vol1/fastq/DRR188/DRR188397/DRR188397.fastq.gz	ftp.sra.ebi.ac.uk/vol1/fastq/DRR188/DRR188397/DRR188397.fastq.gz	fasp.sra.ebi.ac.uk:/vol1/fastq/DRR188/DRR188397/DRR188397.fastq.gz
SAMD00179221	DRR188398	DRX178864	SAMD00179221	DRS182878	PRJDB8556	DRP007231		DRA008818	DRR188398	DRX178864	SAMD00179221	DRP007231	SINGLE	cDNA	TRANSCRIPTOMIC	RNA-Seq		Illumina HiSeq 2500	ILLUMINA	278314778	3024071	3702	Arabidopsis thaliana	transcriptome-24	Illumina HiSeq 2500 sequencing; Illumina HiSeq 2500 sequencing of SAMD00179221	Arabidopsis JMJ heat project	Illumina HiSeq 2500 sequencing; Illumina HiSeq 2500 sequencing of SAMD00179221	transcriptome-24	74b8c7df65e168fc093901b850f50a27	242465259	ftp.sra.ebi.ac.uk/vol1/fastq/DRR188/DRR188398/DRR188398.fastq.gz	ftp.sra.ebi.ac.uk/vol1/fastq/DRR188/DRR188398/DRR188398.fastq.gz	fasp.sra.ebi.ac.uk:/vol1/fastq/DRR188/DRR188398/DRR188398.fastq.gz
SAMD00179222	DRR188399	DRX178865	SAMD00179222	DRS182879	PRJDB8556	DRP007231		DRA008818	DRR188399	DRX178865	SAMD00179222	DRP007231	SINGLE	cDNA	TRANSCRIPTOMIC	RNA-Seq		Illumina HiSeq 2500	ILLUMINA	1257663	13838	3702	Arabidopsis thaliana	transcriptome-25	Illumina HiSeq 2500 sequencing; Illumina HiSeq 2500 sequencing of SAMD00179222	Arabidopsis JMJ heat project	Illumina HiSeq 2500 sequencing; Illumina HiSeq 2500 sequencing of SAMD00179222	transcriptome-25	dd9dab786e361018ea10d75654b54c3c	1095392	ftp.sra.ebi.ac.uk/vol1/fastq/DRR188/DRR188399/DRR188399.fastq.gz	ftp.sra.ebi.ac.uk/vol1/fastq/DRR188/DRR188399/DRR188399.fastq.gz	fasp.sra.ebi.ac.uk:/vol1/fastq/DRR188/DRR188399/DRR188399.fastq.gz
SAMD00179223	DRR188400	DRX178866	SAMD00179223	DRS182880	PRJDB8556	DRP007231		DRA008818	DRR188400	DRX178866	SAMD00179223	DRP007231	SINGLE	cDNA	TRANSCRIPTOMIC	RNA-Seq		Illumina HiSeq 2500	ILLUMINA	83533914	921913	3702	Arabidopsis thaliana	transcriptome-26	Illumina HiSeq 2500 sequencing; Illumina HiSeq 2500 sequencing of SAMD00179223	Arabidopsis JMJ heat project	Illumina HiSeq 2500 sequencing; Illumina HiSeq 2500 sequencing of SAMD00179223	transcriptome-26	0fb312bf92fcdeda58c2b8898baaa850	72970712	ftp.sra.ebi.ac.uk/vol1/fastq/DRR188/DRR188400/DRR188400.fastq.gz	ftp.sra.ebi.ac.uk/vol1/fastq/DRR188/DRR188400/DRR188400.fastq.gz	fasp.sra.ebi.ac.uk:/vol1/fastq/DRR188/DRR188400/DRR188400.fastq.gz
SAMD00179224	DRR188401	DRX178867	SAMD00179224	DRS182881	PRJDB8556	DRP007231		DRA008818	DRR188401	DRX178867	SAMD00179224	DRP007231	SINGLE	cDNA	TRANSCRIPTOMIC	RNA-Seq		Illumina HiSeq 2500	ILLUMINA	58153170	634269	3702	Arabidopsis thaliana	transcriptome-27	Illumina HiSeq 2500 sequencing; Illumina HiSeq 2500 sequencing of SAMD00179224	Arabidopsis JMJ heat project	Illumina HiSeq 2500 sequencing; Illumina HiSeq 2500 sequencing of SAMD00179224	transcriptome-27	6f61443ee043fea85f2c38446513d2a1	51113509	ftp.sra.ebi.ac.uk/vol1/fastq/DRR188/DRR188401/DRR188401.fastq.gz	ftp.sra.ebi.ac.uk/vol1/fastq/DRR188/DRR188401/DRR188401.fastq.gz	fasp.sra.ebi.ac.uk:/vol1/fastq/DRR188/DRR188401/DRR188401.fastq.gz
SAMD00179225	DRR188402	DRX178868	SAMD00179225	DRS182882	PRJDB8556	DRP007231		DRA008818	DRR188402	DRX178868	SAMD00179225	DRP007231	SINGLE	cDNA	TRANSCRIPTOMIC	RNA-Seq		Illumina HiSeq 2500	ILLUMINA	84398181	918737	3702	Arabidopsis thaliana	transcriptome-28	Illumina HiSeq 2500 sequencing; Illumina HiSeq 2500 sequencing of SAMD00179225	Arabidopsis JMJ heat project	Illumina HiSeq 2500 sequencing; Illumina HiSeq 2500 sequencing of SAMD00179225	transcriptome-28	f9be379f24284210fb84cc31b56561ae	74585412	ftp.sra.ebi.ac.uk/vol1/fastq/DRR188/DRR188402/DRR188402.fastq.gz	ftp.sra.ebi.ac.uk/vol1/fastq/DRR188/DRR188402/DRR188402.fastq.gz	fasp.sra.ebi.ac.uk:/vol1/fastq/DRR188/DRR188402/DRR188402.fastq.gz
SAMD00179226	DRR188403	DRX178869	SAMD00179226	DRS182883	PRJDB8556	DRP007231		DRA008818	DRR188403	DRX178869	SAMD00179226	DRP007231	SINGLE	cDNA	TRANSCRIPTOMIC	RNA-Seq		Illumina HiSeq 2500	ILLUMINA	122864017	1345517	3702	Arabidopsis thaliana	transcriptome-29	Illumina HiSeq 2500 sequencing; Illumina HiSeq 2500 sequencing of SAMD00179226	Arabidopsis JMJ heat project	Illumina HiSeq 2500 sequencing; Illumina HiSeq 2500 sequencing of SAMD00179226	transcriptome-29	60eb4e9d26c01aa4994b6cf84506f97f	107045881	ftp.sra.ebi.ac.uk/vol1/fastq/DRR188/DRR188403/DRR188403.fastq.gz	ftp.sra.ebi.ac.uk/vol1/fastq/DRR188/DRR188403/DRR188403.fastq.gz	fasp.sra.ebi.ac.uk:/vol1/fastq/DRR188/DRR188403/DRR188403.fastq.gz
SAMD00179227	DRR188404	DRX178870	SAMD00179227	DRS182884	PRJDB8556	DRP007231		DRA008818	DRR188404	DRX178870	SAMD00179227	DRP007231	SINGLE	cDNA	TRANSCRIPTOMIC	RNA-Seq		Illumina HiSeq 2500	ILLUMINA	95346295	1041953	3702	Arabidopsis thaliana	transcriptome-30	Illumina HiSeq 2500 sequencing; Illumina HiSeq 2500 sequencing of SAMD00179227	Arabidopsis JMJ heat project	Illumina HiSeq 2500 sequencing; Illumina HiSeq 2500 sequencing of SAMD00179227	transcriptome-30	9ec7653555b408e5986ed0c7fb342959	84307418	ftp.sra.ebi.ac.uk/vol1/fastq/DRR188/DRR188404/DRR188404.fastq.gz	ftp.sra.ebi.ac.uk/vol1/fastq/DRR188/DRR188404/DRR188404.fastq.gz	fasp.sra.ebi.ac.uk:/vol1/fastq/DRR188/DRR188404/DRR188404.fastq.gz
SAMD00179228	DRR188405	DRX178871	SAMD00179228	DRS182885	PRJDB8556	DRP007231		DRA008818	DRR188405	DRX178871	SAMD00179228	DRP007231	SINGLE	cDNA	TRANSCRIPTOMIC	RNA-Seq		Illumina HiSeq 2500	ILLUMINA	575479482	6311032	3702	Arabidopsis thaliana	transcriptome-31	Illumina HiSeq 2500 sequencing; Illumina HiSeq 2500 sequencing of SAMD00179228	Arabidopsis JMJ heat project	Illumina HiSeq 2500 sequencing; Illumina HiSeq 2500 sequencing of SAMD00179228	transcriptome-31	8a926666ed63497681f804b72ad3d6ec	516359994	ftp.sra.ebi.ac.uk/vol1/fastq/DRR188/DRR188405/DRR188405.fastq.gz	ftp.sra.ebi.ac.uk/vol1/fastq/DRR188/DRR188405/DRR188405.fastq.gz	fasp.sra.ebi.ac.uk:/vol1/fastq/DRR188/DRR188405/DRR188405.fastq.gz
SAMD00179229	DRR188406	DRX178872	SAMD00179229	DRS182886	PRJDB8556	DRP007231		DRA008818	DRR188406	DRX178872	SAMD00179229	DRP007231	SINGLE	cDNA	TRANSCRIPTOMIC	RNA-Seq		Illumina HiSeq 2500	ILLUMINA	558885953	6007802	3702	Arabidopsis thaliana	transcriptome-32	Illumina HiSeq 2500 sequencing; Illumina HiSeq 2500 sequencing of SAMD00179229	Arabidopsis JMJ heat project	Illumina HiSeq 2500 sequencing; Illumina HiSeq 2500 sequencing of SAMD00179229	transcriptome-32	3cacce622490c54cb2858f5c2eed3e86	503981361	ftp.sra.ebi.ac.uk/vol1/fastq/DRR188/DRR188406/DRR188406.fastq.gz	ftp.sra.ebi.ac.uk/vol1/fastq/DRR188/DRR188406/DRR188406.fastq.gz	fasp.sra.ebi.ac.uk:/vol1/fastq/DRR188/DRR188406/DRR188406.fastq.gz
SAMD00179230	DRR188407	DRX178873	SAMD00179230	DRS182887	PRJDB8556	DRP007231		DRA008818	DRR188407	DRX178873	SAMD00179230	DRP007231	SINGLE	cDNA	TRANSCRIPTOMIC	RNA-Seq		Illumina HiSeq 2500	ILLUMINA	2148970	23239	3702	Arabidopsis thaliana	transcriptome-33	Illumina HiSeq 2500 sequencing; Illumina HiSeq 2500 sequencing of SAMD00179230	Arabidopsis JMJ heat project	Illumina HiSeq 2500 sequencing; Illumina HiSeq 2500 sequencing of SAMD00179230	transcriptome-33	3d278624c9fe9757f196a1fc6146561d	1916356	ftp.sra.ebi.ac.uk/vol1/fastq/DRR188/DRR188407/DRR188407.fastq.gz	ftp.sra.ebi.ac.uk/vol1/fastq/DRR188/DRR188407/DRR188407.fastq.gz	fasp.sra.ebi.ac.uk:/vol1/fastq/DRR188/DRR188407/DRR188407.fastq.gz
SAMD00179231	DRR188408	DRX178874	SAMD00179231	DRS182888	PRJDB8556	DRP007231		DRA008818	DRR188408	DRX178874	SAMD00179231	DRP007231	SINGLE	cDNA	TRANSCRIPTOMIC	RNA-Seq		Illumina HiSeq 2500	ILLUMINA	672559019	7284021	3702	Arabidopsis thaliana	transcriptome-34	Illumina HiSeq 2500 sequencing; Illumina HiSeq 2500 sequencing of SAMD00179231	Arabidopsis JMJ heat project	Illumina HiSeq 2500 sequencing; Illumina HiSeq 2500 sequencing of SAMD00179231	transcriptome-34	da219cce5123d3c89c3f89fe3bff6129	611042895	ftp.sra.ebi.ac.uk/vol1/fastq/DRR188/DRR188408/DRR188408.fastq.gz	ftp.sra.ebi.ac.uk/vol1/fastq/DRR188/DRR188408/DRR188408.fastq.gz	fasp.sra.ebi.ac.uk:/vol1/fastq/DRR188/DRR188408/DRR188408.fastq.gz
SAMD00179232	DRR188409	DRX178875	SAMD00179232	DRS182889	PRJDB8556	DRP007231		DRA008818	DRR188409	DRX178875	SAMD00179232	DRP007231	SINGLE	cDNA	TRANSCRIPTOMIC	RNA-Seq		Illumina HiSeq 2500	ILLUMINA	841139758	9151673	3702	Arabidopsis thaliana	transcriptome-35	Illumina HiSeq 2500 sequencing; Illumina HiSeq 2500 sequencing of SAMD00179232	Arabidopsis JMJ heat project	Illumina HiSeq 2500 sequencing; Illumina HiSeq 2500 sequencing of SAMD00179232	transcriptome-35	8aedf68fde35ba028e000d87a97916ec	765342063	ftp.sra.ebi.ac.uk/vol1/fastq/DRR188/DRR188409/DRR188409.fastq.gz	ftp.sra.ebi.ac.uk/vol1/fastq/DRR188/DRR188409/DRR188409.fastq.gz	fasp.sra.ebi.ac.uk:/vol1/fastq/DRR188/DRR188409/DRR188409.fastq.gz
SAMD00179233	DRR188410	DRX178876	SAMD00179233	DRS182890	PRJDB8556	DRP007231		DRA008818	DRR188410	DRX178876	SAMD00179233	DRP007231	SINGLE	cDNA	TRANSCRIPTOMIC	RNA-Seq		Illumina HiSeq 2500	ILLUMINA	111990511	1209640	3702	Arabidopsis thaliana	transcriptome-36	Illumina HiSeq 2500 sequencing; Illumina HiSeq 2500 sequencing of SAMD00179233	Arabidopsis JMJ heat project	Illumina HiSeq 2500 sequencing; Illumina HiSeq 2500 sequencing of SAMD00179233	transcriptome-36	48d0d8982815766aed8a4c71b5c4a2f4	101060712	ftp.sra.ebi.ac.uk/vol1/fastq/DRR188/DRR188410/DRR188410.fastq.gz	ftp.sra.ebi.ac.uk/vol1/fastq/DRR188/DRR188410/DRR188410.fastq.gz	fasp.sra.ebi.ac.uk:/vol1/fastq/DRR188/DRR188410/DRR188410.fastq.gz
SAMD00179234	DRR188411	DRX178877	SAMD00179234	DRS182891	PRJDB8556	DRP007231		DRA008818	DRR188411	DRX178877	SAMD00179234	DRP007231	SINGLE	cDNA	TRANSCRIPTOMIC	RNA-Seq		Illumina HiSeq 2500	ILLUMINA	364808492	3988617	3702	Arabidopsis thaliana	transcriptome-37	Illumina HiSeq 2500 sequencing; Illumina HiSeq 2500 sequencing of SAMD00179234	Arabidopsis JMJ heat project	Illumina HiSeq 2500 sequencing; Illumina HiSeq 2500 sequencing of SAMD00179234	transcriptome-37	ae18cb49b46ffca487181dd5d6a58d59	326596439	ftp.sra.ebi.ac.uk/vol1/fastq/DRR188/DRR188411/DRR188411.fastq.gz	ftp.sra.ebi.ac.uk/vol1/fastq/DRR188/DRR188411/DRR188411.fastq.gz	fasp.sra.ebi.ac.uk:/vol1/fastq/DRR188/DRR188411/DRR188411.fastq.gz
SAMD00179235	DRR188412	DRX178878	SAMD00179235	DRS182892	PRJDB8556	DRP007231		DRA008818	DRR188412	DRX178878	SAMD00179235	DRP007231	SINGLE	cDNA	TRANSCRIPTOMIC	RNA-Seq		Illumina HiSeq 2500	ILLUMINA	298099317	3245466	3702	Arabidopsis thaliana	transcriptome-38	Illumina HiSeq 2500 sequencing; Illumina HiSeq 2500 sequencing of SAMD00179235	Arabidopsis JMJ heat project	Illumina HiSeq 2500 sequencing; Illumina HiSeq 2500 sequencing of SAMD00179235	transcriptome-38	c2acf789da51938dc178d7063e44bef4	266042410	ftp.sra.ebi.ac.uk/vol1/fastq/DRR188/DRR188412/DRR188412.fastq.gz	ftp.sra.ebi.ac.uk/vol1/fastq/DRR188/DRR188412/DRR188412.fastq.gz	fasp.sra.ebi.ac.uk:/vol1/fastq/DRR188/DRR188412/DRR188412.fastq.gz
SAMD00179236	DRR188413	DRX178879	SAMD00179236	DRS182893	PRJDB8556	DRP007231		DRA008818	DRR188413	DRX178879	SAMD00179236	DRP007231	SINGLE	cDNA	TRANSCRIPTOMIC	RNA-Seq		Illumina HiSeq 2500	ILLUMINA	508951246	5566390	3702	Arabidopsis thaliana	transcriptome-39	Illumina HiSeq 2500 sequencing; Illumina HiSeq 2500 sequencing of SAMD00179236	Arabidopsis JMJ heat project	Illumina HiSeq 2500 sequencing; Illumina HiSeq 2500 sequencing of SAMD00179236	transcriptome-39	fba6845c217544c51930a1a75b99e93e	461753109	ftp.sra.ebi.ac.uk/vol1/fastq/DRR188/DRR188413/DRR188413.fastq.gz	ftp.sra.ebi.ac.uk/vol1/fastq/DRR188/DRR188413/DRR188413.fastq.gz	fasp.sra.ebi.ac.uk:/vol1/fastq/DRR188/DRR188413/DRR188413.fastq.gz
SAMD00179237	DRR188414	DRX178880	SAMD00179237	DRS182894	PRJDB8556	DRP007231		DRA008818	DRR188414	DRX178880	SAMD00179237	DRP007231	SINGLE	cDNA	TRANSCRIPTOMIC	RNA-Seq		Illumina HiSeq 2500	ILLUMINA	408974114	4471180	3702	Arabidopsis thaliana	transcriptome-40	Illumina HiSeq 2500 sequencing; Illumina HiSeq 2500 sequencing of SAMD00179237	Arabidopsis JMJ heat project	Illumina HiSeq 2500 sequencing; Illumina HiSeq 2500 sequencing of SAMD00179237	transcriptome-40	21275b83641626fdab5a2d2426f476d6	367938296	ftp.sra.ebi.ac.uk/vol1/fastq/DRR188/DRR188414/DRR188414.fastq.gz	ftp.sra.ebi.ac.uk/vol1/fastq/DRR188/DRR188414/DRR188414.fastq.gz	fasp.sra.ebi.ac.uk:/vol1/fastq/DRR188/DRR188414/DRR188414.fastq.gz
SAMD00179238	DRR188415	DRX178881	SAMD00179238	DRS182895	PRJDB8556	DRP007231		DRA008818	DRR188415	DRX178881	SAMD00179238	DRP007231	SINGLE	cDNA	TRANSCRIPTOMIC	RNA-Seq		Illumina HiSeq 2500	ILLUMINA	574118822	6250031	3702	Arabidopsis thaliana	transcriptome-41	Illumina HiSeq 2500 sequencing; Illumina HiSeq 2500 sequencing of SAMD00179238	Arabidopsis JMJ heat project	Illumina HiSeq 2500 sequencing; Illumina HiSeq 2500 sequencing of SAMD00179238	transcriptome-41	28865354dea3e2e8390d2cc356e1494d	514253103	ftp.sra.ebi.ac.uk/vol1/fastq/DRR188/DRR188415/DRR188415.fastq.gz	ftp.sra.ebi.ac.uk/vol1/fastq/DRR188/DRR188415/DRR188415.fastq.gz	fasp.sra.ebi.ac.uk:/vol1/fastq/DRR188/DRR188415/DRR188415.fastq.gz
SAMD00179239	DRR188416	DRX178882	SAMD00179239	DRS182896	PRJDB8556	DRP007231		DRA008818	DRR188416	DRX178882	SAMD00179239	DRP007231	SINGLE	cDNA	TRANSCRIPTOMIC	RNA-Seq		Illumina HiSeq 2500	ILLUMINA	459352766	4992867	3702	Arabidopsis thaliana	transcriptome-42	Illumina HiSeq 2500 sequencing; Illumina HiSeq 2500 sequencing of SAMD00179239	Arabidopsis JMJ heat project	Illumina HiSeq 2500 sequencing; Illumina HiSeq 2500 sequencing of SAMD00179239	transcriptome-42	e30b12eafa16e0735666b29d94de29d3	413457310	ftp.sra.ebi.ac.uk/vol1/fastq/DRR188/DRR188416/DRR188416.fastq.gz	ftp.sra.ebi.ac.uk/vol1/fastq/DRR188/DRR188416/DRR188416.fastq.gz	fasp.sra.ebi.ac.uk:/vol1/fastq/DRR188/DRR188416/DRR188416.fastq.gz
SAMD00179240	DRR188417	DRX178883	SAMD00179240	DRS182897	PRJDB8556	DRP007231		DRA008818	DRR188417	DRX178883	SAMD00179240	DRP007231	SINGLE	cDNA	TRANSCRIPTOMIC	RNA-Seq		Illumina HiSeq 2500	ILLUMINA	560031714	6129584	3702	Arabidopsis thaliana	transcriptome-43	Illumina HiSeq 2500 sequencing; Illumina HiSeq 2500 sequencing of SAMD00179240	Arabidopsis JMJ heat project	Illumina HiSeq 2500 sequencing; Illumina HiSeq 2500 sequencing of SAMD00179240	transcriptome-43	97ac312d94a35c0b9df85db8b5bccd4b	497516951	ftp.sra.ebi.ac.uk/vol1/fastq/DRR188/DRR188417/DRR188417.fastq.gz	ftp.sra.ebi.ac.uk/vol1/fastq/DRR188/DRR188417/DRR188417.fastq.gz	fasp.sra.ebi.ac.uk:/vol1/fastq/DRR188/DRR188417/DRR188417.fastq.gz
SAMD00179241	DRR188418	DRX178884	SAMD00179241	DRS182898	PRJDB8556	DRP007231		DRA008818	DRR188418	DRX178884	SAMD00179241	DRP007231	SINGLE	cDNA	TRANSCRIPTOMIC	RNA-Seq		Illumina HiSeq 2500	ILLUMINA	236449885	2611438	3702	Arabidopsis thaliana	transcriptome-44	Illumina HiSeq 2500 sequencing; Illumina HiSeq 2500 sequencing of SAMD00179241	Arabidopsis JMJ heat project	Illumina HiSeq 2500 sequencing; Illumina HiSeq 2500 sequencing of SAMD00179241	transcriptome-44	ac1043957170b98d15202b36392e6c6a	213846235	ftp.sra.ebi.ac.uk/vol1/fastq/DRR188/DRR188418/DRR188418.fastq.gz	ftp.sra.ebi.ac.uk/vol1/fastq/DRR188/DRR188418/DRR188418.fastq.gz	fasp.sra.ebi.ac.uk:/vol1/fastq/DRR188/DRR188418/DRR188418.fastq.gz
SAMD00179242	DRR188419	DRX178885	SAMD00179242	DRS182899	PRJDB8556	DRP007231		DRA008818	DRR188419	DRX178885	SAMD00179242	DRP007231	SINGLE	cDNA	TRANSCRIPTOMIC	RNA-Seq		Illumina HiSeq 2500	ILLUMINA	148361456	1625779	3702	Arabidopsis thaliana	transcriptome-45	Illumina HiSeq 2500 sequencing; Illumina HiSeq 2500 sequencing of SAMD00179242	Arabidopsis JMJ heat project	Illumina HiSeq 2500 sequencing; Illumina HiSeq 2500 sequencing of SAMD00179242	transcriptome-45	5e42b4d11fb2c32d9822c571e3b5fc27	132691056	ftp.sra.ebi.ac.uk/vol1/fastq/DRR188/DRR188419/DRR188419.fastq.gz	ftp.sra.ebi.ac.uk/vol1/fastq/DRR188/DRR188419/DRR188419.fastq.gz	fasp.sra.ebi.ac.uk:/vol1/fastq/DRR188/DRR188419/DRR188419.fastq.gz
SAMD00179243	DRR188420	DRX178886	SAMD00179243	DRS182900	PRJDB8556	DRP007231		DRA008818	DRR188420	DRX178886	SAMD00179243	DRP007231	SINGLE	cDNA	TRANSCRIPTOMIC	RNA-Seq		Illumina HiSeq 2500	ILLUMINA	303540950	3336657	3702	Arabidopsis thaliana	transcriptome-46	Illumina HiSeq 2500 sequencing; Illumina HiSeq 2500 sequencing of SAMD00179243	Arabidopsis JMJ heat project	Illumina HiSeq 2500 sequencing; Illumina HiSeq 2500 sequencing of SAMD00179243	transcriptome-46	db5df84ab88d56d02d5bcc20384cb020	270199259	ftp.sra.ebi.ac.uk/vol1/fastq/DRR188/DRR188420/DRR188420.fastq.gz	ftp.sra.ebi.ac.uk/vol1/fastq/DRR188/DRR188420/DRR188420.fastq.gz	fasp.sra.ebi.ac.uk:/vol1/fastq/DRR188/DRR188420/DRR188420.fastq.gz
SAMD00179244	DRR188421	DRX178887	SAMD00179244	DRS182901	PRJDB8556	DRP007231		DRA008818	DRR188421	DRX178887	SAMD00179244	DRP007231	SINGLE	cDNA	TRANSCRIPTOMIC	RNA-Seq		Illumina HiSeq 2500	ILLUMINA	236220746	2597505	3702	Arabidopsis thaliana	transcriptome-47	Illumina HiSeq 2500 sequencing; Illumina HiSeq 2500 sequencing of SAMD00179244	Arabidopsis JMJ heat project	Illumina HiSeq 2500 sequencing; Illumina HiSeq 2500 sequencing of SAMD00179244	transcriptome-47	6bea817f1b7016d18dd7b5e1b0a9129d	209032232	ftp.sra.ebi.ac.uk/vol1/fastq/DRR188/DRR188421/DRR188421.fastq.gz	ftp.sra.ebi.ac.uk/vol1/fastq/DRR188/DRR188421/DRR188421.fastq.gz	fasp.sra.ebi.ac.uk:/vol1/fastq/DRR188/DRR188421/DRR188421.fastq.gz
SAMD00179245	DRR188422	DRX178888	SAMD00179245	DRS182902	PRJDB8556	DRP007231		DRA008818	DRR188422	DRX178888	SAMD00179245	DRP007231	SINGLE	cDNA	TRANSCRIPTOMIC	RNA-Seq		Illumina HiSeq 2500	ILLUMINA	250413639	2730608	3702	Arabidopsis thaliana	transcriptome-48	Illumina HiSeq 2500 sequencing; Illumina HiSeq 2500 sequencing of SAMD00179245	Arabidopsis JMJ heat project	Illumina HiSeq 2500 sequencing; Illumina HiSeq 2500 sequencing of SAMD00179245	transcriptome-48	fe6494b3075e83afc4542bee80b57f1c	223757721	ftp.sra.ebi.ac.uk/vol1/fastq/DRR188/DRR188422/DRR188422.fastq.gz	ftp.sra.ebi.ac.uk/vol1/fastq/DRR188/DRR188422/DRR188422.fastq.gz	fasp.sra.ebi.ac.uk:/vol1/fastq/DRR188/DRR188422/DRR188422.fastq.gz
SAMD00179246	DRR188423	DRX178889	SAMD00179246	DRS182903	PRJDB8556	DRP007231		DRA008818	DRR188423	DRX178889	SAMD00179246	DRP007231	SINGLE	cDNA	TRANSCRIPTOMIC	RNA-Seq		Illumina HiSeq 2500	ILLUMINA	454048280	4907732	3702	Arabidopsis thaliana	transcriptome-49	Illumina HiSeq 2500 sequencing; Illumina HiSeq 2500 sequencing of SAMD00179246	Arabidopsis JMJ heat project	Illumina HiSeq 2500 sequencing; Illumina HiSeq 2500 sequencing of SAMD00179246	transcriptome-49	5679e0b508402a22186c1a8915ff2991	405225739	ftp.sra.ebi.ac.uk/vol1/fastq/DRR188/DRR188423/DRR188423.fastq.gz	ftp.sra.ebi.ac.uk/vol1/fastq/DRR188/DRR188423/DRR188423.fastq.gz	fasp.sra.ebi.ac.uk:/vol1/fastq/DRR188/DRR188423/DRR188423.fastq.gz
SAMD00179247	DRR188424	DRX178890	SAMD00179247	DRS182904	PRJDB8556	DRP007231		DRA008818	DRR188424	DRX178890	SAMD00179247	DRP007231	SINGLE	cDNA	TRANSCRIPTOMIC	RNA-Seq		Illumina HiSeq 2500	ILLUMINA	429604008	4674674	3702	Arabidopsis thaliana	transcriptome-50	Illumina HiSeq 2500 sequencing; Illumina HiSeq 2500 sequencing of SAMD00179247	Arabidopsis JMJ heat project	Illumina HiSeq 2500 sequencing; Illumina HiSeq 2500 sequencing of SAMD00179247	transcriptome-50	f4c8944e34dd74d35e8f4fa1a4ecfdf6	386297267	ftp.sra.ebi.ac.uk/vol1/fastq/DRR188/DRR188424/DRR188424.fastq.gz	ftp.sra.ebi.ac.uk/vol1/fastq/DRR188/DRR188424/DRR188424.fastq.gz	fasp.sra.ebi.ac.uk:/vol1/fastq/DRR188/DRR188424/DRR188424.fastq.gz
SAMD00179248	DRR188425	DRX178891	SAMD00179248	DRS182905	PRJDB8556	DRP007231		DRA008818	DRR188425	DRX178891	SAMD00179248	DRP007231	SINGLE	cDNA	TRANSCRIPTOMIC	RNA-Seq		Illumina HiSeq 2500	ILLUMINA	437856646	4772177	3702	Arabidopsis thaliana	transcriptome-51	Illumina HiSeq 2500 sequencing; Illumina HiSeq 2500 sequencing of SAMD00179248	Arabidopsis JMJ heat project	Illumina HiSeq 2500 sequencing; Illumina HiSeq 2500 sequencing of SAMD00179248	transcriptome-51	6766cde045ab3706bd0d32a3a14a28eb	398962244	ftp.sra.ebi.ac.uk/vol1/fastq/DRR188/DRR188425/DRR188425.fastq.gz	ftp.sra.ebi.ac.uk/vol1/fastq/DRR188/DRR188425/DRR188425.fastq.gz	fasp.sra.ebi.ac.uk:/vol1/fastq/DRR188/DRR188425/DRR188425.fastq.gz
SAMD00179249	DRR188426	DRX178892	SAMD00179249	DRS182906	PRJDB8556	DRP007231		DRA008818	DRR188426	DRX178892	SAMD00179249	DRP007231	SINGLE	cDNA	TRANSCRIPTOMIC	RNA-Seq		Illumina HiSeq 2500	ILLUMINA	276543102	2997657	3702	Arabidopsis thaliana	transcriptome-52	Illumina HiSeq 2500 sequencing; Illumina HiSeq 2500 sequencing of SAMD00179249	Arabidopsis JMJ heat project	Illumina HiSeq 2500 sequencing; Illumina HiSeq 2500 sequencing of SAMD00179249	transcriptome-52	b1042ab3423c433055dee79b34cd1fee	246311051	ftp.sra.ebi.ac.uk/vol1/fastq/DRR188/DRR188426/DRR188426.fastq.gz	ftp.sra.ebi.ac.uk/vol1/fastq/DRR188/DRR188426/DRR188426.fastq.gz	fasp.sra.ebi.ac.uk:/vol1/fastq/DRR188/DRR188426/DRR188426.fastq.gz
SAMD00179250	DRR188427	DRX178893	SAMD00179250	DRS182907	PRJDB8556	DRP007231		DRA008818	DRR188427	DRX178893	SAMD00179250	DRP007231	SINGLE	cDNA	TRANSCRIPTOMIC	RNA-Seq		Illumina HiSeq 2500	ILLUMINA	255034518	2768795	3702	Arabidopsis thaliana	transcriptome-53	Illumina HiSeq 2500 sequencing; Illumina HiSeq 2500 sequencing of SAMD00179250	Arabidopsis JMJ heat project	Illumina HiSeq 2500 sequencing; Illumina HiSeq 2500 sequencing of SAMD00179250	transcriptome-53	c2a1dd0a4798c8233d757ccb384e1cf5	230156211	ftp.sra.ebi.ac.uk/vol1/fastq/DRR188/DRR188427/DRR188427.fastq.gz	ftp.sra.ebi.ac.uk/vol1/fastq/DRR188/DRR188427/DRR188427.fastq.gz	fasp.sra.ebi.ac.uk:/vol1/fastq/DRR188/DRR188427/DRR188427.fastq.gz
SAMD00179251	DRR188428	DRX178894	SAMD00179251	DRS182908	PRJDB8556	DRP007231		DRA008818	DRR188428	DRX178894	SAMD00179251	DRP007231	SINGLE	cDNA	TRANSCRIPTOMIC	RNA-Seq		Illumina HiSeq 2500	ILLUMINA	282488330	3060875	3702	Arabidopsis thaliana	transcriptome-54	Illumina HiSeq 2500 sequencing; Illumina HiSeq 2500 sequencing of SAMD00179251	Arabidopsis JMJ heat project	Illumina HiSeq 2500 sequencing; Illumina HiSeq 2500 sequencing of SAMD00179251	transcriptome-54	75da538bdd643b48fb55cf468924323f	253582135	ftp.sra.ebi.ac.uk/vol1/fastq/DRR188/DRR188428/DRR188428.fastq.gz	ftp.sra.ebi.ac.uk/vol1/fastq/DRR188/DRR188428/DRR188428.fastq.gz	fasp.sra.ebi.ac.uk:/vol1/fastq/DRR188/DRR188428/DRR188428.fastq.gz
SAMD00179252	DRR188429	DRX178895	SAMD00179252	DRS182909	PRJDB8556	DRP007231		DRA008818	DRR188429	DRX178895	SAMD00179252	DRP007231	SINGLE	cDNA	TRANSCRIPTOMIC	RNA-Seq		Illumina HiSeq 2500	ILLUMINA	521346675	5687950	3702	Arabidopsis thaliana	transcriptome-55	Illumina HiSeq 2500 sequencing; Illumina HiSeq 2500 sequencing of SAMD00179252	Arabidopsis JMJ heat project	Illumina HiSeq 2500 sequencing; Illumina HiSeq 2500 sequencing of SAMD00179252	transcriptome-55	fa194d264a4673be728b5ecb15df042b	466474306	ftp.sra.ebi.ac.uk/vol1/fastq/DRR188/DRR188429/DRR188429.fastq.gz	ftp.sra.ebi.ac.uk/vol1/fastq/DRR188/DRR188429/DRR188429.fastq.gz	fasp.sra.ebi.ac.uk:/vol1/fastq/DRR188/DRR188429/DRR188429.fastq.gz
SAMD00179253	DRR188430	DRX178896	SAMD00179253	DRS182910	PRJDB8556	DRP007231		DRA008818	DRR188430	DRX178896	SAMD00179253	DRP007231	SINGLE	cDNA	TRANSCRIPTOMIC	RNA-Seq		Illumina HiSeq 2500	ILLUMINA	837756362	9028368	3702	Arabidopsis thaliana	transcriptome-56	Illumina HiSeq 2500 sequencing; Illumina HiSeq 2500 sequencing of SAMD00179253	Arabidopsis JMJ heat project	Illumina HiSeq 2500 sequencing; Illumina HiSeq 2500 sequencing of SAMD00179253	transcriptome-56	7908baa51f80548f519a394998bd134e	754718416	ftp.sra.ebi.ac.uk/vol1/fastq/DRR188/DRR188430/DRR188430.fastq.gz	ftp.sra.ebi.ac.uk/vol1/fastq/DRR188/DRR188430/DRR188430.fastq.gz	fasp.sra.ebi.ac.uk:/vol1/fastq/DRR188/DRR188430/DRR188430.fastq.gz
SAMD00179254	DRR188431	DRX178897	SAMD00179254	DRS182911	PRJDB8556	DRP007231		DRA008818	DRR188431	DRX178897	SAMD00179254	DRP007231	SINGLE	cDNA	TRANSCRIPTOMIC	RNA-Seq		Illumina HiSeq 2500	ILLUMINA	688073384	7378654	3702	Arabidopsis thaliana	transcriptome-57	Illumina HiSeq 2500 sequencing; Illumina HiSeq 2500 sequencing of SAMD00179254	Arabidopsis JMJ heat project	Illumina HiSeq 2500 sequencing; Illumina HiSeq 2500 sequencing of SAMD00179254	transcriptome-57	b870189d1ceeb1cef7ca89c06f16d4f6	616837438	ftp.sra.ebi.ac.uk/vol1/fastq/DRR188/DRR188431/DRR188431.fastq.gz	ftp.sra.ebi.ac.uk/vol1/fastq/DRR188/DRR188431/DRR188431.fastq.gz	fasp.sra.ebi.ac.uk:/vol1/fastq/DRR188/DRR188431/DRR188431.fastq.gz
SAMD00179255	DRR188432	DRX178898	SAMD00179255	DRS182912	PRJDB8556	DRP007231		DRA008818	DRR188432	DRX178898	SAMD00179255	DRP007231	SINGLE	cDNA	TRANSCRIPTOMIC	RNA-Seq		Illumina HiSeq 2500	ILLUMINA	603904353	6502186	3702	Arabidopsis thaliana	transcriptome-58	Illumina HiSeq 2500 sequencing; Illumina HiSeq 2500 sequencing of SAMD00179255	Arabidopsis JMJ heat project	Illumina HiSeq 2500 sequencing; Illumina HiSeq 2500 sequencing of SAMD00179255	transcriptome-58	f72253bee233b65b859190c2e2c00e78	544880420	ftp.sra.ebi.ac.uk/vol1/fastq/DRR188/DRR188432/DRR188432.fastq.gz	ftp.sra.ebi.ac.uk/vol1/fastq/DRR188/DRR188432/DRR188432.fastq.gz	fasp.sra.ebi.ac.uk:/vol1/fastq/DRR188/DRR188432/DRR188432.fastq.gz
SAMD00179256	DRR188433	DRX178899	SAMD00179256	DRS182913	PRJDB8556	DRP007231		DRA008818	DRR188433	DRX178899	SAMD00179256	DRP007231	SINGLE	cDNA	TRANSCRIPTOMIC	RNA-Seq		Illumina HiSeq 2500	ILLUMINA	256568631	2789241	3702	Arabidopsis thaliana	transcriptome-59	Illumina HiSeq 2500 sequencing; Illumina HiSeq 2500 sequencing of SAMD00179256	Arabidopsis JMJ heat project	Illumina HiSeq 2500 sequencing; Illumina HiSeq 2500 sequencing of SAMD00179256	transcriptome-59	62f9851431ae18ae480d6260a66110d3	231059703	ftp.sra.ebi.ac.uk/vol1/fastq/DRR188/DRR188433/DRR188433.fastq.gz	ftp.sra.ebi.ac.uk/vol1/fastq/DRR188/DRR188433/DRR188433.fastq.gz	fasp.sra.ebi.ac.uk:/vol1/fastq/DRR188/DRR188433/DRR188433.fastq.gz
SAMD00179257	DRR188434	DRX178900	SAMD00179257	DRS182914	PRJDB8556	DRP007231		DRA008818	DRR188434	DRX178900	SAMD00179257	DRP007231	SINGLE	cDNA	TRANSCRIPTOMIC	RNA-Seq		Illumina HiSeq 2500	ILLUMINA	415275316	4491615	3702	Arabidopsis thaliana	transcriptome-60	Illumina HiSeq 2500 sequencing; Illumina HiSeq 2500 sequencing of SAMD00179257	Arabidopsis JMJ heat project	Illumina HiSeq 2500 sequencing; Illumina HiSeq 2500 sequencing of SAMD00179257	transcriptome-60	8671aa1e6b034782482f1256b5d88153	372440501	ftp.sra.ebi.ac.uk/vol1/fastq/DRR188/DRR188434/DRR188434.fastq.gz	ftp.sra.ebi.ac.uk/vol1/fastq/DRR188/DRR188434/DRR188434.fastq.gz	fasp.sra.ebi.ac.uk:/vol1/fastq/DRR188/DRR188434/DRR188434.fastq.gz
