SAMD00045317	DRR051751	DRX046643	SAMD00045317	DRS246254	PRJDB4489	DRP008771	PRJNA9506	DRA004299	DRR051751	DRX046643	SAMD00045317	DRP008771	SINGLE	RANDOM	TRANSCRIPTOMIC	RNA-Seq		Illumina HiSeq 2500	ILLUMINA	635395800.0	12707916.0	3702	Arabidopsis thaliana	WT_Control_Salt 0_Rep1	Illumina HiSeq 2500 sequencing; Illumina HiSeq 2500 sequencing of SAMD00045317	RNA-seq analysis for transcriptome changes during Pep1-induced salt tolerance in Arabidopsis	Illumina HiSeq 2500 sequencing; Illumina HiSeq 2500 sequencing of SAMD00045317	Five-day-old seedlings mock-treated for 3 days	d821dcaa49fb5f8fabec9d957551861b	553992342	ftp.sra.ebi.ac.uk/vol1/fastq/DRR051/DRR051751/DRR051751.fastq.gz	ftp.sra.ebi.ac.uk/vol1/fastq/DRR051/DRR051751/DRR051751.fastq.gz	fasp.sra.ebi.ac.uk:/vol1/fastq/DRR051/DRR051751/DRR051751.fastq.gz
SAMD00045318	DRR051752	DRX046644	SAMD00045318	DRS246255	PRJDB4489	DRP008771	PRJNA9506	DRA004299	DRR051752	DRX046644	SAMD00045318	DRP008771	SINGLE	RANDOM	TRANSCRIPTOMIC	RNA-Seq		Illumina HiSeq 2500	ILLUMINA	619997850.0	12399957.0	3702	Arabidopsis thaliana	WT_Control_Salt 0_Rep2	Illumina HiSeq 2500 sequencing; Illumina HiSeq 2500 sequencing of SAMD00045318	RNA-seq analysis for transcriptome changes during Pep1-induced salt tolerance in Arabidopsis	Illumina HiSeq 2500 sequencing; Illumina HiSeq 2500 sequencing of SAMD00045318	Five-day-old seedlings mock-treated for 3 days	2cbba04d1b37cdd8fadfac75aa70d194	540935660	ftp.sra.ebi.ac.uk/vol1/fastq/DRR051/DRR051752/DRR051752.fastq.gz	ftp.sra.ebi.ac.uk/vol1/fastq/DRR051/DRR051752/DRR051752.fastq.gz	fasp.sra.ebi.ac.uk:/vol1/fastq/DRR051/DRR051752/DRR051752.fastq.gz
SAMD00045319	DRR051753	DRX046645	SAMD00045319	DRS246256	PRJDB4489	DRP008771	PRJNA9506	DRA004299	DRR051753	DRX046645	SAMD00045319	DRP008771	SINGLE	RANDOM	TRANSCRIPTOMIC	RNA-Seq		Illumina HiSeq 2500	ILLUMINA	1180755900.0	23615118.0	3702	Arabidopsis thaliana	WT_Control_Salt 0_Rep3	Illumina HiSeq 2500 sequencing; Illumina HiSeq 2500 sequencing of SAMD00045319	RNA-seq analysis for transcriptome changes during Pep1-induced salt tolerance in Arabidopsis	Illumina HiSeq 2500 sequencing; Illumina HiSeq 2500 sequencing of SAMD00045319	Five-day-old seedlings mock-treated for 3 days	02073460748c3d5356e83fea300e9e10	1035074055	ftp.sra.ebi.ac.uk/vol1/fastq/DRR051/DRR051753/DRR051753.fastq.gz	ftp.sra.ebi.ac.uk/vol1/fastq/DRR051/DRR051753/DRR051753.fastq.gz	fasp.sra.ebi.ac.uk:/vol1/fastq/DRR051/DRR051753/DRR051753.fastq.gz
SAMD00045320	DRR051754	DRX046646	SAMD00045320	DRS246257	PRJDB4489	DRP008771	PRJNA9506	DRA004299	DRR051754	DRX046646	SAMD00045320	DRP008771	SINGLE	RANDOM	TRANSCRIPTOMIC	RNA-Seq		Illumina HiSeq 2500	ILLUMINA	648013550.0	12960271.0	3702	Arabidopsis thaliana	WT_Pep1_Salt 0_Rep1	Illumina HiSeq 2500 sequencing; Illumina HiSeq 2500 sequencing of SAMD00045320	RNA-seq analysis for transcriptome changes during Pep1-induced salt tolerance in Arabidopsis	Illumina HiSeq 2500 sequencing; Illumina HiSeq 2500 sequencing of SAMD00045320	Five-day-old seedlings treated with 0.1 micromolar Pep1 for 3 days	61c447ead70e811529be9cf6609e0743	564934905	ftp.sra.ebi.ac.uk/vol1/fastq/DRR051/DRR051754/DRR051754.fastq.gz	ftp.sra.ebi.ac.uk/vol1/fastq/DRR051/DRR051754/DRR051754.fastq.gz	fasp.sra.ebi.ac.uk:/vol1/fastq/DRR051/DRR051754/DRR051754.fastq.gz
SAMD00045321	DRR051755	DRX046647	SAMD00045321	DRS246258	PRJDB4489	DRP008771	PRJNA9506	DRA004299	DRR051755	DRX046647	SAMD00045321	DRP008771	SINGLE	RANDOM	TRANSCRIPTOMIC	RNA-Seq		Illumina HiSeq 2500	ILLUMINA	689721450.0	13794429.0	3702	Arabidopsis thaliana	WT_Pep1_Salt 0_Rep2	Illumina HiSeq 2500 sequencing; Illumina HiSeq 2500 sequencing of SAMD00045321	RNA-seq analysis for transcriptome changes during Pep1-induced salt tolerance in Arabidopsis	Illumina HiSeq 2500 sequencing; Illumina HiSeq 2500 sequencing of SAMD00045321	Five-day-old seedlings treated with 0.1 micromolar Pep1 for 3 days	2da860f71afff95a619f6bde30de74c2	600473919	ftp.sra.ebi.ac.uk/vol1/fastq/DRR051/DRR051755/DRR051755.fastq.gz	ftp.sra.ebi.ac.uk/vol1/fastq/DRR051/DRR051755/DRR051755.fastq.gz	fasp.sra.ebi.ac.uk:/vol1/fastq/DRR051/DRR051755/DRR051755.fastq.gz
SAMD00045322	DRR051756	DRX046648	SAMD00045322	DRS246259	PRJDB4489	DRP008771	PRJNA9506	DRA004299	DRR051756	DRX046648	SAMD00045322	DRP008771	SINGLE	RANDOM	TRANSCRIPTOMIC	RNA-Seq		Illumina HiSeq 2500	ILLUMINA	739945150.0	14798903.0	3702	Arabidopsis thaliana	WT_Pep1_Salt 0_Rep3	Illumina HiSeq 2500 sequencing; Illumina HiSeq 2500 sequencing of SAMD00045322	RNA-seq analysis for transcriptome changes during Pep1-induced salt tolerance in Arabidopsis	Illumina HiSeq 2500 sequencing; Illumina HiSeq 2500 sequencing of SAMD00045322	Five-day-old seedlings treated with 0.1 micromolar Pep1 for 3 days	5362fb8e54e61b4083b37048fdddfca8	646091180	ftp.sra.ebi.ac.uk/vol1/fastq/DRR051/DRR051756/DRR051756.fastq.gz	ftp.sra.ebi.ac.uk/vol1/fastq/DRR051/DRR051756/DRR051756.fastq.gz	fasp.sra.ebi.ac.uk:/vol1/fastq/DRR051/DRR051756/DRR051756.fastq.gz
SAMD00045323	DRR051757	DRX046649	SAMD00045323	DRS246260	PRJDB4489	DRP008771	PRJNA9506	DRA004299	DRR051757	DRX046649	SAMD00045323	DRP008771	SINGLE	RANDOM	TRANSCRIPTOMIC	RNA-Seq		Illumina HiSeq 2500	ILLUMINA	678987200.0	13579744.0	3702	Arabidopsis thaliana	pepr1 pepr2_Control_Salt 0_Rep1	Illumina HiSeq 2500 sequencing; Illumina HiSeq 2500 sequencing of SAMD00045323	RNA-seq analysis for transcriptome changes during Pep1-induced salt tolerance in Arabidopsis	Illumina HiSeq 2500 sequencing; Illumina HiSeq 2500 sequencing of SAMD00045323	Five-day-old seedlings mock-treated for 3 days	1baff4475e1cbb4cdd8bef6b5d105070	591892004	ftp.sra.ebi.ac.uk/vol1/fastq/DRR051/DRR051757/DRR051757.fastq.gz	ftp.sra.ebi.ac.uk/vol1/fastq/DRR051/DRR051757/DRR051757.fastq.gz	fasp.sra.ebi.ac.uk:/vol1/fastq/DRR051/DRR051757/DRR051757.fastq.gz
SAMD00045324	DRR051758	DRX046650	SAMD00045324	DRS246261	PRJDB4489	DRP008771	PRJNA9506	DRA004299	DRR051758	DRX046650	SAMD00045324	DRP008771	SINGLE	RANDOM	TRANSCRIPTOMIC	RNA-Seq		Illumina HiSeq 2500	ILLUMINA	742391900.0	14847838.0	3702	Arabidopsis thaliana	pepr1 pepr2_Control_Salt 0_Rep2	Illumina HiSeq 2500 sequencing; Illumina HiSeq 2500 sequencing of SAMD00045324	RNA-seq analysis for transcriptome changes during Pep1-induced salt tolerance in Arabidopsis	Illumina HiSeq 2500 sequencing; Illumina HiSeq 2500 sequencing of SAMD00045324	Five-day-old seedlings mock-treated for 3 days	889c0ed18a91752d086812de9f879903	646281520	ftp.sra.ebi.ac.uk/vol1/fastq/DRR051/DRR051758/DRR051758.fastq.gz	ftp.sra.ebi.ac.uk/vol1/fastq/DRR051/DRR051758/DRR051758.fastq.gz	fasp.sra.ebi.ac.uk:/vol1/fastq/DRR051/DRR051758/DRR051758.fastq.gz
SAMD00045325	DRR051759	DRX046651	SAMD00045325	DRS246262	PRJDB4489	DRP008771	PRJNA9506	DRA004299	DRR051759	DRX046651	SAMD00045325	DRP008771	SINGLE	RANDOM	TRANSCRIPTOMIC	RNA-Seq		Illumina HiSeq 2500	ILLUMINA	663985150.0	13279703.0	3702	Arabidopsis thaliana	pepr1 pepr2_Control_Salt 0_Rep3	Illumina HiSeq 2500 sequencing; Illumina HiSeq 2500 sequencing of SAMD00045325	RNA-seq analysis for transcriptome changes during Pep1-induced salt tolerance in Arabidopsis	Illumina HiSeq 2500 sequencing; Illumina HiSeq 2500 sequencing of SAMD00045325	Five-day-old seedlings mock-treated for 3 days	b44c57e9e7443060951fc54c9f49a8e3	577998556	ftp.sra.ebi.ac.uk/vol1/fastq/DRR051/DRR051759/DRR051759.fastq.gz	ftp.sra.ebi.ac.uk/vol1/fastq/DRR051/DRR051759/DRR051759.fastq.gz	fasp.sra.ebi.ac.uk:/vol1/fastq/DRR051/DRR051759/DRR051759.fastq.gz
SAMD00045326	DRR051760	DRX046652	SAMD00045326	DRS246263	PRJDB4489	DRP008771	PRJNA9506	DRA004299	DRR051760	DRX046652	SAMD00045326	DRP008771	SINGLE	RANDOM	TRANSCRIPTOMIC	RNA-Seq		Illumina HiSeq 2500	ILLUMINA	703464350.0	14069287.0	3702	Arabidopsis thaliana	pepr1 pepr2_Pep1_Salt 0_Rep1	Illumina HiSeq 2500 sequencing; Illumina HiSeq 2500 sequencing of SAMD00045326	RNA-seq analysis for transcriptome changes during Pep1-induced salt tolerance in Arabidopsis	Illumina HiSeq 2500 sequencing; Illumina HiSeq 2500 sequencing of SAMD00045326	Five-day-old seedlings treated with 0.1 micromolar Pep1 for 3 days	8bf4af7e4e2d00ef1703928c33ae92f3	613577992	ftp.sra.ebi.ac.uk/vol1/fastq/DRR051/DRR051760/DRR051760.fastq.gz	ftp.sra.ebi.ac.uk/vol1/fastq/DRR051/DRR051760/DRR051760.fastq.gz	fasp.sra.ebi.ac.uk:/vol1/fastq/DRR051/DRR051760/DRR051760.fastq.gz
SAMD00045327	DRR051761	DRX046653	SAMD00045327	DRS246264	PRJDB4489	DRP008771	PRJNA9506	DRA004299	DRR051761	DRX046653	SAMD00045327	DRP008771	SINGLE	RANDOM	TRANSCRIPTOMIC	RNA-Seq		Illumina HiSeq 2500	ILLUMINA	615523750.0	12310475.0	3702	Arabidopsis thaliana	pepr1 pepr2_Pep1_Salt 0_Rep2	Illumina HiSeq 2500 sequencing; Illumina HiSeq 2500 sequencing of SAMD00045327	RNA-seq analysis for transcriptome changes during Pep1-induced salt tolerance in Arabidopsis	Illumina HiSeq 2500 sequencing; Illumina HiSeq 2500 sequencing of SAMD00045327	Five-day-old seedlings treated with 0.1 micromolar Pep1 for 3 days	944da6f11723686f842880bebd1520c5	534410840	ftp.sra.ebi.ac.uk/vol1/fastq/DRR051/DRR051761/DRR051761.fastq.gz	ftp.sra.ebi.ac.uk/vol1/fastq/DRR051/DRR051761/DRR051761.fastq.gz	fasp.sra.ebi.ac.uk:/vol1/fastq/DRR051/DRR051761/DRR051761.fastq.gz
SAMD00045328	DRR051762	DRX046654	SAMD00045328	DRS246265	PRJDB4489	DRP008771	PRJNA9506	DRA004299	DRR051762	DRX046654	SAMD00045328	DRP008771	SINGLE	RANDOM	TRANSCRIPTOMIC	RNA-Seq		Illumina HiSeq 2500	ILLUMINA	646509100.0	12930182.0	3702	Arabidopsis thaliana	pepr1 pepr2_Pep1_Salt 0_Rep3	Illumina HiSeq 2500 sequencing; Illumina HiSeq 2500 sequencing of SAMD00045328	RNA-seq analysis for transcriptome changes during Pep1-induced salt tolerance in Arabidopsis	Illumina HiSeq 2500 sequencing; Illumina HiSeq 2500 sequencing of SAMD00045328	Five-day-old seedlings treated with 0.1 micromolar Pep1 for 3 days	a1db18136daab0f74b5504a9a3c4b3f8	559047478	ftp.sra.ebi.ac.uk/vol1/fastq/DRR051/DRR051762/DRR051762.fastq.gz	ftp.sra.ebi.ac.uk/vol1/fastq/DRR051/DRR051762/DRR051762.fastq.gz	fasp.sra.ebi.ac.uk:/vol1/fastq/DRR051/DRR051762/DRR051762.fastq.gz
SAMD00045329	DRR051763	DRX046655	SAMD00045329	DRS246266	PRJDB4489	DRP008771	PRJNA9506	DRA004299	DRR051763	DRX046655	SAMD00045329	DRP008771	SINGLE	RANDOM	TRANSCRIPTOMIC	RNA-Seq		Illumina HiSeq 2500	ILLUMINA	618551900.0	12371038.0	3702	Arabidopsis thaliana	WT_Control_Salt 3h_Rep1	Illumina HiSeq 2500 sequencing; Illumina HiSeq 2500 sequencing of SAMD00045329	RNA-seq analysis for transcriptome changes during Pep1-induced salt tolerance in Arabidopsis	Illumina HiSeq 2500 sequencing; Illumina HiSeq 2500 sequencing of SAMD00045329	Five-day-old seedlings mock-treated for 3 days before their exposure to 150 mM NaCl for 3 h	efdc0108ccc4dff3ac6c95335d4d96a6	538826852	ftp.sra.ebi.ac.uk/vol1/fastq/DRR051/DRR051763/DRR051763.fastq.gz	ftp.sra.ebi.ac.uk/vol1/fastq/DRR051/DRR051763/DRR051763.fastq.gz	fasp.sra.ebi.ac.uk:/vol1/fastq/DRR051/DRR051763/DRR051763.fastq.gz
SAMD00045330	DRR051764	DRX046656	SAMD00045330	DRS246267	PRJDB4489	DRP008771	PRJNA9506	DRA004299	DRR051764	DRX046656	SAMD00045330	DRP008771	SINGLE	RANDOM	TRANSCRIPTOMIC	RNA-Seq		Illumina HiSeq 2500	ILLUMINA	687926700.0	13758534.0	3702	Arabidopsis thaliana	WT_Control_Salt 3h_Rep2	Illumina HiSeq 2500 sequencing; Illumina HiSeq 2500 sequencing of SAMD00045330	RNA-seq analysis for transcriptome changes during Pep1-induced salt tolerance in Arabidopsis	Illumina HiSeq 2500 sequencing; Illumina HiSeq 2500 sequencing of SAMD00045330	Five-day-old seedlings mock-treated for 3 days before their exposure to 150 mM NaCl for 3 h	f1cc70f974aafab70dc64b738f4b8a36	600388566	ftp.sra.ebi.ac.uk/vol1/fastq/DRR051/DRR051764/DRR051764.fastq.gz	ftp.sra.ebi.ac.uk/vol1/fastq/DRR051/DRR051764/DRR051764.fastq.gz	fasp.sra.ebi.ac.uk:/vol1/fastq/DRR051/DRR051764/DRR051764.fastq.gz
SAMD00045331	DRR051765	DRX046657	SAMD00045331	DRS246268	PRJDB4489	DRP008771	PRJNA9506	DRA004299	DRR051765	DRX046657	SAMD00045331	DRP008771	SINGLE	RANDOM	TRANSCRIPTOMIC	RNA-Seq		Illumina HiSeq 2500	ILLUMINA	718918250.0	14378365.0	3702	Arabidopsis thaliana	WT_Control_Salt 3h_Rep3	Illumina HiSeq 2500 sequencing; Illumina HiSeq 2500 sequencing of SAMD00045331	RNA-seq analysis for transcriptome changes during Pep1-induced salt tolerance in Arabidopsis	Illumina HiSeq 2500 sequencing; Illumina HiSeq 2500 sequencing of SAMD00045331	Five-day-old seedlings mock-treated for 3 days before their exposure to 150 mM NaCl for 3 h	5eec4832251add75bdf904827f469fbc	626620613	ftp.sra.ebi.ac.uk/vol1/fastq/DRR051/DRR051765/DRR051765.fastq.gz	ftp.sra.ebi.ac.uk/vol1/fastq/DRR051/DRR051765/DRR051765.fastq.gz	fasp.sra.ebi.ac.uk:/vol1/fastq/DRR051/DRR051765/DRR051765.fastq.gz
SAMD00045332	DRR051766	DRX046658	SAMD00045332	DRS246269	PRJDB4489	DRP008771	PRJNA9506	DRA004299	DRR051766	DRX046658	SAMD00045332	DRP008771	SINGLE	RANDOM	TRANSCRIPTOMIC	RNA-Seq		Illumina HiSeq 2500	ILLUMINA	673272700.0	13465454.0	3702	Arabidopsis thaliana	WT_Pep1_Salt 3h_Rep1	Illumina HiSeq 2500 sequencing; Illumina HiSeq 2500 sequencing of SAMD00045332	RNA-seq analysis for transcriptome changes during Pep1-induced salt tolerance in Arabidopsis	Illumina HiSeq 2500 sequencing; Illumina HiSeq 2500 sequencing of SAMD00045332	Five-day-old seedlings treated with 0.1 micromolar Pep1 for 3 days before their exposure to 150 mM NaCl for 3 h	e0c484e9c30b56b7ec399d3fdcdbdda4	591756540	ftp.sra.ebi.ac.uk/vol1/fastq/DRR051/DRR051766/DRR051766.fastq.gz	ftp.sra.ebi.ac.uk/vol1/fastq/DRR051/DRR051766/DRR051766.fastq.gz	fasp.sra.ebi.ac.uk:/vol1/fastq/DRR051/DRR051766/DRR051766.fastq.gz
SAMD00045333	DRR051767	DRX046659	SAMD00045333	DRS246270	PRJDB4489	DRP008771	PRJNA9506	DRA004299	DRR051767	DRX046659	SAMD00045333	DRP008771	SINGLE	RANDOM	TRANSCRIPTOMIC	RNA-Seq		Illumina HiSeq 2500	ILLUMINA	721140800.0	14422816.0	3702	Arabidopsis thaliana	WT_Pep1_Salt 3h_Rep2	Illumina HiSeq 2500 sequencing; Illumina HiSeq 2500 sequencing of SAMD00045333	RNA-seq analysis for transcriptome changes during Pep1-induced salt tolerance in Arabidopsis	Illumina HiSeq 2500 sequencing; Illumina HiSeq 2500 sequencing of SAMD00045333	Five-day-old seedlings treated with 0.1 micromolar Pep1 for 3 days before their exposure to 150 mM NaCl for 3 h	08d5c5910c7d89e56c727a4c925666f5	632804178	ftp.sra.ebi.ac.uk/vol1/fastq/DRR051/DRR051767/DRR051767.fastq.gz	ftp.sra.ebi.ac.uk/vol1/fastq/DRR051/DRR051767/DRR051767.fastq.gz	fasp.sra.ebi.ac.uk:/vol1/fastq/DRR051/DRR051767/DRR051767.fastq.gz
SAMD00045334	DRR051768	DRX046660	SAMD00045334	DRS246271	PRJDB4489	DRP008771	PRJNA9506	DRA004299	DRR051768	DRX046660	SAMD00045334	DRP008771	SINGLE	RANDOM	TRANSCRIPTOMIC	RNA-Seq		Illumina HiSeq 2500	ILLUMINA	652195350.0	13043907.0	3702	Arabidopsis thaliana	WT_Pep1_Salt 3h_Rep3	Illumina HiSeq 2500 sequencing; Illumina HiSeq 2500 sequencing of SAMD00045334	RNA-seq analysis for transcriptome changes during Pep1-induced salt tolerance in Arabidopsis	Illumina HiSeq 2500 sequencing; Illumina HiSeq 2500 sequencing of SAMD00045334	Five-day-old seedlings treated with 0.1 micromolar Pep1 for 3 days before their exposure to 150 mM NaCl for 3 h	b7043891863987ae9037e97e9babfcfd	568986110	ftp.sra.ebi.ac.uk/vol1/fastq/DRR051/DRR051768/DRR051768.fastq.gz	ftp.sra.ebi.ac.uk/vol1/fastq/DRR051/DRR051768/DRR051768.fastq.gz	fasp.sra.ebi.ac.uk:/vol1/fastq/DRR051/DRR051768/DRR051768.fastq.gz
SAMD00045335	DRR051769	DRX046661	SAMD00045335	DRS246272	PRJDB4489	DRP008771	PRJNA9506	DRA004299	DRR051769	DRX046661	SAMD00045335	DRP008771	SINGLE	RANDOM	TRANSCRIPTOMIC	RNA-Seq		Illumina HiSeq 2500	ILLUMINA	614719350.0	12294387.0	3702	Arabidopsis thaliana	pepr1 pepr2_Control_Salt 3h_Rep1	Illumina HiSeq 2500 sequencing; Illumina HiSeq 2500 sequencing of SAMD00045335	RNA-seq analysis for transcriptome changes during Pep1-induced salt tolerance in Arabidopsis	Illumina HiSeq 2500 sequencing; Illumina HiSeq 2500 sequencing of SAMD00045335	Five-day-old seedlings mock-treated for 3 days before their exposure to 150 mM NaCl for 3 h	1fb3858367b17f9bf18dfdc7376894dd	525596814	ftp.sra.ebi.ac.uk/vol1/fastq/DRR051/DRR051769/DRR051769.fastq.gz	ftp.sra.ebi.ac.uk/vol1/fastq/DRR051/DRR051769/DRR051769.fastq.gz	fasp.sra.ebi.ac.uk:/vol1/fastq/DRR051/DRR051769/DRR051769.fastq.gz
SAMD00045336	DRR051770	DRX046662	SAMD00045336	DRS246273	PRJDB4489	DRP008771	PRJNA9506	DRA004299	DRR051770	DRX046662	SAMD00045336	DRP008771	SINGLE	RANDOM	TRANSCRIPTOMIC	RNA-Seq		Illumina HiSeq 2500	ILLUMINA	678064750.0	13561295.0	3702	Arabidopsis thaliana	pepr1 pepr2_Control_Salt 3h_Rep2	Illumina HiSeq 2500 sequencing; Illumina HiSeq 2500 sequencing of SAMD00045336	RNA-seq analysis for transcriptome changes during Pep1-induced salt tolerance in Arabidopsis	Illumina HiSeq 2500 sequencing; Illumina HiSeq 2500 sequencing of SAMD00045336	Five-day-old seedlings mock-treated for 3 days before their exposure to 150 mM NaCl for 3 h	cae28008e7f895d55010fcb2004f11fc	562245911	ftp.sra.ebi.ac.uk/vol1/fastq/DRR051/DRR051770/DRR051770.fastq.gz	ftp.sra.ebi.ac.uk/vol1/fastq/DRR051/DRR051770/DRR051770.fastq.gz	fasp.sra.ebi.ac.uk:/vol1/fastq/DRR051/DRR051770/DRR051770.fastq.gz
SAMD00045337	DRR051771	DRX046663	SAMD00045337	DRS246274	PRJDB4489	DRP008771	PRJNA9506	DRA004299	DRR051771	DRX046663	SAMD00045337	DRP008771	SINGLE	RANDOM	TRANSCRIPTOMIC	RNA-Seq		Illumina HiSeq 2500	ILLUMINA	668394200.0	13367884.0	3702	Arabidopsis thaliana	pepr1 pepr2_Control_Salt 3h_Rep3	Illumina HiSeq 2500 sequencing; Illumina HiSeq 2500 sequencing of SAMD00045337	RNA-seq analysis for transcriptome changes during Pep1-induced salt tolerance in Arabidopsis	Illumina HiSeq 2500 sequencing; Illumina HiSeq 2500 sequencing of SAMD00045337	Five-day-old seedlings mock-treated for 3 days before their exposure to 150 mM NaCl for 3 h	d939d1f38ce1bc5b56cfe9cc0f4a3de2	576226438	ftp.sra.ebi.ac.uk/vol1/fastq/DRR051/DRR051771/DRR051771.fastq.gz	ftp.sra.ebi.ac.uk/vol1/fastq/DRR051/DRR051771/DRR051771.fastq.gz	fasp.sra.ebi.ac.uk:/vol1/fastq/DRR051/DRR051771/DRR051771.fastq.gz
SAMD00045338	DRR051772	DRX046664	SAMD00045338	DRS246275	PRJDB4489	DRP008771	PRJNA9506	DRA004299	DRR051772	DRX046664	SAMD00045338	DRP008771	SINGLE	RANDOM	TRANSCRIPTOMIC	RNA-Seq		Illumina HiSeq 2500	ILLUMINA	676806350.0	13536127.0	3702	Arabidopsis thaliana	pepr1 pepr2_Pep1_Salt 3h_Rep1	Illumina HiSeq 2500 sequencing; Illumina HiSeq 2500 sequencing of SAMD00045338	RNA-seq analysis for transcriptome changes during Pep1-induced salt tolerance in Arabidopsis	Illumina HiSeq 2500 sequencing; Illumina HiSeq 2500 sequencing of SAMD00045338	Five-day-old seedlings treated with 0.1 micromolar Pep1 for 3 days before their exposure to 150 mM NaCl for 3 h	0c97803b6071f76a7841e975e4e95190	571417688	ftp.sra.ebi.ac.uk/vol1/fastq/DRR051/DRR051772/DRR051772.fastq.gz	ftp.sra.ebi.ac.uk/vol1/fastq/DRR051/DRR051772/DRR051772.fastq.gz	fasp.sra.ebi.ac.uk:/vol1/fastq/DRR051/DRR051772/DRR051772.fastq.gz
SAMD00045339	DRR051773	DRX046665	SAMD00045339	DRS246276	PRJDB4489	DRP008771	PRJNA9506	DRA004299	DRR051773	DRX046665	SAMD00045339	DRP008771	SINGLE	RANDOM	TRANSCRIPTOMIC	RNA-Seq		Illumina HiSeq 2500	ILLUMINA	641808400.0	12836168.0	3702	Arabidopsis thaliana	pepr1 pepr2_Pep1_Salt 3h_Rep2	Illumina HiSeq 2500 sequencing; Illumina HiSeq 2500 sequencing of SAMD00045339	RNA-seq analysis for transcriptome changes during Pep1-induced salt tolerance in Arabidopsis	Illumina HiSeq 2500 sequencing; Illumina HiSeq 2500 sequencing of SAMD00045339	Five-day-old seedlings treated with 0.1 micromolar Pep1 for 3 days before their exposure to 150 mM NaCl for 3 h	b5a3a158a0c6e770e178ba25249f2f35	537063827	ftp.sra.ebi.ac.uk/vol1/fastq/DRR051/DRR051773/DRR051773.fastq.gz	ftp.sra.ebi.ac.uk/vol1/fastq/DRR051/DRR051773/DRR051773.fastq.gz	fasp.sra.ebi.ac.uk:/vol1/fastq/DRR051/DRR051773/DRR051773.fastq.gz
SAMD00045340	DRR051774	DRX046666	SAMD00045340	DRS246277	PRJDB4489	DRP008771	PRJNA9506	DRA004299	DRR051774	DRX046666	SAMD00045340	DRP008771	SINGLE	RANDOM	TRANSCRIPTOMIC	RNA-Seq		Illumina HiSeq 2500	ILLUMINA	703344750.0	14066895.0	3702	Arabidopsis thaliana	pepr1 pepr2_Pep1_Salt 3h_Rep3	Illumina HiSeq 2500 sequencing; Illumina HiSeq 2500 sequencing of SAMD00045340	RNA-seq analysis for transcriptome changes during Pep1-induced salt tolerance in Arabidopsis	Illumina HiSeq 2500 sequencing; Illumina HiSeq 2500 sequencing of SAMD00045340	Five-day-old seedlings treated with 0.1 micromolar Pep1 for 3 days before their exposure to 150 mM NaCl for 3 h	ae441eb580346357db1adecfeec7744d	598314158	ftp.sra.ebi.ac.uk/vol1/fastq/DRR051/DRR051774/DRR051774.fastq.gz	ftp.sra.ebi.ac.uk/vol1/fastq/DRR051/DRR051774/DRR051774.fastq.gz	fasp.sra.ebi.ac.uk:/vol1/fastq/DRR051/DRR051774/DRR051774.fastq.gz
SAMD00045341	DRR051775	DRX046667	SAMD00045341	DRS246278	PRJDB4489	DRP008771	PRJNA9506	DRA004299	DRR051775	DRX046667	SAMD00045341	DRP008771	SINGLE	RANDOM	TRANSCRIPTOMIC	RNA-Seq		Illumina HiSeq 2500	ILLUMINA	664755450.0	13295109.0	3702	Arabidopsis thaliana	WT_Control_Salt 24h_Rep1	Illumina HiSeq 2500 sequencing; Illumina HiSeq 2500 sequencing of SAMD00045341	RNA-seq analysis for transcriptome changes during Pep1-induced salt tolerance in Arabidopsis	Illumina HiSeq 2500 sequencing; Illumina HiSeq 2500 sequencing of SAMD00045341	Five-day-old seedlings mock-treated for 3 days before their exposure to 150 mM NaCl for 24 h	bbc7aa30460a52b5ecd734578ebaa9d2	568083757	ftp.sra.ebi.ac.uk/vol1/fastq/DRR051/DRR051775/DRR051775.fastq.gz	ftp.sra.ebi.ac.uk/vol1/fastq/DRR051/DRR051775/DRR051775.fastq.gz	fasp.sra.ebi.ac.uk:/vol1/fastq/DRR051/DRR051775/DRR051775.fastq.gz
SAMD00045342	DRR051776	DRX046668	SAMD00045342	DRS246279	PRJDB4489	DRP008771	PRJNA9506	DRA004299	DRR051776	DRX046668	SAMD00045342	DRP008771	SINGLE	RANDOM	TRANSCRIPTOMIC	RNA-Seq		Illumina HiSeq 2500	ILLUMINA	576046450.0	11520929.0	3702	Arabidopsis thaliana	WT_Control_Salt 24h_Rep2	Illumina HiSeq 2500 sequencing; Illumina HiSeq 2500 sequencing of SAMD00045342	RNA-seq analysis for transcriptome changes during Pep1-induced salt tolerance in Arabidopsis	Illumina HiSeq 2500 sequencing; Illumina HiSeq 2500 sequencing of SAMD00045342	Five-day-old seedlings mock-treated for 3 days before their exposure to 150 mM NaCl for 24 h	7c113470e5f58acf8288c617a9372cfe	491735453	ftp.sra.ebi.ac.uk/vol1/fastq/DRR051/DRR051776/DRR051776.fastq.gz	ftp.sra.ebi.ac.uk/vol1/fastq/DRR051/DRR051776/DRR051776.fastq.gz	fasp.sra.ebi.ac.uk:/vol1/fastq/DRR051/DRR051776/DRR051776.fastq.gz
SAMD00045343	DRR051777	DRX046669	SAMD00045343	DRS246280	PRJDB4489	DRP008771	PRJNA9506	DRA004299	DRR051777	DRX046669	SAMD00045343	DRP008771	SINGLE	RANDOM	TRANSCRIPTOMIC	RNA-Seq		Illumina HiSeq 2500	ILLUMINA	587285500.0	11745710.0	3702	Arabidopsis thaliana	WT_Control_Salt 24h_Rep3	Illumina HiSeq 2500 sequencing; Illumina HiSeq 2500 sequencing of SAMD00045343	RNA-seq analysis for transcriptome changes during Pep1-induced salt tolerance in Arabidopsis	Illumina HiSeq 2500 sequencing; Illumina HiSeq 2500 sequencing of SAMD00045343	Five-day-old seedlings mock-treated for 3 days before their exposure to 150 mM NaCl for 24 h	109da33031461bcbf3ec1ad372a385ee	501176991	ftp.sra.ebi.ac.uk/vol1/fastq/DRR051/DRR051777/DRR051777.fastq.gz	ftp.sra.ebi.ac.uk/vol1/fastq/DRR051/DRR051777/DRR051777.fastq.gz	fasp.sra.ebi.ac.uk:/vol1/fastq/DRR051/DRR051777/DRR051777.fastq.gz
SAMD00045344	DRR051778	DRX046670	SAMD00045344	DRS246281	PRJDB4489	DRP008771	PRJNA9506	DRA004299	DRR051778	DRX046670	SAMD00045344	DRP008771	SINGLE	RANDOM	TRANSCRIPTOMIC	RNA-Seq		Illumina HiSeq 2500	ILLUMINA	557792250.0	11155845.0	3702	Arabidopsis thaliana	WT_Pep1_Salt 24h_Rep1	Illumina HiSeq 2500 sequencing; Illumina HiSeq 2500 sequencing of SAMD00045344	RNA-seq analysis for transcriptome changes during Pep1-induced salt tolerance in Arabidopsis	Illumina HiSeq 2500 sequencing; Illumina HiSeq 2500 sequencing of SAMD00045344	Five-day-old seedlings treated with 0.1 micromolar Pep1 for 3 days before their exposure to 150 mM NaCl for 24 h	99b3ec9e03bbf93b9931ae7ef7776a12	476143087	ftp.sra.ebi.ac.uk/vol1/fastq/DRR051/DRR051778/DRR051778.fastq.gz	ftp.sra.ebi.ac.uk/vol1/fastq/DRR051/DRR051778/DRR051778.fastq.gz	fasp.sra.ebi.ac.uk:/vol1/fastq/DRR051/DRR051778/DRR051778.fastq.gz
SAMD00045345	DRR051779	DRX046671	SAMD00045345	DRS246282	PRJDB4489	DRP008771	PRJNA9506	DRA004299	DRR051779	DRX046671	SAMD00045345	DRP008771	SINGLE	RANDOM	TRANSCRIPTOMIC	RNA-Seq		Illumina HiSeq 2500	ILLUMINA	642241750.0	12844835.0	3702	Arabidopsis thaliana	WT_Pep1_Salt 24h_Rep2	Illumina HiSeq 2500 sequencing; Illumina HiSeq 2500 sequencing of SAMD00045345	RNA-seq analysis for transcriptome changes during Pep1-induced salt tolerance in Arabidopsis	Illumina HiSeq 2500 sequencing; Illumina HiSeq 2500 sequencing of SAMD00045345	Five-day-old seedlings treated with 0.1 micromolar Pep1 for 3 days before their exposure to 150 mM NaCl for 24 h	ccbf541c1714fc25dbaec65209193659	550182667	ftp.sra.ebi.ac.uk/vol1/fastq/DRR051/DRR051779/DRR051779.fastq.gz	ftp.sra.ebi.ac.uk/vol1/fastq/DRR051/DRR051779/DRR051779.fastq.gz	fasp.sra.ebi.ac.uk:/vol1/fastq/DRR051/DRR051779/DRR051779.fastq.gz
SAMD00045346	DRR051780	DRX046672	SAMD00045346	DRS246283	PRJDB4489	DRP008771	PRJNA9506	DRA004299	DRR051780	DRX046672	SAMD00045346	DRP008771	SINGLE	RANDOM	TRANSCRIPTOMIC	RNA-Seq		Illumina HiSeq 2500	ILLUMINA	609155450.0	12183109.0	3702	Arabidopsis thaliana	WT_Pep1_Salt 24h_Rep3	Illumina HiSeq 2500 sequencing; Illumina HiSeq 2500 sequencing of SAMD00045346	RNA-seq analysis for transcriptome changes during Pep1-induced salt tolerance in Arabidopsis	Illumina HiSeq 2500 sequencing; Illumina HiSeq 2500 sequencing of SAMD00045346	Five-day-old seedlings treated with 0.1 micromolar Pep1 for 3 days before their exposure to 150 mM NaCl for 24 h	a6a430b0e684be745c75cd5c5f38aeba	519960436	ftp.sra.ebi.ac.uk/vol1/fastq/DRR051/DRR051780/DRR051780.fastq.gz	ftp.sra.ebi.ac.uk/vol1/fastq/DRR051/DRR051780/DRR051780.fastq.gz	fasp.sra.ebi.ac.uk:/vol1/fastq/DRR051/DRR051780/DRR051780.fastq.gz
SAMD00045347	DRR051781	DRX046673	SAMD00045347	DRS246284	PRJDB4489	DRP008771	PRJNA9506	DRA004299	DRR051781	DRX046673	SAMD00045347	DRP008771	SINGLE	RANDOM	TRANSCRIPTOMIC	RNA-Seq		Illumina HiSeq 2500	ILLUMINA	650037150.0	13000743.0	3702	Arabidopsis thaliana	pepr1 pepr2_Control_Salt 24h_Rep1	Illumina HiSeq 2500 sequencing; Illumina HiSeq 2500 sequencing of SAMD00045347	RNA-seq analysis for transcriptome changes during Pep1-induced salt tolerance in Arabidopsis	Illumina HiSeq 2500 sequencing; Illumina HiSeq 2500 sequencing of SAMD00045347	Five-day-old seedlings mock-treated for 3 days before their exposure to 150 mM NaCl for 24 h	af0a0afb668f5006e39b87745e3384b6	555701198	ftp.sra.ebi.ac.uk/vol1/fastq/DRR051/DRR051781/DRR051781.fastq.gz	ftp.sra.ebi.ac.uk/vol1/fastq/DRR051/DRR051781/DRR051781.fastq.gz	fasp.sra.ebi.ac.uk:/vol1/fastq/DRR051/DRR051781/DRR051781.fastq.gz
SAMD00045348	DRR051782	DRX046674	SAMD00045348	DRS246285	PRJDB4489	DRP008771	PRJNA9506	DRA004299	DRR051782	DRX046674	SAMD00045348	DRP008771	SINGLE	RANDOM	TRANSCRIPTOMIC	RNA-Seq		Illumina HiSeq 2500	ILLUMINA	605824000.0	12116480.0	3702	Arabidopsis thaliana	pepr1 pepr2_Control_Salt 24h_Rep2	Illumina HiSeq 2500 sequencing; Illumina HiSeq 2500 sequencing of SAMD00045348	RNA-seq analysis for transcriptome changes during Pep1-induced salt tolerance in Arabidopsis	Illumina HiSeq 2500 sequencing; Illumina HiSeq 2500 sequencing of SAMD00045348	Five-day-old seedlings mock-treated for 3 days before their exposure to 150 mM NaCl for 24 h	9184ab2eff6a2401eaea718d2fedd606	518578150	ftp.sra.ebi.ac.uk/vol1/fastq/DRR051/DRR051782/DRR051782.fastq.gz	ftp.sra.ebi.ac.uk/vol1/fastq/DRR051/DRR051782/DRR051782.fastq.gz	fasp.sra.ebi.ac.uk:/vol1/fastq/DRR051/DRR051782/DRR051782.fastq.gz
SAMD00045349	DRR051783	DRX046675	SAMD00045349	DRS246286	PRJDB4489	DRP008771	PRJNA9506	DRA004299	DRR051783	DRX046675	SAMD00045349	DRP008771	SINGLE	RANDOM	TRANSCRIPTOMIC	RNA-Seq		Illumina HiSeq 2500	ILLUMINA	590138050.0	11802761.0	3702	Arabidopsis thaliana	pepr1 pepr2_Control_Salt 24h_Rep3	Illumina HiSeq 2500 sequencing; Illumina HiSeq 2500 sequencing of SAMD00045349	RNA-seq analysis for transcriptome changes during Pep1-induced salt tolerance in Arabidopsis	Illumina HiSeq 2500 sequencing; Illumina HiSeq 2500 sequencing of SAMD00045349	Five-day-old seedlings mock-treated for 3 days before their exposure to 150 mM NaCl for 24 h	14220d2faf64b8b85d27d953280fad7f	504748628	ftp.sra.ebi.ac.uk/vol1/fastq/DRR051/DRR051783/DRR051783.fastq.gz	ftp.sra.ebi.ac.uk/vol1/fastq/DRR051/DRR051783/DRR051783.fastq.gz	fasp.sra.ebi.ac.uk:/vol1/fastq/DRR051/DRR051783/DRR051783.fastq.gz
SAMD00045350	DRR051784	DRX046676	SAMD00045350	DRS246287	PRJDB4489	DRP008771	PRJNA9506	DRA004299	DRR051784	DRX046676	SAMD00045350	DRP008771	SINGLE	RANDOM	TRANSCRIPTOMIC	RNA-Seq		Illumina HiSeq 2500	ILLUMINA	618078200.0	12361564.0	3702	Arabidopsis thaliana	pepr1 pepr2_Pep1_Salt 24h_Rep1	Illumina HiSeq 2500 sequencing; Illumina HiSeq 2500 sequencing of SAMD00045350	RNA-seq analysis for transcriptome changes during Pep1-induced salt tolerance in Arabidopsis	Illumina HiSeq 2500 sequencing; Illumina HiSeq 2500 sequencing of SAMD00045350	Five-day-old seedlings treated with 0.1 micromolar Pep1 for 3 days before their exposure to 150 mM NaCl for 24 h	2d7a9e5142910a9d51c3e6d603825f9c	524345370	ftp.sra.ebi.ac.uk/vol1/fastq/DRR051/DRR051784/DRR051784.fastq.gz	ftp.sra.ebi.ac.uk/vol1/fastq/DRR051/DRR051784/DRR051784.fastq.gz	fasp.sra.ebi.ac.uk:/vol1/fastq/DRR051/DRR051784/DRR051784.fastq.gz
SAMD00045351	DRR051785	DRX046677	SAMD00045351	DRS246288	PRJDB4489	DRP008771	PRJNA9506	DRA004299	DRR051785	DRX046677	SAMD00045351	DRP008771	SINGLE	RANDOM	TRANSCRIPTOMIC	RNA-Seq		Illumina HiSeq 2500	ILLUMINA	619941400.0	12398828.0	3702	Arabidopsis thaliana	pepr1 pepr2_Pep1_Salt 24h_Rep2	Illumina HiSeq 2500 sequencing; Illumina HiSeq 2500 sequencing of SAMD00045351	RNA-seq analysis for transcriptome changes during Pep1-induced salt tolerance in Arabidopsis	Illumina HiSeq 2500 sequencing; Illumina HiSeq 2500 sequencing of SAMD00045351	Five-day-old seedlings treated with 0.1 micromolar Pep1 for 3 days before their exposure to 150 mM NaCl for 24 h	7158402837aa3d45a2d4176037c0270d	533322831	ftp.sra.ebi.ac.uk/vol1/fastq/DRR051/DRR051785/DRR051785.fastq.gz	ftp.sra.ebi.ac.uk/vol1/fastq/DRR051/DRR051785/DRR051785.fastq.gz	fasp.sra.ebi.ac.uk:/vol1/fastq/DRR051/DRR051785/DRR051785.fastq.gz
SAMD00045352	DRR051786	DRX046678	SAMD00045352	DRS246289	PRJDB4489	DRP008771	PRJNA9506	DRA004299	DRR051786	DRX046678	SAMD00045352	DRP008771	SINGLE	RANDOM	TRANSCRIPTOMIC	RNA-Seq		Illumina HiSeq 2500	ILLUMINA	665797100.0	13315942.0	3702	Arabidopsis thaliana	pepr1 pepr2_Pep1_Salt 24h_Rep3	Illumina HiSeq 2500 sequencing; Illumina HiSeq 2500 sequencing of SAMD00045352	RNA-seq analysis for transcriptome changes during Pep1-induced salt tolerance in Arabidopsis	Illumina HiSeq 2500 sequencing; Illumina HiSeq 2500 sequencing of SAMD00045352	Five-day-old seedlings treated with 0.1 micromolar Pep1 for 3 days before their exposure to 150 mM NaCl for 24 h	4dba11ffbdaf49e943f04092b96c6517	569466412	ftp.sra.ebi.ac.uk/vol1/fastq/DRR051/DRR051786/DRR051786.fastq.gz	ftp.sra.ebi.ac.uk/vol1/fastq/DRR051/DRR051786/DRR051786.fastq.gz	fasp.sra.ebi.ac.uk:/vol1/fastq/DRR051/DRR051786/DRR051786.fastq.gz
